{
	"credit": "Made by Sawors",
	"textures": {
		"3": "block/post_oak",
		"particle": "block/post_oak"
	},
	"elements": [
		{
			"name": "Center post",
			"from": [6, 0, 6],
			"to": [10, 16, 10],
			"faces": {
				"north": {"uv": [5, 0, 9, 16], "texture": "#3"},
				"east": {"uv": [0, 0, 4, 16], "texture": "#3"},
				"south": {"uv": [0, 0, 4, 16], "texture": "#3"},
				"west": {"uv": [5, 0, 9, 16], "texture": "#3"},
				"up": {"uv": [10, 0, 14, 4], "texture": "#3", "cullface": "up"},
				"down": {"uv": [10, 5, 14, 9], "texture": "#3", "cullface": "down"}
			}
		}
	]
}