{
	"credit": "Made by Sawors",
	"textures": {
		"0": "item/soul_lantern",
		"particle": "item/soul_lantern"
	},
	"elements": [
		{
			"from": [5, 0, 5],
			"to": [11, 7, 11],
			"rotation": {"angle": 0, "axis": "y", "origin": [15, 8, 15]},
			"faces": {
				"north": {"uv": [5, 7, 11, 14], "texture": "#0"},
				"east": {"uv": [5, 7, 11, 14], "texture": "#0"},
				"south": {"uv": [5, 7, 11, 14], "texture": "#0"},
				"west": {"uv": [5, 7, 11, 14], "texture": "#0"},
				"up": {"uv": [5, 7, 6, 8], "texture": "#0"},
				"down": {"uv": [5, 7, 6, 8], "texture": "#0"}
			}
		},
		{
			"from": [6, 7, 6],
			"to": [10, 9, 10],
			"rotation": {"angle": 0, "axis": "y", "origin": [15, 15, 15]},
			"faces": {
				"north": {"uv": [6, 5, 10, 7], "texture": "#0"},
				"east": {"uv": [6, 5, 10, 7], "texture": "#0"},
				"south": {"uv": [6, 5, 10, 7], "texture": "#0"},
				"west": {"uv": [6, 5, 10, 7], "texture": "#0"},
				"up": {"uv": [7, 5, 8, 6], "texture": "#0"},
				"down": {"uv": [5, 7, 6, 8], "texture": "#0"}
			}
		},
		{
			"from": [6, 9, 7.5],
			"to": [10, 11, 8.5],
			"rotation": {"angle": 0, "axis": "y", "origin": [15, 17, 15.5]},
			"faces": {
				"north": {"uv": [7, 2, 9, 6], "rotation": 90, "texture": "#0"},
				"east": {"uv": [7, 4, 8, 6], "texture": "#0"},
				"south": {"uv": [7, 2, 9, 6], "rotation": 90, "texture": "#0"},
				"west": {"uv": [7, 2, 8, 4], "texture": "#0"},
				"up": {"uv": [8, 5, 9, 6], "texture": "#0"},
				"down": {"uv": [5, 7, 6, 8], "texture": "#0"}
			}
		}
	],
	"display": {
		"thirdperson_righthand": {
			"rotation": [67.5, 0, 0],
			"translation": [0, -1, -1.5],
			"scale": [0.75, 0.75, 0.75]
		},
		"thirdperson_lefthand": {
			"rotation": [67.5, 0, 0],
			"translation": [0, -1, -1.5],
			"scale": [0.75, 0.75, 0.75]
		},
		"ground": {
			"rotation": [-90, 0, 0],
			"translation": [0, 0, -7]
		},
		"gui": {
			"rotation": [23, 45, 0],
			"translation": [0, 2.75, 0]
		},
		"head": {
			"translation": [0, 15.25, 0]
		},
		"fixed": {
			"translation": [0, 4, 0],
			"scale": [1.5, 1.5, 1.5]
		}
	}
}