{
	"credit": "Made by Sawors",
	"textures": {
		"body": "item/rings/base_gold"
	},
	"elements": [
		{
			"from": [6, 0, 7],
			"to": [10, 0, 8],
			"faces": {
				"north": {"uv": [0, 0, 4, 0], "texture": "#missing"},
				"east": {"uv": [0, 0, 1, 0], "texture": "#missing"},
				"south": {"uv": [0, 0, 4, 0], "texture": "#missing"},
				"west": {"uv": [0, 0, 1, 0], "texture": "#missing"},
				"up": {"uv": [6, 11, 10, 12], "texture": "#body"},
				"down": {"uv": [6, 11, 10, 12], "texture": "#body"}
			}
		},
		{
			"from": [6, 0, 8],
			"to": [10, 0, 9],
			"faces": {
				"north": {"uv": [0, 0, 4, 0], "texture": "#missing"},
				"east": {"uv": [0, 0, 1, 0], "texture": "#missing"},
				"south": {"uv": [0, 0, 4, 0], "texture": "#missing"},
				"west": {"uv": [0, 0, 1, 0], "texture": "#missing"},
				"up": {"uv": [6, 11, 10, 12], "texture": "#body"},
				"down": {"uv": [10, 7, 11, 11], "rotation": 270, "texture": "#body"}
			}
		},
		{
			"from": [7, 1, 8],
			"to": [9, 3, 8],
			"faces": {
				"south": {"uv": [4, 5, 12, 13], "texture": "#body"}
			}
		},
		{
			"from": [6, 4, 7],
			"to": [10, 4, 8],
			"faces": {
				"north": {"uv": [0, 0, 4, 0], "texture": "#missing"},
				"east": {"uv": [0, 0, 1, 0], "texture": "#missing"},
				"south": {"uv": [0, 0, 4, 0], "texture": "#missing"},
				"west": {"uv": [0, 0, 1, 0], "texture": "#missing"},
				"up": {"uv": [6, 6, 10, 7], "texture": "#body"},
				"down": {"uv": [6, 6, 10, 7], "texture": "#body"}
			}
		},
		{
			"from": [6, 4, 8],
			"to": [10, 4, 9],
			"faces": {
				"north": {"uv": [0, 0, 4, 0], "texture": "#missing"},
				"east": {"uv": [0, 0, 1, 0], "texture": "#missing"},
				"south": {"uv": [0, 0, 4, 0], "texture": "#missing"},
				"west": {"uv": [0, 0, 1, 0], "texture": "#missing"},
				"up": {"uv": [5, 7, 6, 11], "rotation": 270, "texture": "#body"},
				"down": {"uv": [6, 6, 10, 7], "texture": "#body"}
			}
		},
		{
			"from": [6, 0, 7],
			"to": [6, 4, 8],
			"faces": {
				"north": {"uv": [0, 0, 4, 0], "texture": "#missing"},
				"east": {"uv": [5, 7, 6, 11], "texture": "#body"},
				"south": {"uv": [0, 0, 4, 0], "texture": "#missing"},
				"west": {"uv": [5, 7, 6, 11], "texture": "#body"}
			}
		},
		{
			"from": [6, 0, 8],
			"to": [6, 4, 9],
			"faces": {
				"north": {"uv": [0, 0, 4, 0], "texture": "#missing"},
				"east": {"uv": [5, 7, 6, 11], "texture": "#body"},
				"south": {"uv": [0, 0, 4, 0], "texture": "#missing"},
				"west": {"uv": [6, 6, 10, 7], "rotation": 90, "texture": "#body"}
			}
		},
		{
			"from": [10, 0, 7],
			"to": [10, 4, 8],
			"faces": {
				"north": {"uv": [0, 0, 4, 0], "texture": "#missing"},
				"east": {"uv": [10, 7, 11, 11], "texture": "#body"},
				"south": {"uv": [0, 0, 4, 0], "texture": "#missing"},
				"west": {"uv": [10, 7, 11, 11], "texture": "#body"}
			}
		},
		{
			"from": [10, 0, 8],
			"to": [10, 4, 9],
			"faces": {
				"north": {"uv": [0, 0, 4, 0], "texture": "#missing"},
				"east": {"uv": [6, 11, 10, 12], "rotation": 90, "texture": "#body"},
				"south": {"uv": [0, 0, 4, 0], "texture": "#missing"},
				"west": {"uv": [10, 7, 11, 11], "texture": "#body"}
			}
		}
	],
	"gui_light": "front",
	"display": {
		"thirdperson_righthand": {
			"translation": [0, 4.25, 2.25],
			"scale": [1.05, 1.05, 1]
		},
		"thirdperson_lefthand": {
			"translation": [0, 4.25, 2.25],
			"scale": [1.05, 1.05, 1]
		},
		"firstperson_righthand": {
			"translation": [0, 4.25, 2.25],
			"scale": [1.05, 1.05, 1]
		},
		"firstperson_lefthand": {
			"translation": [0, 4.25, 2.25],
			"scale": [1.05, 1.05, 1]
		},
		"ground": {
			"translation": [0, 8, 0]
		},
		"gui": {
			"translation": [0, 23, 0],
			"scale": [4, 4, 4]
		},
		"head": {
			"rotation": [90, 0, -180],
			"translation": [0, 6.5, -9],
			"scale": [1.5, 1.5, 2]
		},
		"fixed": {
			"translation": [0, 12, -2],
			"scale": [2, 2, 2]
		}
	}
}