{
	"credit": "Made by Sawors",
	"texture_size": [32, 32],
	"textures": {
		"0": "item/book",
		"particle": "item/book"
	},
	"elements": [
		{
			"name": "coverdown",
			"from": [5, 7, 3],
			"to": [12, 7, 13],
			"rotation": {"angle": 0, "axis": "z", "origin": [5, 9, 8]},
			"faces": {
				"north": {"uv": [0, 0, 6, 0], "texture": "#0"},
				"east": {"uv": [0, 0, 10, 0], "texture": "#0"},
				"south": {"uv": [0, 0, 6, 0], "texture": "#0"},
				"west": {"uv": [0, 0, 10, 0], "texture": "#0"},
				"up": {"uv": [3.5, 0, 7, 5], "texture": "#0"},
				"down": {"uv": [3.5, 5, 7, 0], "texture": "#0"}
			}
		},
		{
			"name": "pagedown",
			"from": [5, 7, 4],
			"to": [11, 9, 12],
			"rotation": {"angle": 0, "axis": "z", "origin": [5, 9, 8]},
			"faces": {
				"north": {"uv": [8, 5, 9, 8], "rotation": 90, "texture": "#0"},
				"east": {"uv": [6.5, 5, 7.5, 9], "rotation": 90, "texture": "#0"},
				"south": {"uv": [8, 5, 9, 8], "rotation": 90, "texture": "#0"},
				"up": {"uv": [3, 5, 6, 9], "texture": "#0"}
			}
		},
		{
			"name": "down",
			"from": [5, 7, 3],
			"to": [5, 9, 13],
			"rotation": {"angle": 0, "axis": "z", "origin": [5, 9, 8]},
			"faces": {
				"north": {"uv": [0, 0, 0, 2], "texture": "#0"},
				"east": {"uv": [7.5, 0, 8.5, 5], "rotation": 90, "texture": "#0"},
				"south": {"uv": [0, 0, 0, 2], "texture": "#0"},
				"west": {"uv": [7, 0, 8, 5], "rotation": 270, "texture": "#0"},
				"up": {"uv": [0, 1, 0, 11], "texture": "#0"},
				"down": {"uv": [0, 0, 10, 0], "rotation": 90, "texture": "#0"}
			}
		},
		{
			"name": "markerup",
			"from": [5, 8.1, 4],
			"to": [6, 8.1, 9],
			"rotation": {"angle": 0, "axis": "z", "origin": [5, 9, 8]},
			"faces": {
				"north": {"uv": [0, 0, 2, 0], "texture": "#0"},
				"east": {"uv": [0, 0, 2, 0], "texture": "#0"},
				"south": {"uv": [0, 0, 2, 0], "texture": "#0"},
				"west": {"uv": [0, 0, 2, 0], "texture": "#0"},
				"up": {"uv": [8.5, 0, 9, 2.5], "texture": "#0"},
				"down": {"uv": [9, 0, 9.5, 2.5], "texture": "#0"}
			}
		},
		{
			"name": "seal",
			"from": [12, 7, 6],
			"to": [12, 10, 8],
			"rotation": {"angle": 0, "axis": "z", "origin": [5, 9, 8]},
			"faces": {
				"north": {"uv": [0, 0, 0, 3], "texture": "#0"},
				"east": {"uv": [9.5, 0, 10.5, 1.5], "texture": "#0"},
				"south": {"uv": [0, 0, 0, 2], "texture": "#0"},
				"west": {"uv": [9.5, 0, 10.5, 1.5], "texture": "#0"},
				"up": {"uv": [0, 0, 0, 2], "texture": "#0"},
				"down": {"uv": [0, 0, 0, 1], "texture": "#0"}
			}
		},
		{
			"name": "markerdown",
			"from": [6, 8.1, 9],
			"to": [7, 8.1, 14],
			"rotation": {"angle": 0, "axis": "z", "origin": [5, 9, 8]},
			"faces": {
				"north": {"uv": [0, 0, 2, 0], "texture": "#0"},
				"east": {"uv": [0, 0, 2, 0], "texture": "#0"},
				"south": {"uv": [0, 0, 2, 0], "texture": "#0"},
				"west": {"uv": [0, 0, 2, 0], "texture": "#0"},
				"up": {"uv": [9, 1.5, 9.5, 4], "texture": "#0"},
				"down": {"uv": [8.5, 1.5, 9, 4], "texture": "#0"}
			}
		},
		{
			"name": "back_up",
			"from": [5, 9, 3],
			"to": [5, 10, 13],
			"rotation": {"angle": 0, "axis": "z", "origin": [5, 9, 8]},
			"faces": {
				"north": {"uv": [0, 0, 0, 2], "texture": "#0"},
				"east": {"uv": [7, 0, 7.5, 5], "rotation": 90, "texture": "#0"},
				"south": {"uv": [0, 0, 0, 2], "texture": "#0"},
				"west": {"uv": [8, 0, 8.5, 5], "rotation": 270, "texture": "#0"},
				"up": {"uv": [0, 1, 0, 11], "texture": "#0"},
				"down": {"uv": [0, 0, 10, 0], "rotation": 90, "texture": "#0"}
			}
		},
		{
			"name": "coverup",
			"from": [5, 10, 3],
			"to": [12, 10, 13],
			"rotation": {"angle": 0, "axis": "z", "origin": [5, 9, 8]},
			"faces": {
				"north": {"uv": [0, 0, 6, 0], "texture": "#0"},
				"east": {"uv": [0, 0, 10, 0], "texture": "#0"},
				"south": {"uv": [0, 0, 6, 0], "texture": "#0"},
				"west": {"uv": [0, 0, 10, 0], "texture": "#0"},
				"up": {"uv": [0, 0, 3.5, 5], "texture": "#0"},
				"down": {"uv": [0, 5, 3.5, 0], "texture": "#0"}
			}
		},
		{
			"name": "pageup",
			"from": [5, 9, 4],
			"to": [11, 10, 12],
			"rotation": {"angle": 0, "axis": "z", "origin": [5, 9, 8]},
			"faces": {
				"north": {"uv": [7.5, 5, 8, 8], "rotation": 90, "texture": "#0"},
				"east": {"uv": [6, 5, 6.5, 9], "rotation": 90, "texture": "#0"},
				"south": {"uv": [7.5, 5, 8, 8], "rotation": 90, "texture": "#0"},
				"down": {"uv": [0, 5, 3, 9], "texture": "#0"}
			}
		}
	],
	"display": {
		"thirdperson_righthand": {
			"rotation": [-90, -180, -90],
			"translation": [0.5, -2, -0.5],
			"scale": [0.75, 0.75, 0.75]
		},
		"thirdperson_lefthand": {
			"rotation": [-90, -180, 90],
			"translation": [-0.25, -2, -0.25],
			"scale": [0.75, 0.75, 0.75]
		},
		"firstperson_righthand": {
			"rotation": [50, 0, 50],
			"translation": [-3.25, 3.25, 6],
			"scale": [0.75, 0.75, 0.75]
		},
		"firstperson_lefthand": {
			"rotation": [50, 0, 50],
			"translation": [-3.25, 3.25, 6],
			"scale": [0.75, 0.75, 0.75]
		},
		"ground": {
			"translation": [0, 0.25, 0],
			"scale": [0.9, 0.9, 0.9]
		},
		"gui": {
			"rotation": [-115, -154, -159],
			"translation": [-0.25, 0, 0],
			"scale": [1.25, 1.25, 1.25]
		},
		"head": {
			"rotation": [0, -90, 0],
			"translation": [0, 8.25, 0]
		},
		"fixed": {
			"rotation": [90, 0, -180],
			"translation": [0, 0, -1.75],
			"scale": [1.5, 1.5, 1.5]
		}
	},
	"groups": [
		{
			"name": "down",
			"origin": [13, 8, 4],
			"color": 0,
			"children": [0, 1, 2, 3, 4, 5]
		},
		{
			"name": "up",
			"origin": [13, 8, 4],
			"color": 0,
			"children": [6, 7, 8]
		}
	]
}