{
	"credit": "Made by Sawors",
	"texture_size": [32, 32],
	"textures": {
		"particle": "item/book",
		"book": "item/book"
	},
	"elements": [
		{
			"name": "coverdown",
			"from": [4.5, 7, 3],
			"to": [11.5, 7.5, 13],
			"rotation": {"angle": 0, "axis": "z", "origin": [4.5, 9, 8]},
			"faces": {
				"north": {"uv": [3.5, 0, 7, 0.25], "texture": "#book"},
				"east": {"uv": [6.5, 0, 6.75, 5], "rotation": 90, "texture": "#book"},
				"south": {"uv": [3.5, 4.5, 7, 4.75], "texture": "#book"},
				"west": {"uv": [7.05, 5, 7.3, 0], "rotation": 90, "texture": "#book"},
				"up": {"uv": [3.5, 0, 7, 5], "texture": "#book"},
				"down": {"uv": [3.5, 5, 7, 0], "texture": "#book"}
			}
		},
		{
			"name": "pagedown",
			"from": [4.5, 7, 4],
			"to": [10.5, 9, 12],
			"rotation": {"angle": 0, "axis": "z", "origin": [4.5, 9, 8]},
			"faces": {
				"north": {"uv": [8, 5, 9, 8], "rotation": 90, "texture": "#book"},
				"east": {"uv": [6.5, 5, 7.5, 9], "rotation": 90, "texture": "#book"},
				"south": {"uv": [8, 5, 9, 8], "rotation": 90, "texture": "#book"},
				"up": {"uv": [3, 5, 6, 9], "texture": "#book"}
			}
		},
		{
			"name": "down",
			"from": [4.5, 7.5, 3],
			"to": [5, 8.5, 13],
			"rotation": {"angle": 0, "axis": "z", "origin": [4.5, 9, 8]},
			"faces": {
				"north": {"uv": [7, 0.25, 8, 0], "rotation": 90, "texture": "#book"},
				"east": {"uv": [7.25, 0, 7.75, 5], "rotation": 270, "texture": "#book"},
				"south": {"uv": [7.5, 4.75, 8.5, 4.5], "rotation": 90, "texture": "#book"},
				"west": {"uv": [7.25, 0, 7.75, 5], "rotation": 270, "texture": "#book"},
				"up": {"uv": [0, 1, 0, 11], "texture": "#book"},
				"down": {"uv": [3.5, 0, 3.75, 5], "texture": "#book"}
			}
		},
		{
			"name": "markerup",
			"from": [4.5, 8.1, 4],
			"to": [5.5, 8.1, 9],
			"rotation": {"angle": 0, "axis": "z", "origin": [4.5, 9, 8]},
			"faces": {
				"north": {"uv": [0, 0, 2, 0], "texture": "#book"},
				"east": {"uv": [0, 0, 2, 0], "texture": "#book"},
				"south": {"uv": [0, 0, 2, 0], "texture": "#book"},
				"west": {"uv": [0, 0, 2, 0], "texture": "#book"},
				"up": {"uv": [8.5, 0, 9, 2.5], "texture": "#book"},
				"down": {"uv": [8.5, 0, 9, 2.5], "texture": "#book"}
			}
		},
		{
			"name": "seal",
			"from": [11.5, 7, 6],
			"to": [11.5, 10, 8],
			"rotation": {"angle": 0, "axis": "z", "origin": [4.5, 9, 8]},
			"faces": {
				"north": {"uv": [0, 0, 0, 3], "texture": "#book"},
				"east": {"uv": [9.5, 0, 10.5, 1.5], "texture": "#book"},
				"south": {"uv": [0, 0, 0, 2], "texture": "#book"},
				"west": {"uv": [9.5, 0, 10.5, 1.5], "texture": "#book"},
				"up": {"uv": [0, 0, 0, 2], "texture": "#book"},
				"down": {"uv": [0, 0, 0, 1], "texture": "#book"}
			}
		},
		{
			"name": "markerdown",
			"from": [5.5, 8.1, 9],
			"to": [6.5, 8.1, 14],
			"rotation": {"angle": 0, "axis": "z", "origin": [4.5, 9, 8]},
			"faces": {
				"north": {"uv": [0, 0, 2, 0], "texture": "#book"},
				"east": {"uv": [0, 0, 2, 0], "texture": "#book"},
				"south": {"uv": [0, 0, 2, 0], "texture": "#book"},
				"west": {"uv": [0, 0, 2, 0], "texture": "#book"},
				"up": {"uv": [9, 1.5, 9.5, 4], "texture": "#book"},
				"down": {"uv": [9, 1.5, 9.5, 4], "texture": "#book"}
			}
		},
		{
			"name": "back_up",
			"from": [4.5, 9.5, 3],
			"to": [5, 9.5, 13],
			"rotation": {"angle": 0, "axis": "z", "origin": [4.5, 9, 8]},
			"faces": {
				"north": {"uv": [8, 0.25, 8.5, 0], "rotation": 90, "texture": "#book"},
				"east": {"uv": [7, 0, 7.5, 5], "rotation": 90, "texture": "#book"},
				"south": {"uv": [8, 4.75, 8.5, 4.5], "rotation": 90, "texture": "#book"},
				"west": {"uv": [8, 0, 8.5, 5], "rotation": 270, "texture": "#book"},
				"up": {"uv": [0, 0, 0.25, 5], "texture": "#book"},
				"down": {"uv": [0, 0, 10, 0], "rotation": 90, "texture": "#book"}
			}
		},
		{
			"name": "coverup",
			"from": [4.5, 9.5, 3],
			"to": [11.5, 10, 13],
			"rotation": {"angle": 0, "axis": "z", "origin": [4.5, 9, 8]},
			"faces": {
				"north": {"uv": [0, 0, 3.5, 0.25], "texture": "#book"},
				"east": {"uv": [3, 0, 3.25, 5], "rotation": 90, "texture": "#book"},
				"south": {"uv": [0, 4.5, 3.5, 4.75], "texture": "#book"},
				"west": {"uv": [8.25, 5, 8.5, 0], "rotation": 90, "texture": "#book"},
				"up": {"uv": [0, 0, 3.5, 5], "texture": "#book"},
				"down": {"uv": [0, 5, 3.5, 0], "texture": "#book"}
			}
		},
		{
			"name": "pageup",
			"from": [4.5, 9, 4],
			"to": [10.5, 10, 12],
			"rotation": {"angle": 0, "axis": "z", "origin": [4.5, 9, 8]},
			"faces": {
				"north": {"uv": [7.5, 5, 8, 8], "rotation": 90, "texture": "#book"},
				"east": {"uv": [6, 5, 6.5, 9], "rotation": 90, "texture": "#book"},
				"south": {"uv": [7.5, 5, 8, 8], "rotation": 90, "texture": "#book"},
				"down": {"uv": [0, 5, 3, 9], "texture": "#book"}
			}
		},
		{
			"name": "up",
			"from": [4.5, 8.5, 3],
			"to": [5, 9.5, 13],
			"rotation": {"angle": 0, "axis": "z", "origin": [4.5, 9, 8]},
			"faces": {
				"north": {"uv": [7, 0.25, 8, 0], "rotation": 90, "texture": "#book"},
				"east": {"uv": [7.75, 0, 8.25, 5], "rotation": 270, "texture": "#book"},
				"south": {"uv": [7, 4.75, 8, 4.5], "rotation": 90, "texture": "#book"},
				"west": {"uv": [7.75, 0, 8.25, 5], "rotation": 270, "texture": "#book"},
				"up": {"uv": [0, 1, 0, 11], "texture": "#book"},
				"down": {"uv": [3.5, 0, 3.75, 5], "texture": "#book"}
			}
		}
	],
	"gui_light": "front",
	"display": {
		"thirdperson_righthand": {
			"rotation": [-90, -180, -90],
			"translation": [0.5, -2, -0.5],
			"scale": [0.75, 0.75, 0.75]
		},
		"thirdperson_lefthand": {
			"rotation": [-90, -180, 90],
			"translation": [-0.25, -2, -0.25],
			"scale": [0.75, 0.75, 0.75]
		},
		"firstperson_righthand": {
			"rotation": [50, 0, 50],
			"translation": [-3.25, 3.25, 6],
			"scale": [0.75, 0.75, 0.75]
		},
		"firstperson_lefthand": {
			"rotation": [50, 0, 50],
			"translation": [-3.25, 3.25, 6],
			"scale": [0.75, 0.75, 0.75]
		},
		"ground": {
			"translation": [0, 0.25, 0],
			"scale": [0.9, 0.9, 0.9]
		},
		"gui": {
			"rotation": [-135, -150, -180],
			"translation": [0.25, -0.25, 0],
			"scale": [1.25, 1.25, 1.25]
		},
		"head": {
			"translation": [0, -28, 0],
			"scale": [2.3, 2.3, 2.3]
		},
		"fixed": {
			"rotation": [15, 0, -180],
			"translation": [0, -2.5, -10],
			"scale": [2, 2, 2]
		}
	},
	"groups": [
		{
			"name": "down",
			"origin": [13, 8, 4],
			"color": 0,
			"children": [0, 1, 2, 3, 4, 5]
		},
		{
			"name": "up",
			"origin": [13, 8, 4],
			"color": 0,
			"children": [6, 7, 8, 9]
		}
	]
}