{
	"credit": "Made by Sawors",
	"texture_size": [32, 32],
	"textures": {
		"content": "item/books/Sans titre",
		"book": "item/book"
	},
	"elements": [
		{
			"name": "coverdown",
			"from": [4.5, 7, 3],
			"to": [11.5, 7.5, 13],
			"rotation": {"angle": 0, "axis": "y", "origin": [4.5, 9, 8]},
			"faces": {
				"north": {"uv": [3.5, 0, 7, 0.25], "texture": "#book"},
				"east": {"uv": [6.5, 0, 6.75, 5], "rotation": 90, "texture": "#book"},
				"south": {"uv": [3.5, 4.5, 7, 4.75], "texture": "#book"},
				"west": {"uv": [7, 5, 7.25, 0], "rotation": 90, "texture": "#book"},
				"up": {"uv": [3.5, 0, 7, 5], "texture": "#book"},
				"down": {"uv": [3.5, 5, 7, 0], "texture": "#book"}
			}
		},
		{
			"name": "pagedown",
			"from": [4.5, 7, 4],
			"to": [10.5, 9, 12],
			"rotation": {"angle": 0, "axis": "y", "origin": [4.5, 9, 8]},
			"faces": {
				"north": {"uv": [8, 5, 9, 8], "rotation": 90, "texture": "#book"},
				"east": {"uv": [6.5, 5, 7.5, 9], "rotation": 90, "texture": "#book"},
				"south": {"uv": [8, 5, 9, 8], "rotation": 90, "texture": "#book"},
				"up": {"uv": [3, 5, 6, 9], "texture": "#book"}
			}
		},
		{
			"name": "markerup",
			"from": [4.5, 8.1, 4],
			"to": [5.5, 8.1, 9],
			"rotation": {"angle": 0, "axis": "y", "origin": [4.5, 9, 8]},
			"faces": {
				"north": {"uv": [0, 0, 2, 0], "texture": "#book"},
				"east": {"uv": [0, 0, 2, 0], "texture": "#book"},
				"south": {"uv": [0, 0, 2, 0], "texture": "#book"},
				"west": {"uv": [0, 0, 2, 0], "texture": "#book"},
				"up": {"uv": [8.5, 0, 9, 2.5], "texture": "#book"},
				"down": {"uv": [8.5, 0, 9, 2.5], "texture": "#book"}
			}
		},
		{
			"name": "seal",
			"from": [11.5, 4, 6],
			"to": [11.5, 7, 8],
			"rotation": {"angle": 22.5, "axis": "z", "origin": [11.5, 7, 7]},
			"faces": {
				"north": {"uv": [0, 0, 0, 3], "rotation": 180, "texture": "#book"},
				"east": {"uv": [9.5, 0, 10.5, 1.5], "rotation": 180, "texture": "#book"},
				"south": {"uv": [0, 0, 0, 2], "rotation": 180, "texture": "#book"},
				"west": {"uv": [9.5, 0, 10.5, 1.5], "rotation": 180, "texture": "#book"},
				"up": {"uv": [0, 0, 0, 1], "rotation": 180, "texture": "#book"},
				"down": {"uv": [0, 0, 0, 2], "rotation": 180, "texture": "#book"}
			}
		},
		{
			"name": "markerdown",
			"from": [5.5, 8.1, 9],
			"to": [6.5, 8.1, 14],
			"rotation": {"angle": 0, "axis": "y", "origin": [4.5, 9, 8]},
			"faces": {
				"north": {"uv": [0, 0, 2, 0], "texture": "#book"},
				"east": {"uv": [0, 0, 2, 0], "texture": "#book"},
				"south": {"uv": [0, 0, 2, 0], "texture": "#book"},
				"west": {"uv": [0, 0, 2, 0], "texture": "#book"},
				"up": {"uv": [9, 1.5, 9.5, 4], "texture": "#book"},
				"down": {"uv": [9, 1.5, 9.5, 4], "texture": "#book"}
			}
		},
		{
			"name": "textR",
			"from": [4.5, 9.1, 4],
			"to": [10.5, 9.1, 12],
			"rotation": {"angle": 0, "axis": "y", "origin": [4.5, 9, 8]},
			"faces": {
				"north": {"uv": [0, 0, 0, 0], "texture": "#content"},
				"east": {"uv": [0, 0, 0, 0], "texture": "#content"},
				"south": {"uv": [0, 0, 0, 0], "texture": "#content"},
				"west": {"uv": [0, 0, 0, 0], "texture": "#content"},
				"up": {"uv": [8, 0, 16, 16], "texture": "#content"},
				"down": {"uv": [0, 0, 0, 0], "texture": "#content"}
			}
		},
		{
			"name": "down",
			"from": [4.5, 7.5, 3],
			"to": [5, 8.9, 13],
			"rotation": {"angle": 0, "axis": "y", "origin": [4.5, 9, 8]},
			"faces": {
				"north": {"uv": [7, 0.25, 8, 0], "rotation": 90, "texture": "#book"},
				"east": {"uv": [7.25, 0, 7.75, 5], "rotation": 270, "texture": "#book"},
				"south": {"uv": [7, 4.5, 7.75, 4.25], "rotation": 90, "texture": "#book"},
				"west": {"uv": [8, 5, 7.25, 0], "rotation": 90, "texture": "#book"},
				"up": {"uv": [3.5, 0, 3.75, 5], "texture": "#book"},
				"down": {"uv": [3.5, 0, 3.75, 5], "texture": "#book"}
			}
		},
		{
			"name": "down_gigasmall",
			"from": [4.4, 8.9, 3],
			"to": [4.5, 8.9, 13],
			"rotation": {"angle": 0, "axis": "y", "origin": [4.5, 9, 8]},
			"faces": {
				"north": {"uv": [7, 0.25, 8, 0], "rotation": 90, "texture": "#book"},
				"east": {"uv": [7.25, 0, 7.75, 5], "rotation": 270, "texture": "#book"},
				"south": {"uv": [7, 4.5, 7.75, 4.25], "rotation": 90, "texture": "#book"},
				"west": {"uv": [8, 5, 7.25, 0], "rotation": 90, "texture": "#book"},
				"up": {"uv": [3.5, 0, 3.75, 5], "texture": "#book"},
				"down": {"uv": [3.5, 0, 3.75, 5], "texture": "#book"}
			}
		},
		{
			"name": "up",
			"from": [4, 8.5, 3],
			"to": [4.5, 8.9, 13],
			"rotation": {"angle": -22.5, "axis": "z", "origin": [4.5, 9, 8]},
			"faces": {
				"north": {"uv": [7, 0.25, 8, 0], "rotation": 90, "texture": "#book"},
				"east": {"uv": [8, 0, 8.25, 5], "rotation": 270, "texture": "#book"},
				"south": {"uv": [8, 4.75, 8.25, 4.5], "rotation": 90, "texture": "#book"},
				"west": {"uv": [7.75, 0, 8.25, 5], "rotation": 270, "texture": "#book"},
				"up": {"uv": [0, 0, 0.25, 5], "texture": "#book"},
				"down": {"uv": [3.5, 0, 3.75, 5], "texture": "#book"}
			}
		},
		{
			"name": "coverup",
			"from": [-2.5, 8, 3],
			"to": [4.5, 8.5, 13],
			"rotation": {"angle": -22.5, "axis": "z", "origin": [4.5, 9, 8]},
			"faces": {
				"north": {"uv": [0, 0, 3.5, 0.25], "rotation": 180, "texture": "#book"},
				"east": {"uv": [8.25, 0, 8.5, 5], "rotation": 270, "texture": "#book"},
				"south": {"uv": [0, 4.5, 3.5, 4.75], "rotation": 180, "texture": "#book"},
				"west": {"uv": [3, 0, 3.25, 5], "rotation": 270, "texture": "#book"},
				"up": {"uv": [0, 5, 3.5, 0], "rotation": 180, "texture": "#book"},
				"down": {"uv": [0, 0, 3.5, 5], "rotation": 180, "texture": "#book"}
			}
		},
		{
			"name": "pageup",
			"from": [-1.5, 8, 4],
			"to": [4.5, 9, 12],
			"rotation": {"angle": -22.5, "axis": "z", "origin": [4.5, 9, 8]},
			"faces": {
				"north": {"uv": [7.5, 5, 8, 8], "rotation": 270, "texture": "#book"},
				"south": {"uv": [7.5, 5, 8, 8], "rotation": 270, "texture": "#book"},
				"west": {"uv": [6, 5, 6.5, 9], "rotation": 270, "texture": "#book"},
				"up": {"uv": [0, 5, 3, 9], "rotation": 180, "texture": "#book"}
			}
		},
		{
			"name": "textL",
			"from": [-1.5, 9.1, 4],
			"to": [4.5, 9.1, 12],
			"rotation": {"angle": -22.5, "axis": "z", "origin": [4.5, 9, 8]},
			"faces": {
				"north": {"uv": [0, 0, 0, 0], "texture": "#content"},
				"east": {"uv": [0, 0, 0, 0], "texture": "#content"},
				"south": {"uv": [0, 0, 0, 0], "texture": "#content"},
				"west": {"uv": [0, 0, 0, 0], "texture": "#content"},
				"up": {"uv": [0, 0, 8, 16], "texture": "#content"},
				"down": {"uv": [0, 0, 0, 0], "texture": "#content"}
			}
		}
	],
	"gui_light": "front",
	"display": {
		"thirdperson_righthand": {
			"rotation": [-90, -180, -164],
			"translation": [-0.25, 1.75, -0.25],
			"scale": [0.75, 0.75, 0.75]
		},
		"thirdperson_lefthand": {
			"rotation": [-90, -180, 164],
			"translation": [-4.75, 1.75, 0],
			"scale": [0.75, 0.75, 0.75]
		},
		"firstperson_righthand": {
			"rotation": [80, 0, 11],
			"translation": [-6.25, 7.75, 4.25],
			"scale": [0.75, 0.75, 0.75]
		},
		"firstperson_lefthand": {
			"rotation": [60, -8, 16],
			"translation": [-5, 5.5, 2.5],
			"scale": [0.5, 0.5, 0.5]
		},
		"ground": {
			"translation": [0, 0.25, 0],
			"scale": [0.9, 0.9, 0.9]
		},
		"gui": {
			"rotation": [-135, -150, -180],
			"translation": [2.5, -1, 0],
			"scale": [0.9, 0.9, 0.9]
		},
		"head": {
			"translation": [0, -19.5, 0],
			"scale": [2.3, 2.3, 2.3]
		},
		"fixed": {
			"rotation": [15, 0, -180],
			"translation": [0, -2.5, -10],
			"scale": [2, 2, 2]
		}
	},
	"groups": [
		{
			"name": "down",
			"origin": [13, 8, 4],
			"color": 0,
			"children": [0, 1, 2, 3, 4, 5, 6, 7]
		},
		{
			"name": "up",
			"origin": [13, 8, 4],
			"color": 0,
			"children": [8, 9, 10, 11]
		}
	]
}