{
	"credit": "Made by Sawors",
	"texture_size": [32, 32],
	"textures": {
		"4": "item/bow/bow"
	},
	"elements": [
		{
			"from": [7.2, 2, 3],
			"to": [7.8, 2, 11],
			"rotation": {"angle": -45, "axis": "x", "origin": [7.8, 2, 3]},
			"faces": {
				"north": {"uv": [0, 0, 0.5, 0], "texture": "#4"},
				"east": {"uv": [0, 0, 4, 0], "texture": "#4"},
				"south": {"uv": [0, 0, 0.5, 0], "texture": "#4"},
				"west": {"uv": [0, 0, 4, 0], "texture": "#4"},
				"up": {"uv": [8, 7.5, 12, 8], "rotation": 90, "texture": "#4"},
				"down": {"uv": [8, 7.5, 12, 8], "rotation": 270, "texture": "#4"}
			}
		},
		{
			"from": [7.2, 5, 14],
			"to": [7.8, 13, 14],
			"rotation": {"angle": 45, "axis": "x", "origin": [7.8, 13, 14]},
			"faces": {
				"north": {"uv": [12, 7.5, 16, 8], "rotation": 270, "texture": "#4"},
				"east": {"uv": [0, 0, 0, 4], "texture": "#4"},
				"south": {"uv": [12, 7.5, 16, 8], "rotation": 270, "texture": "#4"},
				"west": {"uv": [0, 0, 0, 4], "texture": "#4"},
				"up": {"uv": [8, 7.5, 12, 8], "rotation": 90, "texture": "#4"},
				"down": {"uv": [8, 7.5, 8, 8], "rotation": 270, "texture": "#4"}
			}
		},
		{
			"from": [7, 10, 5],
			"to": [8, 11, 6],
			"faces": {
				"north": {"uv": [11, 2, 11.5, 2.5], "texture": "#4"},
				"south": {"uv": [11, 2, 11.5, 2.5], "texture": "#4"},
				"up": {"uv": [11, 2, 11.5, 2.5], "texture": "#4"},
				"down": {"uv": [11, 2, 11.5, 2.5], "texture": "#4"}
			}
		},
		{
			"from": [7, 10, 4],
			"to": [8, 11, 5],
			"faces": {
				"north": {"uv": [11, 2, 11.5, 2.5], "texture": "#4"},
				"south": {"uv": [11, 2, 11.5, 2.5], "texture": "#4"},
				"up": {"uv": [11, 2, 11.5, 2.5], "texture": "#4"},
				"down": {"uv": [11, 2, 11.5, 2.5], "texture": "#4"}
			}
		},
		{
			"from": [7, 11, 5],
			"to": [8, 12, 6],
			"faces": {
				"north": {"uv": [11, 2, 11.5, 2.5], "texture": "#4"},
				"south": {"uv": [11, 2, 11.5, 2.5], "texture": "#4"},
				"up": {"uv": [11, 2, 11.5, 2.5], "texture": "#4"},
				"down": {"uv": [11, 2, 11.5, 2.5], "texture": "#4"}
			}
		},
		{
			"from": [7, 10, 6],
			"to": [8, 12, 7],
			"faces": {
				"north": {"uv": [11, 2, 11.5, 3], "texture": "#4"},
				"south": {"uv": [11, 2, 11.5, 2.5], "texture": "#4"},
				"up": {"uv": [11, 2, 11.5, 2.5], "texture": "#4"},
				"down": {"uv": [11, 2, 11.5, 2.5], "texture": "#4"}
			}
		},
		{
			"from": [7, 10, 7],
			"to": [8, 11, 8],
			"faces": {
				"north": {"uv": [11, 2, 11.5, 2.5], "texture": "#4"},
				"south": {"uv": [11, 2, 11.5, 2.5], "texture": "#4"},
				"up": {"uv": [11, 2, 11.5, 2.5], "texture": "#4"},
				"down": {"uv": [11, 2, 11.5, 2.5], "texture": "#4"}
			}
		},
		{
			"from": [7, 9, 6],
			"to": [8, 10, 7],
			"faces": {
				"north": {"uv": [11, 2, 11.5, 2.5], "texture": "#4"},
				"south": {"uv": [11, 2, 11.5, 2.5], "texture": "#4"},
				"up": {"uv": [11, 2, 11.5, 2.5], "texture": "#4"},
				"down": {"uv": [11, 2, 11.5, 2.5], "texture": "#4"}
			}
		},
		{
			"from": [7, 9, 4],
			"to": [8, 10, 6],
			"faces": {
				"north": {"uv": [11, 2, 11.5, 2.5], "texture": "#4"},
				"south": {"uv": [11, 2, 11.5, 2.5], "texture": "#4"},
				"up": {"uv": [11, 2, 11.5, 3], "texture": "#4"},
				"down": {"uv": [11, 2, 11.5, 3], "texture": "#4"}
			}
		},
		{
			"from": [7, 8, 5],
			"to": [8, 9, 6],
			"faces": {
				"north": {"uv": [11, 2, 11.5, 2.5], "texture": "#4"},
				"south": {"uv": [11, 2, 11.5, 2.5], "texture": "#4"},
				"up": {"uv": [11, 2, 11.5, 2.5], "texture": "#4"},
				"down": {"uv": [11, 2, 11.5, 2.5], "texture": "#4"}
			}
		},
		{
			"from": [7, 8, 4],
			"to": [8, 12, 8],
			"faces": {
				"north": {"uv": [0, 0, 0.5, 2], "texture": "#4"},
				"east": {"uv": [10, 2, 12, 4], "rotation": 90, "texture": "#4"},
				"south": {"uv": [0, 0, 0.5, 2], "texture": "#4"},
				"west": {"uv": [10, 2, 12, 4], "texture": "#4"},
				"up": {"uv": [0, 0, 0.5, 2], "texture": "#4"},
				"down": {"uv": [0, 0, 0.5, 2], "texture": "#4"}
			}
		},
		{
			"from": [7, 11, 8],
			"to": [8, 14, 11],
			"faces": {
				"north": {"uv": [2, 2.5, 2.5, 3], "texture": "#4"},
				"south": {"uv": [5, 2, 5.5, 2.5], "texture": "#4"},
				"up": {"uv": [1.5, 3, 2, 3.5], "texture": "#4"},
				"down": {"uv": [1.5, 6, 2, 6.5], "texture": "#4"}
			}
		},
		{
			"from": [7, 13, 11],
			"to": [8, 15, 15],
			"faces": {
				"north": {"uv": [2, 2.5, 2.5, 3], "texture": "#4"},
				"south": {"uv": [5, 2, 5.5, 2.5], "texture": "#4"},
				"up": {"uv": [1.5, 3, 2, 3.5], "texture": "#4"},
				"down": {"uv": [1.5, 6, 2, 6.5], "texture": "#4"}
			}
		},
		{
			"from": [7, 12, 11],
			"to": [8, 13, 13],
			"faces": {
				"north": {"uv": [2, 2.5, 2.5, 3], "texture": "#4"},
				"south": {"uv": [5, 2, 5.5, 2.5], "texture": "#4"},
				"up": {"uv": [1.5, 3, 2, 3.5], "texture": "#4"},
				"down": {"uv": [1.5, 6, 2, 6.5], "texture": "#4"}
			}
		},
		{
			"from": [7, 14, 15],
			"to": [8, 15, 16],
			"faces": {
				"north": {"uv": [2, 2.5, 2.5, 3], "texture": "#4"},
				"south": {"uv": [5, 2, 5.5, 2.5], "texture": "#4"},
				"up": {"uv": [1.5, 3, 2, 3.5], "texture": "#4"},
				"down": {"uv": [1.5, 6, 2, 6.5], "texture": "#4"}
			}
		},
		{
			"from": [7, 1, 1],
			"to": [8, 5, 3],
			"rotation": {"angle": 0, "axis": "x", "origin": [7.5, 2, 3]},
			"faces": {
				"north": {"uv": [1, 4, 1.5, 4.5], "texture": "#4"},
				"south": {"uv": [2, 4.5, 2.5, 5], "texture": "#4"},
				"up": {"uv": [1.5, 3, 2, 3.5], "texture": "#4"},
				"down": {"uv": [2, 5, 2.5, 5.5], "texture": "#4"}
			}
		},
		{
			"from": [7, 0, 1],
			"to": [8, 1, 2],
			"rotation": {"angle": 0, "axis": "x", "origin": [7.5, 2, 3]},
			"faces": {
				"north": {"uv": [1, 4, 1.5, 4.5], "texture": "#4"},
				"south": {"uv": [2, 4.5, 2.5, 5], "texture": "#4"},
				"up": {"uv": [1.5, 3, 2, 3.5], "texture": "#4"},
				"down": {"uv": [2, 5, 2.5, 5.5], "texture": "#4"}
			}
		},
		{
			"from": [7, 3, 3],
			"to": [8, 5, 4],
			"rotation": {"angle": 0, "axis": "x", "origin": [7.5, 2, 3]},
			"faces": {
				"north": {"uv": [1, 4, 1.5, 4.5], "texture": "#4"},
				"south": {"uv": [2, 4.5, 2.5, 5], "texture": "#4"},
				"up": {"uv": [1.5, 3, 2, 3.5], "texture": "#4"},
				"down": {"uv": [2, 5, 2.5, 5.5], "texture": "#4"}
			}
		},
		{
			"from": [7, 5, 2],
			"to": [8, 8, 5],
			"rotation": {"angle": 0, "axis": "x", "origin": [7.5, 2, 3]},
			"faces": {
				"north": {"uv": [1, 4, 1.5, 4.5], "texture": "#4"},
				"south": {"uv": [2, 4.5, 2.5, 5], "texture": "#4"},
				"up": {"uv": [1.5, 3, 2, 3.5], "texture": "#4"},
				"down": {"uv": [2, 5, 2.5, 5.5], "texture": "#4"}
			}
		},
		{
			"from": [7, 0, 1],
			"to": [7, 8, 5],
			"faces": {
				"north": {"uv": [0, 0, 0, 4], "texture": "#4"},
				"east": {"uv": [0, 0, 2, 4], "texture": "#4"},
				"south": {"uv": [0, 0, 0, 4], "texture": "#4"},
				"west": {"uv": [0.5, 4, 2.5, 8], "texture": "#4"},
				"up": {"uv": [0, 0, 0, 2], "texture": "#4"},
				"down": {"uv": [0, 0, 0, 2], "texture": "#4"}
			}
		},
		{
			"from": [8, 0, 1],
			"to": [8, 8, 5],
			"faces": {
				"north": {"uv": [0, 0, 0, 4], "texture": "#4"},
				"east": {"uv": [2.5, 4, 0.5, 8], "texture": "#4"},
				"south": {"uv": [0, 0, 0, 4], "texture": "#4"},
				"west": {"uv": [0.5, 4, 2.5, 8], "texture": "#4"},
				"up": {"uv": [0, 0, 0, 2], "texture": "#4"},
				"down": {"uv": [0, 0, 0, 2], "texture": "#4"}
			}
		},
		{
			"from": [7, 11, 8],
			"to": [7, 15, 16],
			"faces": {
				"north": {"uv": [0, 0, 0, 4], "texture": "#4"},
				"east": {"uv": [0, 0, 2, 4], "texture": "#4"},
				"south": {"uv": [0, 0, 0, 4], "texture": "#4"},
				"west": {"uv": [4, 0.5, 8, 2.5], "texture": "#4"},
				"up": {"uv": [0, 0, 0, 2], "texture": "#4"},
				"down": {"uv": [0, 0, 0, 2], "texture": "#4"}
			}
		},
		{
			"from": [8, 11, 8],
			"to": [8, 15, 16],
			"faces": {
				"north": {"uv": [0, 0, 0, 4], "texture": "#4"},
				"east": {"uv": [8, 0.5, 4, 2.5], "texture": "#4"},
				"south": {"uv": [0, 0, 0, 4], "texture": "#4"},
				"west": {"uv": [4, 0.5, 8, 2.5], "texture": "#4"},
				"up": {"uv": [0, 0, 0, 2], "texture": "#4"},
				"down": {"uv": [0, 0, 0, 2], "texture": "#4"}
			}
		},
		{
			"from": [6.7, 8, 3],
			"to": [8.3, 9, 5],
			"faces": {
				"north": {"uv": [1.5, 3.5, 1.8, 4], "texture": "#4"},
				"east": {"uv": [1.5, 3.5, 2.5, 4], "texture": "#4"},
				"south": {"uv": [2.5, 3, 2.8, 3.5], "texture": "#4"},
				"west": {"uv": [1.5, 3.5, 2.5, 4], "texture": "#4"},
				"up": {"uv": [1.5, 3.5, 1.8, 4], "texture": "#4"},
				"down": {"uv": [1.5, 3, 2.3, 4], "texture": "#4"}
			}
		},
		{
			"from": [6.7, 9, 3],
			"to": [8.3, 10, 4],
			"faces": {
				"north": {"uv": [1.5, 3, 1.8, 3.5], "texture": "#4"},
				"east": {"uv": [2, 2.5, 2.5, 3], "texture": "#4"},
				"south": {"uv": [3, 1.5, 3.8, 2], "texture": "#4"},
				"west": {"uv": [2, 2.5, 2.5, 3], "texture": "#4"},
				"up": {"uv": [3, 1.5, 3.8, 2], "texture": "#4"},
				"down": {"uv": [0, 0, 0.8, 0.5], "texture": "#4"}
			}
		},
		{
			"from": [6.7, 12, 6],
			"to": [8.3, 13, 7],
			"rotation": {"angle": 0, "axis": "y", "origin": [7.5, 12.25, 7]},
			"faces": {
				"north": {"uv": [3, 1.5, 3.8, 2], "rotation": 180, "texture": "#4"},
				"east": {"uv": [2, 2.5, 2.5, 3], "rotation": 180, "texture": "#4"},
				"south": {"uv": [1.5, 3, 1.8, 3.5], "rotation": 180, "texture": "#4"},
				"west": {"uv": [2, 2.5, 2.5, 3], "rotation": 180, "texture": "#4"},
				"up": {"uv": [3, 1.5, 3.8, 2], "texture": "#4"},
				"down": {"uv": [3, 1.5, 3.8, 2], "texture": "#4"}
			}
		},
		{
			"from": [6.7, 11, 7],
			"to": [8.3, 13, 8],
			"rotation": {"angle": 0, "axis": "z", "origin": [7.5, 12, 7.5]},
			"faces": {
				"north": {"uv": [1.5, 3.5, 1.8, 4], "texture": "#4"},
				"east": {"uv": [1.5, 3.5, 2.5, 4], "rotation": 270, "texture": "#4"},
				"south": {"uv": [1.5, 3, 2.3, 4], "rotation": 180, "texture": "#4"},
				"west": {"uv": [1.5, 3.5, 2.5, 4], "rotation": 90, "texture": "#4"},
				"up": {"uv": [1.5, 3.5, 1.8, 4], "texture": "#4"},
				"down": {"uv": [2.5, 3, 2.8, 3.5], "rotation": 180, "texture": "#4"}
			}
		}
	],
	"gui_light": "front",
	"overrides": [
		{
			"predicate": {
				"pulling": 1
			},
			"model": "item/bow_pulling_0"
		},
		{
			"predicate": {
				"pulling": 1,
				"pull": 0.65
			},
			"model": "item/bow_pulling_1"
		},
		{
			"predicate": {
				"pulling": 1,
				"pull": 0.9
			},
			"model": "item/bow_pulling_2"
		}
	],
	"display": {
		"thirdperson_righthand": {
			"rotation": [-45, 17.5, 17],
			"translation": [2.5, -2.25, 3]
		},
		"thirdperson_lefthand": {
			"rotation": [-45, 17.5, 17],
			"translation": [1.5, -2.25, 3]
		},
		"firstperson_righthand": {
			"rotation": [-21, 6, 5],
			"translation": [2, 2.5, 2]
		},
		"firstperson_lefthand": {
			"rotation": [-29, -16, -17.5],
			"translation": [-0.5, 3, 3]
		},
		"ground": {
			"rotation": [45, 90, 45]
		},
		"gui": {
			"rotation": [90, 90, -90]
		},
		"head": {
			"translation": [0, 1.25, 0]
		},
		"fixed": {
			"rotation": [90, 135, -90],
			"translation": [2, 0, -1.5],
			"scale": [1.5, 1.5, 1.5]
		}
	},
	"groups": [
		0,
		1,
		{
			"name": "group",
			"origin": [0, 0, 0],
			"color": 0,
			"children": [2, 3, 4, 5, 6, 7, 8, 9, 10]
		},
		{
			"name": "group",
			"origin": [0, 0, 0],
			"color": 0,
			"children": [11, 12, 13, 14]
		},
		{
			"name": "group",
			"origin": [0, 0, 0],
			"color": 0,
			"children": [15, 16, 17, 18]
		},
		{
			"name": "group",
			"origin": [0, 0, 0],
			"color": 0,
			"children": [19, 20, 21, 22, 23, 24, 25, 26]
		}
	]
}