{
	"credit": "Made by Sawors",
	"parent": "item/bow_pulling_0",
	"texture_size": [32, 32],
	"textures": {
		"4": "item/bow/bow",
		"particle": "item/bow",
		"1_3": "entity/projectiles/arrow"
	},
	"elements": [
		{
			"from": [7.7, 2, 5.5],
			"to": [8.3, 2, 14],
			"rotation": {"angle": 0, "axis": "x", "origin": [8.3, 2, 3]},
			"faces": {
				"north": {"uv": [0, 0, 0.5, 0], "texture": "#4"},
				"east": {"uv": [0, 0, 4, 0], "texture": "#4"},
				"south": {"uv": [0, 0, 0.5, 0], "texture": "#4"},
				"west": {"uv": [0, 0, 4, 0], "texture": "#4"},
				"up": {"uv": [8, 7.5, 12, 8], "rotation": 90, "texture": "#4"},
				"down": {"uv": [8, 7.5, 12, 8], "rotation": 270, "texture": "#4"}
			}
		},
		{
			"from": [7.7, 2, 14],
			"to": [8.3, 10.5, 14],
			"rotation": {"angle": 0, "axis": "x", "origin": [8.3, 13, 14]},
			"faces": {
				"north": {"uv": [12, 7.5, 16, 8], "rotation": 270, "texture": "#4"},
				"east": {"uv": [0, 0, 0, 4], "texture": "#4"},
				"south": {"uv": [12, 7.5, 16, 8], "rotation": 270, "texture": "#4"},
				"west": {"uv": [0, 0, 0, 4], "texture": "#4"},
				"up": {"uv": [8, 7.5, 12, 8], "rotation": 90, "texture": "#4"},
				"down": {"uv": [8, 7.5, 8, 8], "rotation": 270, "texture": "#4"}
			}
		},
		{
			"from": [7.8, 10, 5],
			"to": [8.8, 11, 6],
			"rotation": {"angle": 0, "axis": "y", "origin": [0.5, 0, 0]},
			"faces": {
				"north": {"uv": [11, 2, 11.5, 2.5], "texture": "#4"},
				"south": {"uv": [11, 2, 11.5, 2.5], "texture": "#4"},
				"up": {"uv": [11, 2, 11.5, 2.5], "texture": "#4"},
				"down": {"uv": [11, 2, 11.5, 2.5], "texture": "#4"}
			}
		},
		{
			"from": [7.8, 10, 4],
			"to": [8.8, 11, 5],
			"rotation": {"angle": 0, "axis": "y", "origin": [0.5, 0, 0]},
			"faces": {
				"north": {"uv": [11, 2, 11.5, 2.5], "texture": "#4"},
				"south": {"uv": [11, 2, 11.5, 2.5], "texture": "#4"},
				"up": {"uv": [11, 2, 11.5, 2.5], "texture": "#4"},
				"down": {"uv": [11, 2, 11.5, 2.5], "texture": "#4"}
			}
		},
		{
			"from": [7.8, 11, 5],
			"to": [8.8, 12, 6],
			"rotation": {"angle": 0, "axis": "y", "origin": [0.5, 0, 0]},
			"faces": {
				"north": {"uv": [11, 2, 11.5, 2.5], "texture": "#4"},
				"south": {"uv": [11, 2, 11.5, 2.5], "texture": "#4"},
				"up": {"uv": [11, 2, 11.5, 2.5], "texture": "#4"},
				"down": {"uv": [11, 2, 11.5, 2.5], "texture": "#4"}
			}
		},
		{
			"from": [7.8, 10, 6],
			"to": [8.8, 12, 7],
			"rotation": {"angle": 0, "axis": "y", "origin": [0.5, 0, 0]},
			"faces": {
				"north": {"uv": [11, 2, 11.5, 3], "texture": "#4"},
				"south": {"uv": [11, 2, 11.5, 2.5], "texture": "#4"},
				"up": {"uv": [11, 2, 11.5, 2.5], "texture": "#4"},
				"down": {"uv": [11, 2, 11.5, 2.5], "texture": "#4"}
			}
		},
		{
			"from": [7.8, 10, 7],
			"to": [8.8, 11, 8],
			"rotation": {"angle": 0, "axis": "y", "origin": [0.5, 0, 0]},
			"faces": {
				"north": {"uv": [11, 2, 11.5, 2.5], "texture": "#4"},
				"south": {"uv": [11, 2, 11.5, 2.5], "texture": "#4"},
				"up": {"uv": [11, 2, 11.5, 2.5], "texture": "#4"},
				"down": {"uv": [11, 2, 11.5, 2.5], "texture": "#4"}
			}
		},
		{
			"from": [7.8, 9, 6],
			"to": [8.8, 10, 7],
			"rotation": {"angle": 0, "axis": "y", "origin": [0.5, 0, 0]},
			"faces": {
				"north": {"uv": [11, 2, 11.5, 2.5], "texture": "#4"},
				"south": {"uv": [11, 2, 11.5, 2.5], "texture": "#4"},
				"up": {"uv": [11, 2, 11.5, 2.5], "texture": "#4"},
				"down": {"uv": [11, 2, 11.5, 2.5], "texture": "#4"}
			}
		},
		{
			"from": [7.8, 9, 4],
			"to": [8.8, 10, 6],
			"rotation": {"angle": 0, "axis": "y", "origin": [0.5, 0, 0]},
			"faces": {
				"north": {"uv": [11, 2, 11.5, 2.5], "texture": "#4"},
				"south": {"uv": [11, 2, 11.5, 2.5], "texture": "#4"},
				"up": {"uv": [11, 2, 11.5, 3], "texture": "#4"},
				"down": {"uv": [11, 2, 11.5, 3], "texture": "#4"}
			}
		},
		{
			"from": [7.8, 8, 5],
			"to": [8.8, 9, 6],
			"rotation": {"angle": 0, "axis": "y", "origin": [0.5, 0, 0]},
			"faces": {
				"north": {"uv": [11, 2, 11.5, 2.5], "texture": "#4"},
				"south": {"uv": [11, 2, 11.5, 2.5], "texture": "#4"},
				"up": {"uv": [11, 2, 11.5, 2.5], "texture": "#4"},
				"down": {"uv": [11, 2, 11.5, 2.5], "texture": "#4"}
			}
		},
		{
			"from": [7.8, 8, 4],
			"to": [8.8, 12, 8],
			"rotation": {"angle": 0, "axis": "y", "origin": [0.5, 0, 0]},
			"faces": {
				"north": {"uv": [0, 0, 0.5, 2], "texture": "#4"},
				"east": {"uv": [10, 2, 12, 4], "rotation": 90, "texture": "#4"},
				"south": {"uv": [0, 0, 0.5, 2], "texture": "#4"},
				"west": {"uv": [10, 2, 12, 4], "texture": "#4"},
				"up": {"uv": [0, 0, 0.5, 2], "texture": "#4"},
				"down": {"uv": [0, 0, 0.5, 2], "texture": "#4"}
			}
		},
		{
			"from": [7.5, 11, 8],
			"to": [8.5, 14, 11],
			"rotation": {"angle": 22.5, "axis": "x", "origin": [8, 13, 8]},
			"faces": {
				"north": {"uv": [2, 2.5, 2.5, 3], "texture": "#4"},
				"south": {"uv": [5, 2, 5.5, 2.5], "texture": "#4"},
				"up": {"uv": [1.5, 3, 2, 3.5], "texture": "#4"},
				"down": {"uv": [1.5, 6, 2, 6.5], "texture": "#4"}
			}
		},
		{
			"from": [7.5, 13, 11],
			"to": [8.5, 15, 15],
			"rotation": {"angle": 22.5, "axis": "x", "origin": [8, 13, 8]},
			"faces": {
				"north": {"uv": [2, 2.5, 2.5, 3], "texture": "#4"},
				"south": {"uv": [5, 2, 5.5, 2.5], "texture": "#4"},
				"up": {"uv": [1.5, 3, 2, 3.5], "texture": "#4"},
				"down": {"uv": [1.5, 6, 2, 6.5], "texture": "#4"}
			}
		},
		{
			"from": [7.5, 12, 11],
			"to": [8.5, 13, 13],
			"rotation": {"angle": 22.5, "axis": "x", "origin": [8, 13, 8]},
			"faces": {
				"north": {"uv": [2, 2.5, 2.5, 3], "texture": "#4"},
				"south": {"uv": [5, 2, 5.5, 2.5], "texture": "#4"},
				"up": {"uv": [1.5, 3, 2, 3.5], "texture": "#4"},
				"down": {"uv": [1.5, 6, 2, 6.5], "texture": "#4"}
			}
		},
		{
			"from": [7.5, 14, 15],
			"to": [8.5, 15, 16],
			"rotation": {"angle": 22.5, "axis": "x", "origin": [8, 13, 8]},
			"faces": {
				"north": {"uv": [2, 2.5, 2.5, 3], "texture": "#4"},
				"south": {"uv": [5, 2, 5.5, 2.5], "texture": "#4"},
				"up": {"uv": [1.5, 3, 2, 3.5], "texture": "#4"},
				"down": {"uv": [1.5, 6, 2, 6.5], "texture": "#4"}
			}
		},
		{
			"from": [7.5, 11, 8],
			"to": [7.5, 15, 16],
			"rotation": {"angle": 22.5, "axis": "x", "origin": [8, 13, 8]},
			"faces": {
				"north": {"uv": [0, 0, 0, 4], "texture": "#4"},
				"east": {"uv": [0, 0, 2, 4], "texture": "#4"},
				"south": {"uv": [0, 0, 0, 4], "texture": "#4"},
				"west": {"uv": [4, 0.5, 8, 2.5], "texture": "#4"},
				"up": {"uv": [0, 0, 0, 2], "texture": "#4"},
				"down": {"uv": [0, 0, 0, 2], "texture": "#4"}
			}
		},
		{
			"from": [8.5, 11, 8],
			"to": [8.5, 15, 16],
			"rotation": {"angle": 22.5, "axis": "x", "origin": [8, 13, 8]},
			"faces": {
				"north": {"uv": [0, 0, 0, 4], "texture": "#4"},
				"east": {"uv": [8, 0.5, 4, 2.5], "texture": "#4"},
				"south": {"uv": [0, 0, 0, 4], "texture": "#4"},
				"west": {"uv": [4, 0.5, 8, 2.5], "texture": "#4"},
				"up": {"uv": [0, 0, 0, 2], "texture": "#4"},
				"down": {"uv": [0, 0, 0, 2], "texture": "#4"}
			}
		},
		{
			"from": [7.5, 1, 1],
			"to": [8.5, 5, 3],
			"rotation": {"angle": -22.5, "axis": "x", "origin": [8, 8, 3]},
			"faces": {
				"north": {"uv": [1, 4, 1.5, 4.5], "texture": "#4"},
				"south": {"uv": [2, 4.5, 2.5, 5], "texture": "#4"},
				"up": {"uv": [1.5, 3, 2, 3.5], "texture": "#4"},
				"down": {"uv": [2, 5, 2.5, 5.5], "texture": "#4"}
			}
		},
		{
			"from": [7.5, 0, 1],
			"to": [8.5, 1, 2],
			"rotation": {"angle": -22.5, "axis": "x", "origin": [8, 8, 3]},
			"faces": {
				"north": {"uv": [1, 4, 1.5, 4.5], "texture": "#4"},
				"south": {"uv": [2, 4.5, 2.5, 5], "texture": "#4"},
				"up": {"uv": [1.5, 3, 2, 3.5], "texture": "#4"},
				"down": {"uv": [2, 5, 2.5, 5.5], "texture": "#4"}
			}
		},
		{
			"from": [7.5, 3, 3],
			"to": [8.5, 5, 4],
			"rotation": {"angle": -22.5, "axis": "x", "origin": [8, 8, 3]},
			"faces": {
				"north": {"uv": [1, 4, 1.5, 4.5], "texture": "#4"},
				"south": {"uv": [2, 4.5, 2.5, 5], "texture": "#4"},
				"up": {"uv": [1.5, 3, 2, 3.5], "texture": "#4"},
				"down": {"uv": [2, 5, 2.5, 5.5], "texture": "#4"}
			}
		},
		{
			"from": [7.5, 5, 2],
			"to": [8.5, 8, 5],
			"rotation": {"angle": -22.5, "axis": "x", "origin": [8, 8, 3]},
			"faces": {
				"north": {"uv": [1, 4, 1.5, 4.5], "texture": "#4"},
				"south": {"uv": [2, 4.5, 2.5, 5], "texture": "#4"},
				"up": {"uv": [1.5, 3, 2, 3.5], "texture": "#4"},
				"down": {"uv": [2, 5, 2.5, 5.5], "texture": "#4"}
			}
		},
		{
			"from": [7.5, 0, 1],
			"to": [7.5, 8, 5],
			"rotation": {"angle": -22.5, "axis": "x", "origin": [8, 8, 3]},
			"faces": {
				"north": {"uv": [0, 0, 0, 4], "texture": "#4"},
				"east": {"uv": [0, 0, 2, 4], "texture": "#4"},
				"south": {"uv": [0, 0, 0, 4], "texture": "#4"},
				"west": {"uv": [0.5, 4, 2.5, 8], "texture": "#4"},
				"up": {"uv": [0, 0, 0, 2], "texture": "#4"},
				"down": {"uv": [0, 0, 0, 2], "texture": "#4"}
			}
		},
		{
			"from": [8.5, 0, 1],
			"to": [8.5, 8, 5],
			"rotation": {"angle": -22.5, "axis": "x", "origin": [8, 8, 3]},
			"faces": {
				"north": {"uv": [0, 0, 0, 4], "texture": "#4"},
				"east": {"uv": [2.5, 4, 0.5, 8], "texture": "#4"},
				"south": {"uv": [0, 0, 0, 4], "texture": "#4"},
				"west": {"uv": [0.5, 4, 2.5, 8], "texture": "#4"},
				"up": {"uv": [0, 0, 0, 2], "texture": "#4"},
				"down": {"uv": [0, 0, 0, 2], "texture": "#4"}
			}
		},
		{
			"from": [7.2, 8, 3],
			"to": [8.8, 9, 5],
			"rotation": {"angle": 0, "axis": "y", "origin": [0.5, 0, 0]},
			"faces": {
				"north": {"uv": [1.5, 3.5, 1.8, 4], "texture": "#4"},
				"east": {"uv": [1.5, 3.5, 2.5, 4], "texture": "#4"},
				"south": {"uv": [2.5, 3, 2.8, 3.5], "texture": "#4"},
				"west": {"uv": [1.5, 3.5, 2.5, 4], "texture": "#4"},
				"up": {"uv": [1.5, 3.5, 1.8, 4], "texture": "#4"},
				"down": {"uv": [1.5, 3, 2.3, 4], "texture": "#4"}
			}
		},
		{
			"from": [7.2, 9, 3],
			"to": [8.8, 10, 4],
			"rotation": {"angle": 0, "axis": "y", "origin": [0.5, 0, 0]},
			"faces": {
				"north": {"uv": [1.5, 3, 1.8, 3.5], "texture": "#4"},
				"east": {"uv": [2, 2.5, 2.5, 3], "texture": "#4"},
				"south": {"uv": [3, 1.5, 3.8, 2], "texture": "#4"},
				"west": {"uv": [2, 2.5, 2.5, 3], "texture": "#4"},
				"up": {"uv": [3, 1.5, 3.8, 2], "texture": "#4"},
				"down": {"uv": [0, 0, 0.8, 0.5], "texture": "#4"}
			}
		},
		{
			"from": [7.2, 12, 6],
			"to": [8.8, 13, 7],
			"rotation": {"angle": 0, "axis": "y", "origin": [8, 12.25, 7]},
			"faces": {
				"north": {"uv": [3, 1.5, 3.8, 2], "rotation": 180, "texture": "#4"},
				"east": {"uv": [2, 2.5, 2.5, 3], "rotation": 180, "texture": "#4"},
				"south": {"uv": [1.5, 3, 1.8, 3.5], "rotation": 180, "texture": "#4"},
				"west": {"uv": [2, 2.5, 2.5, 3], "rotation": 180, "texture": "#4"},
				"up": {"uv": [3, 1.5, 3.8, 2], "texture": "#4"},
				"down": {"uv": [3, 1.5, 3.8, 2], "texture": "#4"}
			}
		},
		{
			"from": [7.2, 11, 7],
			"to": [8.8, 13, 8],
			"rotation": {"angle": 0, "axis": "z", "origin": [8, 12, 7.5]},
			"faces": {
				"north": {"uv": [1.5, 3.5, 1.8, 4], "texture": "#4"},
				"east": {"uv": [1.5, 3.5, 2.5, 4], "rotation": 270, "texture": "#4"},
				"south": {"uv": [1.5, 3, 2.3, 4], "rotation": 180, "texture": "#4"},
				"west": {"uv": [1.5, 3.5, 2.5, 4], "rotation": 90, "texture": "#4"},
				"up": {"uv": [1.5, 3.5, 1.8, 4], "texture": "#4"},
				"down": {"uv": [2.5, 3, 2.8, 3.5], "rotation": 180, "texture": "#4"}
			}
		},
		{
			"from": [7.7, 6.66569, 0.77868],
			"to": [7.7, 11.66569, 16.77868],
			"rotation": {"angle": 45, "axis": "x", "origin": [7.7, 9.16569, 6.71201]},
			"faces": {
				"east": {"uv": [0, 0, 8, 2.5], "texture": "#1_3"},
				"west": {"uv": [8, 0, 0, 2.5], "texture": "#1_3"}
			}
		},
		{
			"from": [5.2, 9.16569, 0.77868],
			"to": [10.2, 9.16569, 16.77868],
			"rotation": {"angle": 45, "axis": "x", "origin": [7.7, 9.16569, 6.71201]},
			"faces": {
				"up": {"uv": [0, 0, 8, 2.5], "rotation": 270, "texture": "#1_3"},
				"down": {"uv": [8, 0, 0, 2.5], "rotation": 270, "texture": "#1_3"}
			}
		},
		{
			"from": [5.2, 6.66569, 15.77868],
			"to": [10.2, 11.66569, 15.77868],
			"rotation": {"angle": 45, "axis": "x", "origin": [7.7, 9.16569, 6.71201]},
			"faces": {
				"north": {"uv": [0, 2.5, 2.5, 5], "rotation": 180, "texture": "#1_3"},
				"south": {"uv": [0, 2.5, 2.5, 5], "rotation": 180, "texture": "#1_3"}
			}
		}
	],
	"gui_light": "front",
	"groups": [
		{
			"name": "group",
			"origin": [8, 8, 8],
			"color": 0,
			"children": [
				0,
				1,
				{
					"name": "group",
					"origin": [0, 0, 0],
					"color": 0,
					"children": [2, 3, 4, 5, 6, 7, 8, 9, 10]
				},
				{
					"name": "group",
					"origin": [0, 0, 0],
					"color": 0,
					"children": [11, 12, 13, 14, 15, 16]
				},
				{
					"name": "group",
					"origin": [0, 0, 0],
					"color": 0,
					"children": [17, 18, 19, 20, 21, 22]
				},
				{
					"name": "group",
					"origin": [0, 0, 0],
					"color": 0,
					"children": [23, 24, 25, 26]
				}
			]
		},
		{
			"name": "group",
			"origin": [0, 0, 0],
			"color": 0,
			"children": [27, 28, 29]
		}
	]
}