{
	"credit": "Made by Sawors",
	"parent": "minecraft:item/_compass",
	"elements": [
		{
			"from": [5, 8, 5],
			"to": [11, 9, 11],
			"rotation": {"angle": 0, "axis": "y", "origin": [8, 9, 8]},
			"faces": {
				"north": {"uv": [0, 6, 6, 7], "texture": "#4"},
				"east": {"uv": [0, 6, 6, 7], "texture": "#4"},
				"south": {"uv": [0, 6, 6, 7], "texture": "#4"},
				"west": {"uv": [0, 6, 6, 7], "texture": "#4"},
				"up": {"uv": [0, 7, 6, 13], "texture": "#4"},
				"down": {"uv": [0, 7, 6, 13], "texture": "#4"}
			}
		},
		{
			"from": [5, 9.5, 5],
			"to": [11, 9.5, 11],
			"rotation": {"angle": 0, "axis": "y", "origin": [8, 9, 8]},
			"faces": {
				"north": {"uv": [0, 6, 6, 7], "texture": "#4"},
				"east": {"uv": [0, 6, 6, 7], "texture": "#4"},
				"south": {"uv": [0, 6, 6, 7], "texture": "#4"},
				"west": {"uv": [0, 6, 6, 7], "texture": "#4"},
				"up": {"uv": [0, 0, 4, 4], "texture": "#4"},
				"down": {"uv": [0, 0, 4, 4], "texture": "#4"}
			}
		},
		{
			"name": "arrow",
			"from": [7.5, 9.1, 7.5],
			"to": [8.5, 9.1, 10.5],
			"rotation": {"angle": 0, "axis": "y", "origin": [8, 9, 8]},
			"faces": {
				"north": {"uv": [0, 0, 4, 0], "texture": "#missing"},
				"east": {"uv": [0, 0, 4, 0], "texture": "#missing"},
				"south": {"uv": [0, 0, 4, 0], "texture": "#missing"},
				"west": {"uv": [0, 0, 4, 0], "texture": "#missing"},
				"up": {"uv": [4, 0, 5, 3], "texture": "#4"},
				"down": {"uv": [4, 0, 5, 3], "texture": "#4"}
			}
		},
		{
			"from": [10, 9, 5],
			"to": [11, 10, 11],
			"rotation": {"angle": 0, "axis": "y", "origin": [8, 9, 8]},
			"faces": {
				"north": {"uv": [11, 4, 12, 5], "texture": "#4"},
				"east": {"uv": [0, 5, 6, 6], "texture": "#4"},
				"south": {"uv": [0, 4, 1, 5], "texture": "#4"},
				"west": {"uv": [0, 5, 6, 6], "texture": "#4"},
				"up": {"uv": [0, 4, 6, 5], "rotation": 90, "texture": "#4"}
			}
		},
		{
			"from": [5, 9, 5],
			"to": [6, 10, 11],
			"rotation": {"angle": 0, "axis": "y", "origin": [8, 9, 8]},
			"faces": {
				"north": {"uv": [5, 4, 6, 5], "texture": "#4"},
				"east": {"uv": [0, 5, 6, 6], "texture": "#4"},
				"south": {"uv": [0, 4, 1, 5], "texture": "#4"},
				"west": {"uv": [0, 5, 6, 6], "texture": "#4"},
				"up": {"uv": [0, 4, 6, 5], "rotation": 90, "texture": "#4"}
			}
		},
		{
			"from": [6, 9, 5],
			"to": [10, 10, 6],
			"rotation": {"angle": 0, "axis": "y", "origin": [8, 9, 8]},
			"faces": {
				"north": {"uv": [1, 5, 5, 6], "texture": "#4"},
				"south": {"uv": [7, 5, 11, 6], "texture": "#4"},
				"up": {"uv": [1, 4, 5, 5], "texture": "#4"}
			}
		},
		{
			"from": [6, 9, 10],
			"to": [10, 10, 11],
			"rotation": {"angle": 0, "axis": "y", "origin": [8, 9, 8]},
			"faces": {
				"north": {"uv": [1, 5, 5, 6], "texture": "#4"},
				"south": {"uv": [1, 5, 5, 6], "texture": "#4"},
				"up": {"uv": [1, 4, 5, 5], "texture": "#4"}
			}
		}
	],
	"groups": [
		{
			"name": "compass",
			"origin": [0, 0, 0],
			"color": 0,
			"children": [0, 1, 2, 3, 4, 5, 6]
		}
	]
}