{
	"credit": "Made by Sawors",
	"parent": "item/_tool",
	"textures": {
		"0": "item/hammer",
		"particle": "item/hammer"
	},
	"elements": [
		{
			"from": [13, 11, 7.5],
			"to": [14, 12, 8.5],
			"faces": {
				"north": {"uv": [13, 4, 14, 5], "texture": "#0"},
				"east": {"uv": [13, 4, 14, 5], "texture": "#0"},
				"south": {"uv": [13, 4, 14, 5], "texture": "#0"},
				"west": {"uv": [13, 4, 14, 5], "texture": "#0"},
				"up": {"uv": [13, 4, 14, 5], "texture": "#0"},
				"down": {"uv": [13, 4, 14, 5], "rotation": 180, "texture": "#0"}
			}
		},
		{
			"from": [2, 1, 7.5],
			"to": [4, 3, 8.5],
			"faces": {
				"north": {"uv": [4, 13, 2, 15], "texture": "#0"},
				"east": {"uv": [3, 13, 4, 15], "texture": "#0"},
				"south": {"uv": [2, 13, 4, 15], "texture": "#0"},
				"west": {"uv": [2, 13, 3, 15], "texture": "#0"},
				"up": {"uv": [2, 13, 4, 14], "texture": "#0"},
				"down": {"uv": [2, 14, 4, 15], "rotation": 180, "texture": "#0"}
			}
		},
		{
			"from": [3, 2, 7.5],
			"to": [5, 4, 8.5],
			"faces": {
				"north": {"uv": [5, 12, 3, 14], "texture": "#0"},
				"east": {"uv": [4, 12, 5, 14], "texture": "#0"},
				"south": {"uv": [3, 12, 5, 14], "texture": "#0"},
				"west": {"uv": [3, 12, 4, 14], "texture": "#0"},
				"up": {"uv": [3, 12, 5, 13], "texture": "#0"},
				"down": {"uv": [3, 13, 5, 14], "rotation": 180, "texture": "#0"}
			}
		},
		{
			"from": [4, 3, 7.5],
			"to": [6, 5, 8.5],
			"faces": {
				"north": {"uv": [6, 11, 4, 13], "texture": "#0"},
				"east": {"uv": [5, 11, 6, 13], "texture": "#0"},
				"south": {"uv": [4, 11, 6, 13], "texture": "#0"},
				"west": {"uv": [4, 11, 5, 13], "texture": "#0"},
				"up": {"uv": [4, 11, 6, 12], "texture": "#0"},
				"down": {"uv": [4, 12, 6, 13], "rotation": 180, "texture": "#0"}
			}
		},
		{
			"from": [5, 4, 7.5],
			"to": [7, 6, 8.5],
			"faces": {
				"north": {"uv": [7, 10, 5, 12], "texture": "#0"},
				"east": {"uv": [6, 10, 7, 12], "texture": "#0"},
				"south": {"uv": [5, 10, 7, 12], "texture": "#0"},
				"west": {"uv": [5, 10, 6, 12], "texture": "#0"},
				"up": {"uv": [5, 10, 7, 11], "texture": "#0"},
				"down": {"uv": [5, 11, 7, 12], "rotation": 180, "texture": "#0"}
			}
		},
		{
			"from": [6, 5, 7.5],
			"to": [8, 7, 8.5],
			"faces": {
				"north": {"uv": [8, 9, 6, 11], "texture": "#0"},
				"east": {"uv": [7, 9, 8, 11], "texture": "#0"},
				"south": {"uv": [6, 9, 8, 11], "texture": "#0"},
				"west": {"uv": [6, 9, 7, 11], "texture": "#0"},
				"up": {"uv": [6, 9, 8, 10], "texture": "#0"},
				"down": {"uv": [6, 10, 8, 11], "rotation": 180, "texture": "#0"}
			}
		},
		{
			"from": [7, 6, 7.5],
			"to": [9, 8, 8.5],
			"faces": {
				"north": {"uv": [9, 8, 7, 10], "texture": "#0"},
				"east": {"uv": [8, 8, 9, 10], "texture": "#0"},
				"south": {"uv": [7, 8, 9, 10], "texture": "#0"},
				"west": {"uv": [7, 8, 8, 10], "texture": "#0"},
				"up": {"uv": [7, 8, 9, 9], "texture": "#0"},
				"down": {"uv": [7, 9, 9, 10], "rotation": 180, "texture": "#0"}
			}
		},
		{
			"from": [8, 7, 7.5],
			"to": [10, 9, 8.5],
			"faces": {
				"north": {"uv": [10, 7, 8, 9], "texture": "#0"},
				"east": {"uv": [9, 7, 10, 9], "texture": "#0"},
				"south": {"uv": [8, 7, 10, 9], "texture": "#0"},
				"west": {"uv": [8, 7, 9, 9], "texture": "#0"},
				"up": {"uv": [8, 7, 10, 8], "texture": "#0"},
				"down": {"uv": [8, 8, 10, 9], "rotation": 180, "texture": "#0"}
			}
		},
		{
			"from": [12, 12, 7.5],
			"to": [13, 13, 8.5],
			"faces": {
				"north": {"uv": [12, 3, 13, 4], "texture": "#0"},
				"east": {"uv": [12, 3, 13, 4], "texture": "#0"},
				"south": {"uv": [12, 3, 13, 4], "texture": "#0"},
				"west": {"uv": [12, 3, 13, 4], "texture": "#0"},
				"up": {"uv": [12, 3, 13, 4], "texture": "#0"},
				"down": {"uv": [12, 3, 13, 4], "rotation": 180, "texture": "#0"}
			}
		},
		{
			"from": [11, 6, 7.5],
			"to": [13, 7, 8.5],
			"faces": {
				"north": {"uv": [13, 9, 11, 10], "texture": "#0"},
				"east": {"uv": [13, 9, 12, 10], "texture": "#0"},
				"south": {"uv": [11, 9, 13, 10], "texture": "#0"},
				"west": {"uv": [11, 9, 12, 10], "texture": "#0"},
				"up": {"uv": [13, 10, 11, 9], "rotation": 180, "texture": "#0"},
				"down": {"uv": [11, 10, 13, 9], "texture": "#0"}
			}
		},
		{
			"from": [10, 7, 7.5],
			"to": [14, 8, 8.5],
			"faces": {
				"north": {"uv": [14, 8, 10, 9], "texture": "#0"},
				"east": {"uv": [14, 8, 13, 9], "texture": "#0"},
				"south": {"uv": [10, 8, 14, 9], "texture": "#0"},
				"west": {"uv": [10, 8, 11, 9], "texture": "#0"},
				"up": {"uv": [14, 9, 10, 8], "rotation": 180, "texture": "#0"},
				"down": {"uv": [10, 9, 14, 8], "texture": "#0"}
			}
		},
		{
			"from": [10, 8, 7.5],
			"to": [15, 9, 8.5],
			"faces": {
				"north": {"uv": [15, 7, 10, 8], "texture": "#0"},
				"east": {"uv": [15, 7, 14, 8], "texture": "#0"},
				"south": {"uv": [10, 7, 15, 8], "texture": "#0"},
				"west": {"uv": [11, 7, 10, 8], "texture": "#0"},
				"up": {"uv": [15, 8, 10, 7], "rotation": 180, "texture": "#0"},
				"down": {"uv": [10, 8, 15, 7], "texture": "#0"}
			}
		},
		{
			"from": [8, 9, 7.5],
			"to": [15, 10, 8.5],
			"faces": {
				"north": {"uv": [15, 6, 8, 7], "texture": "#0"},
				"east": {"uv": [14, 6, 15, 7], "texture": "#0"},
				"south": {"uv": [8, 6, 15, 7], "texture": "#0"},
				"west": {"uv": [8, 6, 9, 7], "texture": "#0"},
				"up": {"uv": [15, 7, 8, 6], "rotation": 180, "texture": "#0"},
				"down": {"uv": [8, 7, 15, 6], "texture": "#0"}
			}
		},
		{
			"from": [7, 10, 7.5],
			"to": [14, 11, 8.5],
			"faces": {
				"north": {"uv": [14, 5, 7, 6], "texture": "#0"},
				"east": {"uv": [13, 5, 14, 6], "texture": "#0"},
				"south": {"uv": [7, 5, 14, 6], "texture": "#0"},
				"west": {"uv": [7, 5, 8, 6], "texture": "#0"},
				"up": {"uv": [14, 6, 7, 5], "rotation": 180, "texture": "#0"},
				"down": {"uv": [7, 6, 14, 5], "texture": "#0"}
			}
		},
		{
			"from": [7, 11, 7.5],
			"to": [13, 12, 8.5],
			"faces": {
				"north": {"uv": [13, 4, 7, 5], "texture": "#0"},
				"east": {"uv": [12, 4, 13, 5], "texture": "#0"},
				"south": {"uv": [7, 4, 13, 5], "texture": "#0"},
				"west": {"uv": [7, 4, 8, 5], "texture": "#0"},
				"up": {"uv": [13, 5, 7, 4], "rotation": 180, "texture": "#0"},
				"down": {"uv": [7, 5, 13, 4], "texture": "#0"}
			}
		},
		{
			"from": [8, 12, 7.5],
			"to": [12, 13, 8.5],
			"faces": {
				"north": {"uv": [12, 3, 8, 4], "texture": "#0"},
				"east": {"uv": [11, 3, 12, 4], "texture": "#0"},
				"south": {"uv": [8, 3, 12, 4], "texture": "#0"},
				"west": {"uv": [8, 3, 9, 4], "texture": "#0"},
				"up": {"uv": [12, 4, 8, 3], "rotation": 180, "texture": "#0"},
				"down": {"uv": [8, 4, 12, 3], "texture": "#0"}
			}
		},
		{
			"from": [9, 13, 7.5],
			"to": [11, 14, 8.5],
			"faces": {
				"north": {"uv": [11, 2, 9, 3], "texture": "#0"},
				"east": {"uv": [11, 2, 10, 3], "texture": "#0"},
				"south": {"uv": [9, 2, 11, 3], "texture": "#0"},
				"west": {"uv": [10, 2, 9, 3], "texture": "#0"},
				"up": {"uv": [11, 3, 9, 2], "rotation": 180, "texture": "#0"},
				"down": {"uv": [9, 3, 11, 2], "texture": "#0"}
			}
		}
	],
	"gui_light": "front",
	"display": {
		"thirdperson_righthand": {
			"rotation": [0, -90, 55],
			"translation": [0, 4, 0.5],
			"scale": [0.85, 0.85, 0.85]
		},
		"thirdperson_lefthand": {
			"rotation": [0, 90, -55],
			"translation": [0, 4, 0.5],
			"scale": [0.85, 0.85, 0.85]
		},
		"firstperson_righthand": {
			"rotation": [0, -90, 25],
			"translation": [1.13, 3.2, 1.13],
			"scale": [0.68, 0.68, 0.68]
		},
		"firstperson_lefthand": {
			"rotation": [0, 90, -25],
			"translation": [1.13, 3.2, 1.13],
			"scale": [0.68, 0.68, 0.68]
		},
		"ground": {
			"translation": [0, 2, 0],
			"scale": [0.5, 0.5, 0.5]
		},
		"head": {
			"rotation": [0, 180, 0],
			"translation": [0, 13, 7]
		},
		"fixed": {
			"rotation": [0, 180, 0]
		}
	},
	"groups": [
		{
			"name": "group",
			"origin": [8, 8, 8],
			"color": 0,
			"children": [
				{
					"name": "group",
					"origin": [0, 0, 0],
					"color": 0,
					"children": [0, 1, 2, 3, 4, 5, 6, 7, 8]
				},
				{
					"name": "group",
					"origin": [0, 0, 0],
					"color": 0,
					"children": [9, 10, 11, 12, 13, 14, 15, 16]
				}
			]
		}
	]
}