{
	"credit": "Made by Sawors",
	"parent": "item/wall_bomb_0",
	"textures": {
		"0": "item/wall_bomb",
		"particle": "item/wall_bomb"
	},
	"elements": [
		{
			"from": [6, 4, 6],
			"to": [10, 12, 8],
			"rotation": {"angle": 0, "axis": "y", "origin": [8, 8.25, 7.25]},
			"faces": {
				"north": {"uv": [0, 8, 4, 16], "texture": "#0"},
				"east": {"uv": [4, 8, 6, 16], "texture": "#0"},
				"south": {"uv": [0, 0, 4, 8], "texture": "#0"},
				"west": {"uv": [4, 0, 6, 8], "texture": "#0"},
				"up": {"uv": [6, 0, 10, 2], "texture": "#0"},
				"down": {"uv": [6, 2, 10, 4], "texture": "#0"}
			}
		},
		{
			"from": [11, 4, 7],
			"to": [13, 12, 8],
			"rotation": {"angle": 0, "axis": "y", "origin": [8, 8.25, 8.75]},
			"faces": {
				"north": {"uv": [16, 8, 14, 16], "texture": "#0"},
				"east": {"uv": [16, 0, 15, 8], "texture": "#0"},
				"south": {"uv": [15, 0, 13, 8], "texture": "#0"},
				"west": {"uv": [13, 0, 12, 8], "texture": "#0"},
				"up": {"uv": [13, 1, 15, 0], "texture": "#0"},
				"down": {"uv": [13, 1, 15, 0], "texture": "#0"}
			}
		},
		{
			"from": [13, 4, 4],
			"to": [14, 12, 8],
			"rotation": {"angle": 0, "axis": "y", "origin": [8, 8.25, 7.25]},
			"faces": {
				"north": {"uv": [11, 0, 12, 8], "texture": "#0"},
				"east": {"uv": [12, 0, 16, 8], "texture": "#0"},
				"south": {"uv": [11, 0, 12, 8], "texture": "#0"},
				"west": {"uv": [12, 8, 16, 16], "texture": "#0"},
				"up": {"uv": [9, 4, 10, 8], "texture": "#0"},
				"down": {"uv": [9, 4, 10, 8], "texture": "#0"}
			}
		},
		{
			"from": [10, 4, 4],
			"to": [11, 12, 8],
			"rotation": {"angle": 0, "axis": "y", "origin": [8, 8.25, 7.25]},
			"faces": {
				"north": {"uv": [12, 0, 11, 8], "texture": "#0"},
				"east": {"uv": [16, 8, 12, 16], "texture": "#0"},
				"south": {"uv": [11, 0, 10, 8], "texture": "#0"},
				"west": {"uv": [16, 0, 12, 8], "texture": "#0"},
				"up": {"uv": [10, 4, 9, 8], "texture": "#0"},
				"down": {"uv": [10, 4, 9, 8], "texture": "#0"}
			}
		},
		{
			"from": [11, 4, 4],
			"to": [13, 5, 7],
			"rotation": {"angle": 0, "axis": "y", "origin": [8, 8.25, 7.25]},
			"faces": {
				"north": {"uv": [14, 8, 16, 9], "texture": "#0"},
				"east": {"uv": [13, 13, 16, 14], "texture": "#0"},
				"south": {"uv": [14, 8, 16, 9], "texture": "#0"},
				"west": {"uv": [13, 12, 16, 13], "texture": "#0"},
				"up": {"uv": [14, 9, 16, 12], "texture": "#0"},
				"down": {"uv": [14, 9, 16, 12], "texture": "#0"}
			}
		},
		{
			"from": [11, 11, 4],
			"to": [13, 12, 5],
			"rotation": {"angle": 0, "axis": "y", "origin": [8, 8.25, 7.25]},
			"faces": {
				"north": {"uv": [14, 8, 16, 9], "texture": "#0"},
				"east": {"uv": [13, 9, 14, 10], "texture": "#0"},
				"south": {"uv": [13, 11, 15, 12], "texture": "#0"},
				"west": {"uv": [13, 8, 14, 9], "texture": "#0"},
				"up": {"uv": [13, 10, 15, 11], "texture": "#0"},
				"down": {"uv": [14, 9, 16, 10], "texture": "#0"}
			}
		},
		{
			"from": [11, 5, 4],
			"to": [13, 11, 5],
			"faces": {
				"north": {"uv": [10, 8, 12, 14], "texture": "#0"},
				"east": {"uv": [9, 8, 10, 14], "texture": "#0"},
				"south": {"uv": [10, 8, 12, 14], "texture": "#0"},
				"west": {"uv": [9, 8, 10, 14], "texture": "#0"},
				"up": {"uv": [9, 14, 11, 15], "texture": "#0"},
				"down": {"uv": [9, 14, 11, 15], "texture": "#0"}
			}
		},
		{
			"from": [3, 4, 7],
			"to": [5, 12, 8],
			"rotation": {"angle": 0, "axis": "y", "origin": [8, 8.25, 8.75]},
			"faces": {
				"north": {"uv": [16, 8, 14, 16], "texture": "#0"},
				"east": {"uv": [16, 0, 15, 8], "texture": "#0"},
				"south": {"uv": [15, 0, 13, 8], "rotation": 180, "texture": "#0"},
				"west": {"uv": [13, 0, 12, 8], "texture": "#0"},
				"up": {"uv": [13, 1, 15, 0], "texture": "#0"},
				"down": {"uv": [13, 1, 15, 0], "texture": "#0"}
			}
		},
		{
			"from": [5, 4, 4],
			"to": [6, 12, 8],
			"rotation": {"angle": 0, "axis": "y", "origin": [8, 8.25, 7.25]},
			"faces": {
				"north": {"uv": [11, 0, 12, 8], "texture": "#0"},
				"east": {"uv": [12, 0, 16, 8], "rotation": 180, "texture": "#0"},
				"south": {"uv": [11, 0, 12, 8], "texture": "#0"},
				"west": {"uv": [12, 8, 16, 16], "texture": "#0"},
				"up": {"uv": [9, 4, 10, 8], "texture": "#0"},
				"down": {"uv": [9, 4, 10, 8], "texture": "#0"}
			}
		},
		{
			"from": [2, 4, 4],
			"to": [3, 12, 8],
			"rotation": {"angle": 0, "axis": "y", "origin": [8, 8.25, 7.25]},
			"faces": {
				"north": {"uv": [12, 0, 11, 8], "texture": "#0"},
				"east": {"uv": [16, 8, 12, 16], "texture": "#0"},
				"south": {"uv": [12, 0, 11, 8], "texture": "#0"},
				"west": {"uv": [16, 0, 12, 8], "rotation": 180, "texture": "#0"},
				"up": {"uv": [10, 4, 9, 8], "texture": "#0"},
				"down": {"uv": [10, 4, 9, 8], "texture": "#0"}
			}
		},
		{
			"from": [3, 4, 4],
			"to": [5, 5, 7],
			"rotation": {"angle": 0, "axis": "y", "origin": [8, 8.25, 7.25]},
			"faces": {
				"north": {"uv": [14, 8, 16, 9], "texture": "#0"},
				"east": {"uv": [13, 13, 16, 14], "texture": "#0"},
				"south": {"uv": [14, 8, 16, 9], "texture": "#0"},
				"west": {"uv": [13, 12, 16, 13], "texture": "#0"},
				"up": {"uv": [14, 9, 16, 12], "texture": "#0"},
				"down": {"uv": [14, 9, 16, 12], "texture": "#0"}
			}
		},
		{
			"from": [3, 11, 4],
			"to": [5, 12, 5],
			"rotation": {"angle": 0, "axis": "y", "origin": [8, 8.25, 7.25]},
			"faces": {
				"north": {"uv": [14, 8, 16, 9], "texture": "#0"},
				"east": {"uv": [13, 9, 14, 10], "texture": "#0"},
				"south": {"uv": [13, 11, 15, 12], "texture": "#0"},
				"west": {"uv": [13, 8, 14, 9], "texture": "#0"},
				"up": {"uv": [13, 10, 15, 11], "texture": "#0"},
				"down": {"uv": [14, 9, 16, 10], "texture": "#0"}
			}
		},
		{
			"from": [3, 5, 4],
			"to": [5, 11, 5],
			"faces": {
				"north": {"uv": [10, 8, 12, 14], "rotation": 180, "texture": "#0"},
				"east": {"uv": [9, 8, 10, 14], "texture": "#0"},
				"south": {"uv": [10, 8, 12, 14], "texture": "#0"},
				"west": {"uv": [9, 8, 10, 14], "texture": "#0"},
				"up": {"uv": [9, 14, 11, 15], "texture": "#0"},
				"down": {"uv": [9, 14, 11, 15], "texture": "#0"}
			}
		},
		{
			"from": [3, 5, 5],
			"to": [5, 11, 7],
			"faces": {
				"north": {"uv": [6, 10, 8, 16], "texture": "#0"},
				"east": {"uv": [6, 10, 8, 16], "texture": "#0"},
				"south": {"uv": [6, 10, 8, 16], "texture": "#0"},
				"west": {"uv": [6, 10, 8, 16], "texture": "#0"},
				"up": {"uv": [6, 9, 8, 11], "texture": "#0"},
				"down": {"uv": [6, 4, 8, 6], "texture": "#0"}
			}
		},
		{
			"from": [11, 5, 5],
			"to": [13, 11, 7],
			"faces": {
				"north": {"uv": [6, 6, 8, 12], "rotation": 180, "texture": "#0"},
				"east": {"uv": [6, 6, 8, 12], "rotation": 180, "texture": "#0"},
				"south": {"uv": [6, 6, 8, 12], "rotation": 180, "texture": "#0"},
				"west": {"uv": [6, 6, 8, 12], "rotation": 180, "texture": "#0"},
				"up": {"uv": [6, 11, 8, 13], "texture": "#0"},
				"down": {"uv": [6, 14, 8, 16], "texture": "#0"}
			}
		},
		{
			"from": [8, 12, 7],
			"to": [9, 13, 8],
			"rotation": {"angle": 0, "axis": "y", "origin": [8, 8.25, 7.25]},
			"faces": {
				"north": {"uv": [8, 4, 9, 5], "rotation": 90, "texture": "#0"},
				"east": {"uv": [8, 11, 9, 12], "texture": "#0"},
				"south": {"uv": [8, 8, 9, 9], "rotation": 90, "texture": "#0"},
				"west": {"uv": [8, 10, 9, 11], "texture": "#0"},
				"up": {"uv": [8, 6, 9, 7], "rotation": 90, "texture": "#0"},
				"down": {"uv": [0, 0, 0, 0], "texture": "#0"}
			}
		},
		{
			"from": [7.5, 13, 7],
			"to": [8.5, 16, 8],
			"rotation": {"angle": 0, "axis": "y", "origin": [8, 8.25, 7.25]},
			"faces": {
				"north": {"uv": [8, 12, 9, 15], "texture": "#0"},
				"east": {"uv": [8, 9, 9, 12], "texture": "#0"},
				"south": {"uv": [8, 5, 9, 8], "texture": "#0"},
				"west": {"uv": [8, 8, 9, 11], "texture": "#0"},
				"up": {"uv": [8, 4, 9, 5], "rotation": 90, "texture": "#0"},
				"down": {"uv": [0, 0, 0, 0], "texture": "#0"}
			}
		}
	],
	"groups": [
		0,
		{
			"name": "group",
			"origin": [8, 8.25, 7.25],
			"color": 0,
			"children": [1, 2, 3, 4, 5, 6]
		},
		{
			"name": "group",
			"origin": [8, 8.25, 7.25],
			"color": 0,
			"children": [7, 8, 9, 10, 11, 12, 13, 14]
		},
		15,
		16
	]
}