{
  "parent": "minecraft:item/handheld_reverse",
  "textures": {
    "layer0": "minecraft:item/wood_crayon"
  },
  "display": {
		"thirdperson_righthand": {
			"rotation": [0, 90, 55],
			"translation": [0, 2, 2.5],
			"scale": [0.5, 0.5, 0.5]
		},
		"thirdperson_lefthand": {
			"rotation": [0, -90, -55],
			"translation": [0, 2, 2.5],
			"scale": [0.5, 0.5, 0.5]
		},
		"firstperson_righthand": {
			"rotation": [0, 90, 25],
			"translation": [1.13, 2, 0],
			"scale": [0.5, 0.5, 0.5]
		},
		"firstperson_lefthand": {
			"rotation": [0, -90, -25],
			"translation": [1.13, 2, 0],
			"scale": [0.5, 0.5, 0.5]
		},
		"head": {
			"rotation": [110, 10, 62],
			"translation": [-2.75, -28.25, 3.5],
			"scale": [1.75, 1.75, 1.75]
		}
	}
}