{
	"credit": "Made by Sawors",
	"parent": "/weapons/_spear",
	"textures": {
		"2": "item/weapons/iron_spear",
		"3": "block/oak_log",
		"particle": "block/oak_log"
	},
	"elements": [
		{
			"from": [7.5, 0, 7.5],
			"to": [8.5, 16, 8.5],
			"faces": {
				"north": {"uv": [3, 0, 4, 16], "texture": "#3"},
				"east": {"uv": [4, 0, 5, 16], "texture": "#3"},
				"south": {"uv": [6, 0, 7, 16], "texture": "#3"},
				"west": {"uv": [5, 0, 6, 16], "texture": "#3"},
				"up": {"uv": [7, 1, 8, 2], "texture": "#3"},
				"down": {"uv": [7, 0, 8, 1], "texture": "#3"}
			}
		},
		{
			"from": [7.5, -16, 7.5],
			"to": [8.5, 0, 8.5],
			"faces": {
				"north": {"uv": [9, 0, 10, 16], "texture": "#3"},
				"east": {"uv": [10, 0, 11, 16], "texture": "#3"},
				"south": {"uv": [12, 0, 13, 16], "texture": "#3"},
				"west": {"uv": [11, 0, 12, 16], "texture": "#3"},
				"up": {"uv": [8, 1, 9, 2], "texture": "#3"},
				"down": {"uv": [8, 0, 9, 1], "texture": "#3"}
			}
		},
		{
			"from": [5.5, 14, 8],
			"to": [10.5, 22, 8],
			"rotation": {"angle": 0, "axis": "y", "origin": [8, 18, 8]},
			"faces": {
				"north": {"uv": [0, 0, 5, 8], "texture": "#2"},
				"east": {"uv": [0, 0, 0, 8], "texture": "#missing"},
				"south": {"uv": [5, 0, 0, 8], "texture": "#2"},
				"west": {"uv": [0, 0, 0, 8], "texture": "#missing"},
				"up": {"uv": [0, 0, 5, 0], "rotation": 180, "texture": "#missing"},
				"down": {"uv": [0, 0, 5, 0], "rotation": 180, "texture": "#missing"}
			}
		}
	],
	"display": {
		"thirdperson_righthand": {
			"rotation": [0, 90, 0],
			"translation": [0, 8, 1.5]
		},
		"thirdperson_lefthand": {
			"rotation": [0, 90, 0],
			"translation": [0, 8, 1.5]
		},
		"firstperson_righthand": {
			"rotation": [0, 90, 0],
			"translation": [1.75, 3.5, 1.25]
		},
		"firstperson_lefthand": {
			"rotation": [0, 90, 0],
			"translation": [1.75, 3.5, 1.25]
		},
		"ground": {
			"translation": [0, 19.75, 0],
			"scale": [0.8, 0.8, 0.8]
		},
		"gui": {
			"rotation": [0, 0, -45],
			"translation": [1.75, 2, -0.5],
			"scale": [0.5, 0.5, 0.5]
		},
		"fixed": {
			"rotation": [0, 0, 45],
			"translation": [-3, 2.75, -0.5],
			"scale": [0.75, 0.75, 0.75]
		}
	}
}