{
	"credit": "Made by Sawors",
	"ambientocclusion": false,
	"texture_size": [32, 32],
	"textures": {
		"0": "gui/custom_gui/default_hide"
	},
	"elements": [
		{
			"from": [-1, -1, 8],
			"to": [17, 17, 8],
			"faces": {
				"north": {"uv": [3.5, 3.5, 12.5, 12.5], "texture": "#0"},
				"east": {"uv": [0, 0, 0, 15.11111], "texture": "#0"},
				"south": {"uv": [3.5, 3.5, 12.5, 12.5], "texture": "#0"},
				"west": {"uv": [0, 0, 0, 15.11111], "texture": "#0"},
				"up": {"uv": [15.11111, 0, 0, 0], "texture": "#0"},
				"down": {"uv": [15.11111, 0, 0, 0], "texture": "#0"}
			}
		}
	],
	"gui_light": "front",
	"display": {
		"thirdperson_righthand": {
			"translation": [0, 3, 1],
			"scale": [0.55, 0.55, 0.55]
		},
		"thirdperson_lefthand": {
			"translation": [0, 3, 1],
			"scale": [0.55, 0.55, 0.55]
		},
		"firstperson_righthand": {
			"rotation": [0, -90, 25],
			"translation": [1.13, 3.2, 1.13],
			"scale": [0.68, 0.68, 0.68]
		},
		"firstperson_lefthand": {
			"rotation": [0, -90, 25],
			"translation": [1.13, 3.2, 1.13],
			"scale": [0.68, 0.68, 0.68]
		},
		"ground": {
			"translation": [0, 2, 0],
			"scale": [0.5, 0.5, 0.5]
		},
		"gui": {
			"translation": [0, 0, 8]
		},
		"head": {
			"rotation": [0, 180, 0],
			"translation": [0, 13, 7]
		},
		"fixed": {
			"rotation": [0, 180, 0]
		}
	}
}