{
  "credit": "Made_with_Blockbench",
  "parent": "block/_flower",
  "textures": {
    "0": "block/brown_mushroom",
    "particle": "block/brown_mushroom"
  },
  "elements": [
    {
      "from": [
        7,
        0,
        7
      ],
      "to": [
        9,
        4,
        9
      ],
      "rotation": {
        "angle": 0,
        "axis": "y",
        "origin": [
          15,
          8,
          8
        ]
      },
      "faces": {
        "north": {
          "uv": [
            0,
            0,
            2,
            4
          ],
          "texture": "#0"
        },
        "east": {
          "uv": [
            6,
            0,
            8,
            4
          ],
          "texture": "#0"
        },
        "south": {
          "uv": [
            2,
            0,
            4,
            4
          ],
          "texture": "#0"
        },
        "west": {
          "uv": [
            4,
            0,
            6,
            4
          ],
          "texture": "#0"
        },
        "up": {
          "uv": [
            8,
            0,
            10,
            2
          ],
          "texture": "#0"
        },
        "down": {
          "uv": [
            8,
            2,
            10,
            4
          ],
          "texture": "#0"
        }
      }
    },
    {
      "from": [
        6,
        4,
        6
      ],
      "to": [
        10,
        5,
        10
      ],
      "rotation": {
        "angle": 0,
        "axis": "y",
        "origin": [
          15,
          12,
          16
        ]
      },
      "faces": {
        "north": {
          "uv": [
            12,
            0,
            16,
            1
          ],
          "texture": "#0"
        },
        "east": {
          "uv": [
            12,
            3,
            16,
            4
          ],
          "texture": "#0"
        },
        "south": {
          "uv": [
            12,
            1,
            16,
            2
          ],
          "texture": "#0"
        },
        "west": {
          "uv": [
            12,
            2,
            16,
            3
          ],
          "texture": "#0"
        },
        "up": {
          "uv": [
            0,
            4,
            4,
            8
          ],
          "texture": "#0"
        },
        "down": {
          "uv": [
            4,
            4,
            8,
            8
          ],
          "texture": "#0"
        }
      }
    },
    {
      "from": [
        6,
        4,
        5
      ],
      "to": [
        10,
        5,
        6
      ],
      "rotation": {
        "angle": 0,
        "axis": "y",
        "origin": [
          15,
          12,
          13
        ]
      },
      "faces": {
        "north": {
          "uv": [
            0,
            8,
            4,
            9
          ],
          "texture": "#0"
        },
        "east": {
          "uv": [
            15,
            8,
            16,
            9
          ],
          "texture": "#0"
        },
        "south": {
          "uv": [
            0,
            9,
            4,
            10
          ],
          "texture": "#0"
        },
        "west": {
          "uv": [
            14,
            8,
            15,
            9
          ],
          "texture": "#0"
        },
        "up": {
          "uv": [
            0,
            10,
            4,
            11
          ],
          "texture": "#0"
        },
        "down": {
          "uv": [
            0,
            11,
            4,
            12
          ],
          "texture": "#0"
        }
      }
    },
    {
      "from": [
        6,
        4,
        10
      ],
      "to": [
        10,
        5,
        11
      ],
      "rotation": {
        "angle": 0,
        "axis": "y",
        "origin": [
          15,
          12,
          18
        ]
      },
      "faces": {
        "north": {
          "uv": [
            0,
            12,
            4,
            13
          ],
          "texture": "#0"
        },
        "east": {
          "uv": [
            14,
            9,
            15,
            10
          ],
          "texture": "#0"
        },
        "south": {
          "uv": [
            0,
            13,
            4,
            14
          ],
          "texture": "#0"
        },
        "west": {
          "uv": [
            15,
            9,
            16,
            10
          ],
          "texture": "#0"
        },
        "up": {
          "uv": [
            0,
            14,
            4,
            15
          ],
          "texture": "#0"
        },
        "down": {
          "uv": [
            0,
            15,
            4,
            16
          ],
          "texture": "#0"
        }
      }
    },
    {
      "from": [
        5,
        4,
        6
      ],
      "to": [
        6,
        5,
        10
      ],
      "rotation": {
        "angle": 0,
        "axis": "y",
        "origin": [
          14,
          12,
          14
        ]
      },
      "faces": {
        "north": {
          "uv": [
            14,
            10,
            15,
            11
          ],
          "texture": "#0"
        },
        "east": {
          "uv": [
            4,
            9,
            8,
            10
          ],
          "texture": "#0"
        },
        "south": {
          "uv": [
            15,
            10,
            16,
            11
          ],
          "texture": "#0"
        },
        "west": {
          "uv": [
            4,
            8,
            8,
            9
          ],
          "texture": "#0"
        },
        "up": {
          "uv": [
            8,
            8,
            9,
            12
          ],
          "texture": "#0"
        },
        "down": {
          "uv": [
            9,
            8,
            10,
            12
          ],
          "texture": "#0"
        }
      }
    },
    {
      "from": [
        10,
        4,
        6
      ],
      "to": [
        11,
        5,
        10
      ],
      "rotation": {
        "angle": 0,
        "axis": "y",
        "origin": [
          19,
          12,
          14
        ]
      },
      "faces": {
        "north": {
          "uv": [
            15,
            11,
            16,
            12
          ],
          "texture": "#0"
        },
        "east": {
          "uv": [
            4,
            10,
            8,
            11
          ],
          "texture": "#0"
        },
        "south": {
          "uv": [
            14,
            11,
            15,
            12
          ],
          "texture": "#0"
        },
        "west": {
          "uv": [
            4,
            11,
            8,
            12
          ],
          "texture": "#0"
        },
        "up": {
          "uv": [
            10,
            8,
            11,
            12
          ],
          "texture": "#0"
        },
        "down": {
          "uv": [
            11,
            8,
            12,
            12
          ],
          "texture": "#0"
        }
      }
    }
  ]
}
