{
	"credit": "Made by Sawors",
	"textures": {
		"1": "block/gold_block",
		"4": "block/diamond_block",
		"5": "block/anvil",
		"6": "block/jukebox_side_playing",
		"10": "block/stripped_spruce_log_top",
		"particle": "block/barrel_side"
	},
	"elements": [
		{
			"from": [0, 0, 0],
			"to": [16, 16, 16],
			"faces": {
				"north": {"uv": [0, 0, 16, 16], "texture": "#6"},
				"east": {"uv": [0, 0, 16, 16], "texture": "#6"},
				"south": {"uv": [0, 0, 16, 16], "texture": "#6"},
				"west": {"uv": [0, 0, 16, 16], "texture": "#6"},
				"up": {"uv": [0, 0, 16, 16], "texture": "#10"},
				"down": {"uv": [0, 0, 16, 16], "texture": "#10"}
			}
		},
		{
			"from": [7.5, 16, 7.5],
			"to": [8.5, 18, 8.5],
			"rotation": {"angle": 45, "axis": "y", "origin": [8, 17, 8]},
			"faces": {
				"north": {"uv": [13, 1, 14, 3], "texture": "#1"},
				"east": {"uv": [4, 4, 6, 5], "rotation": 90, "texture": "#1"},
				"south": {"uv": [6, 4, 7, 6], "texture": "#1"},
				"west": {"uv": [1, 7, 2, 9], "texture": "#1"},
				"up": {"uv": [1, 7, 2, 8], "texture": "#1"},
				"down": {"uv": [8, 4, 9, 5], "texture": "#1"}
			}
		},
		{
			"from": [13, 16, 13],
			"to": [15, 18, 15],
			"rotation": {"angle": 0, "axis": "y", "origin": [16, 1, 16]},
			"faces": {
				"north": {"uv": [0, 0, 2, 2], "texture": "#5"},
				"east": {"uv": [0, 0, 2, 2], "texture": "#5"},
				"south": {"uv": [0, 0, 2, 2], "texture": "#5"},
				"west": {"uv": [0, 0, 2, 2], "texture": "#5"},
				"up": {"uv": [2, 2, 0, 0], "texture": "#5"},
				"down": {"uv": [2, 2, 0, 0], "texture": "#5"}
			}
		},
		{
			"from": [13.5, 17, 8.5],
			"to": [14.5, 18, 9.5],
			"rotation": {"angle": 45, "axis": "y", "origin": [14, 18.5, 14]},
			"faces": {
				"north": {"uv": [1, 1, 2, 2], "texture": "#4"},
				"east": {"uv": [0, 1, 1, 2], "texture": "#4"},
				"south": {"uv": [2, 0, 3, 1], "texture": "#4"},
				"west": {"uv": [1, 6, 2, 7], "texture": "#4"},
				"up": {"uv": [1, 5, 0, 4], "texture": "#4"},
				"down": {"uv": [5, 1, 4, 0], "texture": "#4"}
			}
		},
		{
			"from": [13, 18, 8],
			"to": [15, 19, 15],
			"rotation": {"angle": 45, "axis": "y", "origin": [14, 18.5, 14]},
			"faces": {
				"north": {"uv": [0, 0, 2, 1], "texture": "#5"},
				"east": {"uv": [0, 0, 7, 1], "texture": "#5"},
				"south": {"uv": [0, 0, 2, 1], "texture": "#5"},
				"west": {"uv": [0, 0, 7, 1], "texture": "#5"},
				"up": {"uv": [2, 7, 0, 0], "texture": "#5"},
				"down": {"uv": [2, 7, 0, 0], "texture": "#5"}
			}
		}
	],
	"display": {
		"thirdperson_righthand": {
			"rotation": [75, 45, 0],
			"translation": [0, 2.5, 0],
			"scale": [0.375, 0.375, 0.375]
		},
		"thirdperson_lefthand": {
			"rotation": [75, 45, 0],
			"translation": [0, 2.5, 0],
			"scale": [0.375, 0.375, 0.375]
		},
		"firstperson_righthand": {
			"rotation": [0, 45, 0],
			"scale": [0.4, 0.4, 0.4]
		},
		"firstperson_lefthand": {
			"rotation": [0, 225, 0],
			"scale": [0.4, 0.4, 0.4]
		},
		"ground": {
			"translation": [0, 3, 0],
			"scale": [0.25, 0.25, 0.25]
		},
		"gui": {
			"rotation": [30, 225, 0],
			"scale": [0.625, 0.625, 0.625]
		},
		"fixed": {
			"scale": [0.5, 0.5, 0.5]
		}
	},
	"groups": [
		0,
		1,
		2,
		{
			"name": "group",
			"origin": [0, 0, 0],
			"color": 0,
			"children": [3, 4]
		}
	]
}