{
	"credit": "Made by Sawors",
	"textures": {
		"0": "block/sweet_berry_bush_stage0",
		"particle": "block/sweet_berry_bush_stage0"
	},
	"elements": [
		{
			"from": [5, 0, 3],
			"to": [5, 8, 13],
			"rotation": {"angle": 0, "axis": "y", "origin": [13, 8, 15]},
			"faces": {
				"north": {"uv": [0, 0, 0, 8], "texture": "#0"},
				"east": {"uv": [13, 8, 3, 16], "texture": "#0"},
				"south": {"uv": [0, 0, 0, 8], "texture": "#0"},
				"west": {"uv": [3, 8, 13, 16], "texture": "#0"},
				"up": {"uv": [0, 0, 0, 8], "texture": "#0"},
				"down": {"uv": [0, 0, 0, 8], "texture": "#0"}
			}
		},
		{
			"from": [11, 0, 3],
			"to": [11, 8, 13],
			"rotation": {"angle": 0, "axis": "y", "origin": [19, 8, 15]},
			"faces": {
				"north": {"uv": [0, 0, 0, 8], "texture": "#0"},
				"east": {"uv": [13, 8, 3, 16], "texture": "#0"},
				"south": {"uv": [0, 0, 0, 8], "texture": "#0"},
				"west": {"uv": [3, 8, 13, 16], "texture": "#0"},
				"up": {"uv": [0, 0, 0, 8], "texture": "#0"},
				"down": {"uv": [0, 0, 0, 8], "texture": "#0"}
			}
		},
		{
			"from": [3, 0, 5],
			"to": [13, 8, 5],
			"rotation": {"angle": 0, "axis": "y", "origin": [19, 8, 17]},
			"faces": {
				"north": {"uv": [3, 8, 13, 16], "texture": "#0"},
				"south": {"uv": [13, 8, 3, 16], "texture": "#0"},
				"up": {"uv": [0, 0, 0, 8], "texture": "#0"},
				"down": {"uv": [0, 0, 0, 8], "texture": "#0"}
			}
		},
		{
			"from": [3, 0, 11],
			"to": [13, 8, 11],
			"rotation": {"angle": 0, "axis": "y", "origin": [19, 8, 23]},
			"faces": {
				"north": {"uv": [3, 8, 13, 16], "texture": "#0"},
				"south": {"uv": [13, 8, 3, 16], "texture": "#0"},
				"up": {"uv": [0, 0, 0, 8], "texture": "#0"},
				"down": {"uv": [0, 0, 0, 8], "texture": "#0"}
			}
		}
	]
}