{
	"credit": "Made by Sawors",
	"ambientocclusion": false,
	"textures": {
		"4": "block/oak_leaves_round",
		"5": "block/dead_bush",
		"particle": "block/oak_leaves_round"
	},
	"elements": [
		{
			"name": "outside_leaves",
			"from": [1, 5, 1],
			"to": [15, 16, 15],
			"faces": {
				"north": {"uv": [1, 5, 15, 16], "texture": "#4", "tintindex": 0},
				"east": {"uv": [1, 5, 15, 16], "texture": "#4", "tintindex": 0},
				"south": {"uv": [1, 5, 15, 16], "texture": "#4", "tintindex": 0},
				"west": {"uv": [1, 5, 15, 16], "texture": "#4", "tintindex": 0},
				"up": {"uv": [1, 1, 15, 15], "texture": "#4", "tintindex": 0}
			}
		},
		{
			"name": "inside_leaves",
			"from": [2, 3, 2],
			"to": [14, 15, 14],
			"rotation": {"angle": 0, "axis": "y", "origin": [8, 8, 8]},
			"faces": {
				"north": {"uv": [2, 4, 14, 16], "texture": "#4", "tintindex": 0},
				"east": {"uv": [2, 4, 14, 16], "texture": "#4", "tintindex": 0},
				"south": {"uv": [2, 4, 14, 16], "texture": "#4", "tintindex": 0},
				"west": {"uv": [2, 4, 14, 16], "texture": "#4", "tintindex": 0},
				"up": {"uv": [1, 1, 15, 15], "rotation": 270, "texture": "#4", "tintindex": 0}
			}
		},
		{
			"from": [2, 5, 10],
			"to": [2, 16, 16],
			"rotation": {"angle": -22.5, "axis": "y", "origin": [2, 11, 10]},
			"faces": {
				"north": {"uv": [0, 0, 0, 11], "texture": "#missing"},
				"east": {"uv": [0, 0, 8, 11], "texture": "#4", "tintindex": 0},
				"south": {"uv": [0, 0, 0, 11], "texture": "#missing"},
				"west": {"uv": [8, 0, 16, 11], "texture": "#4", "tintindex": 0},
				"up": {"uv": [0, 0, 0, 16], "texture": "#missing"},
				"down": {"uv": [0, 0, 0, 16], "texture": "#missing"}
			}
		},
		{
			"from": [2, 5, 0],
			"to": [2, 16, 6],
			"rotation": {"angle": 22.5, "axis": "y", "origin": [2, 10.5, 6]},
			"faces": {
				"north": {"uv": [0, 0, 0, 11], "texture": "#missing"},
				"east": {"uv": [8, 0, 16, 11], "texture": "#4", "tintindex": 0},
				"south": {"uv": [0, 0, 0, 11], "texture": "#missing"},
				"west": {"uv": [0, 0, 8, 11], "texture": "#4", "tintindex": 0},
				"up": {"uv": [0, 0, 0, 16], "texture": "#missing"},
				"down": {"uv": [0, 0, 0, 16], "texture": "#missing"}
			}
		},
		{
			"from": [0, 5, 2],
			"to": [6, 16, 2],
			"rotation": {"angle": -22.5, "axis": "y", "origin": [6, 11, 2]},
			"faces": {
				"north": {"uv": [8, 0, 16, 11], "texture": "#4", "tintindex": 0},
				"east": {"uv": [0, 0, 0, 11], "texture": "#missing"},
				"south": {"uv": [0, 0, 8, 11], "texture": "#4", "tintindex": 0},
				"west": {"uv": [0, 0, 0, 11], "texture": "#missing"},
				"up": {"uv": [0, 0, 0, 16], "rotation": 90, "texture": "#missing"},
				"down": {"uv": [0, 0, 0, 16], "rotation": 270, "texture": "#missing"}
			}
		},
		{
			"from": [10, 5, 2],
			"to": [16, 16, 2],
			"rotation": {"angle": 22.5, "axis": "y", "origin": [10, 10.5, 2]},
			"faces": {
				"north": {"uv": [0, 0, 8, 11], "texture": "#4", "tintindex": 0},
				"east": {"uv": [0, 0, 0, 11], "texture": "#missing"},
				"south": {"uv": [8, 0, 16, 11], "texture": "#4", "tintindex": 0},
				"west": {"uv": [0, 0, 0, 11], "texture": "#missing"},
				"up": {"uv": [0, 0, 0, 16], "rotation": 90, "texture": "#missing"},
				"down": {"uv": [0, 0, 0, 16], "rotation": 270, "texture": "#missing"}
			}
		},
		{
			"from": [14, 5, 0],
			"to": [14, 16, 6],
			"rotation": {"angle": -22.5, "axis": "y", "origin": [14, 11, 6]},
			"faces": {
				"north": {"uv": [0, 0, 0, 11], "texture": "#missing"},
				"east": {"uv": [8, 0, 16, 11], "texture": "#4", "tintindex": 0},
				"south": {"uv": [0, 0, 0, 11], "texture": "#missing"},
				"west": {"uv": [0, 0, 8, 11], "texture": "#4", "tintindex": 0},
				"up": {"uv": [0, 0, 0, 16], "rotation": 180, "texture": "#missing"},
				"down": {"uv": [0, 0, 0, 16], "rotation": 180, "texture": "#missing"}
			}
		},
		{
			"from": [14, 5, 10],
			"to": [14, 16, 16],
			"rotation": {"angle": 22.5, "axis": "y", "origin": [14, 10.5, 10]},
			"faces": {
				"north": {"uv": [0, 0, 0, 11], "texture": "#missing"},
				"east": {"uv": [0, 0, 8, 11], "texture": "#4", "tintindex": 0},
				"south": {"uv": [0, 0, 0, 11], "texture": "#missing"},
				"west": {"uv": [8, 0, 16, 11], "texture": "#4", "tintindex": 0},
				"up": {"uv": [0, 0, 0, 16], "rotation": 180, "texture": "#missing"},
				"down": {"uv": [0, 0, 0, 16], "rotation": 180, "texture": "#missing"}
			}
		},
		{
			"from": [10, 5, 14],
			"to": [16, 16, 14],
			"rotation": {"angle": -22.5, "axis": "y", "origin": [10, 11, 14]},
			"faces": {
				"north": {"uv": [0, 0, 8, 11], "texture": "#4", "tintindex": 0},
				"east": {"uv": [0, 0, 0, 11], "texture": "#missing"},
				"south": {"uv": [8, 0, 16, 11], "texture": "#4", "tintindex": 0},
				"west": {"uv": [0, 0, 0, 11], "texture": "#missing"},
				"up": {"uv": [0, 0, 0, 16], "rotation": 270, "texture": "#missing"},
				"down": {"uv": [0, 0, 0, 16], "rotation": 90, "texture": "#missing"}
			}
		},
		{
			"from": [0, 5, 14],
			"to": [6, 16, 14],
			"rotation": {"angle": 22.5, "axis": "y", "origin": [6, 10.5, 14]},
			"faces": {
				"north": {"uv": [8, 0, 16, 11], "texture": "#4", "tintindex": 0},
				"east": {"uv": [0, 0, 0, 11], "texture": "#missing"},
				"south": {"uv": [0, 0, 8, 11], "texture": "#4", "tintindex": 0},
				"west": {"uv": [0, 0, 0, 11], "texture": "#missing"},
				"up": {"uv": [0, 0, 0, 16], "rotation": 270, "texture": "#missing"},
				"down": {"uv": [0, 0, 0, 16], "rotation": 90, "texture": "#missing"}
			}
		},
		{
			"from": [8, 0, 2],
			"to": [8, 14, 14],
			"rotation": {"angle": 45, "axis": "y", "origin": [8, 7, 8]},
			"faces": {
				"north": {"uv": [0, 0, 0, 14], "texture": "#missing"},
				"east": {"uv": [2, 2, 14, 16], "texture": "#5"},
				"south": {"uv": [0, 0, 0, 14], "texture": "#missing"},
				"west": {"uv": [2, 2, 14, 16], "texture": "#5"},
				"up": {"uv": [0, 0, 0, 12], "texture": "#missing"},
				"down": {"uv": [0, 0, 0, 12], "texture": "#missing"}
			}
		},
		{
			"from": [2, 0, 8],
			"to": [14, 14, 8],
			"rotation": {"angle": 45, "axis": "y", "origin": [8, 7, 8]},
			"faces": {
				"north": {"uv": [2, 2, 14, 16], "texture": "#5"},
				"east": {"uv": [0, 0, 0, 14], "texture": "#missing"},
				"south": {"uv": [2, 2, 14, 16], "texture": "#5"},
				"west": {"uv": [0, 0, 0, 14], "texture": "#missing"},
				"up": {"uv": [0, 0, 0, 12], "rotation": 270, "texture": "#missing"},
				"down": {"uv": [0, 0, 0, 12], "rotation": 90, "texture": "#missing"}
			}
		}
	],
	"groups": [
		{
			"name": "group",
			"origin": [8, 8, 8],
			"color": 0,
			"children": [
				{
					"name": "group",
					"origin": [8, 8, 8],
					"color": 0,
					"children": [
						0,
						1,
						{
							"name": "W",
							"origin": [0, 8, 8],
							"color": 0,
							"children": [2, 3]
						},
						{
							"name": "N",
							"origin": [0, 8, 8],
							"color": 0,
							"children": [4, 5]
						},
						{
							"name": "E",
							"origin": [0, 8, 8],
							"color": 0,
							"children": [6, 7]
						},
						{
							"name": "S",
							"origin": [0, 8, 8],
							"color": 0,
							"children": [8, 9]
						}
					]
				},
				10,
				11
			]
		}
	]
}