{
	"credit": "Made by Sawors",
	"parent": "block/_flower",
	"textures": {
		"particle": "block/hay_block_top"
	},
	"elements": [
		{
			"from": [6.5, 9, 8.51],
			"to": [9.5, 13, 8.51],
			"rotation": {"angle": 0, "axis": "y", "origin": [8, 11, 8]},
			"faces": {
				"north": {"uv": [6, 3, 9, 7], "texture": "#1"},
				"east": {"uv": [0, 0, 1, 3], "texture": "#1"},
				"south": {"uv": [6, 3, 9, 7], "texture": "#1"},
				"west": {"uv": [0, 0, 1, 3], "texture": "#1"},
				"up": {"uv": [0, 0, 1, 3], "rotation": 270, "texture": "#1"},
				"down": {"uv": [0, 0, 1, 3], "rotation": 90, "texture": "#1"}
			}
		},
		{
			"from": [8.51, 9, 6.5],
			"to": [8.51, 13, 9.5],
			"rotation": {"angle": 0, "axis": "z", "origin": [8.5, 9, 8]},
			"faces": {
				"north": {"uv": [0, 0, 1, 3], "texture": "#1"},
				"east": {"uv": [6, 3, 9, 7], "texture": "#1"},
				"south": {"uv": [0, 0, 1, 3], "texture": "#1"},
				"west": {"uv": [6, 3, 9, 7], "texture": "#1"},
				"up": {"uv": [0, 0, 1, 3], "texture": "#1"},
				"down": {"uv": [0, 0, 1, 3], "texture": "#1"}
			}
		},
		{
			"from": [6.5, 9, 7.49],
			"to": [9.5, 13, 7.49],
			"rotation": {"angle": 0, "axis": "y", "origin": [8, 11, 8]},
			"faces": {
				"north": {"uv": [6, 3, 9, 7], "texture": "#1"},
				"east": {"uv": [0, 0, 1, 3], "texture": "#1"},
				"south": {"uv": [6, 3, 9, 7], "texture": "#1"},
				"west": {"uv": [0, 0, 1, 3], "texture": "#1"},
				"up": {"uv": [0, 0, 1, 3], "rotation": 270, "texture": "#1"},
				"down": {"uv": [0, 0, 1, 3], "rotation": 90, "texture": "#1"}
			}
		},
		{
			"from": [7.49, 9, 6.5],
			"to": [7.49, 13, 9.5],
			"rotation": {"angle": 0, "axis": "z", "origin": [7.5, 9, 8]},
			"faces": {
				"north": {"uv": [0, 0, 1, 3], "texture": "#1"},
				"east": {"uv": [6, 3, 9, 7], "texture": "#1"},
				"south": {"uv": [0, 0, 1, 3], "texture": "#1"},
				"west": {"uv": [6, 3, 9, 7], "texture": "#1"},
				"up": {"uv": [0, 0, 1, 3], "texture": "#1"},
				"down": {"uv": [0, 0, 1, 3], "texture": "#1"}
			}
		},
		{
			"from": [7.5, 0, 7.5],
			"to": [8.5, 9, 8.5],
			"rotation": {"angle": 45, "axis": "y", "origin": [8, 5.5, 8]},
			"faces": {
				"north": {"uv": [8, 7, 7, 16], "texture": "#1"},
				"east": {"uv": [8, 7, 7, 16], "texture": "#1"},
				"south": {"uv": [8, 7, 7, 16], "texture": "#1"},
				"west": {"uv": [8, 7, 7, 16], "texture": "#1"},
				"up": {"uv": [7, 7, 8, 8], "rotation": 270, "texture": "#1"},
				"down": {"uv": [7, 15, 8, 16], "rotation": 90, "texture": "#1"}
			}
		},
		{
			"from": [0.5, 0, 8],
			"to": [16.5, 9, 8],
			"rotation": {"angle": 45, "axis": "y", "origin": [8, 5.5, 8]},
			"faces": {
				"north": {"uv": [16, 7, 0, 16], "texture": "#1"},
				"east": {"uv": [0, 0, 1, 1], "texture": "#1"},
				"south": {"uv": [0, 7, 16, 16], "texture": "#1"},
				"west": {"uv": [0, 0, 1, 1], "texture": "#1"},
				"up": {"uv": [0, 0, 1, 1], "rotation": 180, "texture": "#1"},
				"down": {"uv": [0, 0, 1, 1], "rotation": 180, "texture": "#1"}
			}
		},
		{
			"from": [0.5, 9, 8],
			"to": [6.5, 11, 8],
			"rotation": {"angle": 45, "axis": "y", "origin": [8, 5.5, 8]},
			"faces": {
				"north": {"uv": [6, 5, 0, 7], "texture": "#1"},
				"east": {"uv": [0, 0, 1, 1], "texture": "#1"},
				"south": {"uv": [0, 5, 6, 7], "texture": "#1"},
				"west": {"uv": [0, 0, 1, 1], "texture": "#1"},
				"up": {"uv": [0, 0, 1, 1], "rotation": 180, "texture": "#1"},
				"down": {"uv": [0, 0, 1, 1], "rotation": 180, "texture": "#1"}
			}
		},
		{
			"from": [8, 0, -0.5],
			"to": [8, 9, 15.5],
			"rotation": {"angle": 45, "axis": "y", "origin": [8, 5.5, 8]},
			"faces": {
				"north": {"uv": [0, 0, 1, 1], "texture": "#1"},
				"east": {"uv": [0, 7, 16, 16], "texture": "#1"},
				"south": {"uv": [0, 0, 1, 1], "texture": "#1"},
				"west": {"uv": [16, 7, 0, 16], "texture": "#1"},
				"up": {"uv": [0, 0, 1, 1], "rotation": 90, "texture": "#1"},
				"down": {"uv": [0, 0, 1, 1], "rotation": 270, "texture": "#1"}
			}
		},
		{
			"from": [8, 9, 9.5],
			"to": [8, 11, 15.5],
			"rotation": {"angle": 45, "axis": "y", "origin": [8, 5.5, 8]},
			"faces": {
				"north": {"uv": [0, 0, 1, 1], "texture": "#1"},
				"east": {"uv": [0, 5, 6, 7], "texture": "#1"},
				"south": {"uv": [0, 0, 1, 1], "texture": "#1"},
				"west": {"uv": [6, 5, 0, 7], "texture": "#1"},
				"up": {"uv": [0, 0, 1, 1], "rotation": 90, "texture": "#1"},
				"down": {"uv": [0, 0, 1, 1], "rotation": 270, "texture": "#1"}
			}
		}
	],
	"groups": [
		{
			"name": "group",
			"origin": [7.5, 9, 8],
			"color": 0,
			"children": [0, 1, 2, 3]
		},
		{
			"name": "group",
			"origin": [8, 5.5, 8],
			"color": 0,
			"children": [4]
		},
		{
			"name": "group",
			"origin": [8, 5.5, 8],
			"color": 0,
			"children": [5, 6]
		},
		{
			"name": "group",
			"origin": [8, 5.5, 8],
			"color": 0,
			"children": [7, 8]
		}
	]
}