{
	"parent": "block/_flower_large",
	"credit": "Made by Sawors",
	"textures": {
		"0": "block/aconit",
		"particle": "block/aconit"
	},
	"elements": [
		{
			"from": [9, 7, 12],
			"to": [11, 16, 14],
			"rotation": {"angle": -22.5, "axis": "y", "origin": [10, 8, 13]},
			"faces": {
				"north": {"uv": [1, 0, 3, 9], "texture": "#0"},
				"east": {"uv": [1, 0, 3, 9], "texture": "#0"},
				"south": {"uv": [1, 0, 3, 9], "texture": "#0"},
				"west": {"uv": [1, 0, 3, 9], "texture": "#0"},
				"up": {"uv": [4, 0, 6, 2], "rotation": 90, "texture": "#0"},
				"down": {"uv": [1, 10, 3, 12], "rotation": 270, "texture": "#0"}
			}
		},
		{
			"from": [9, 7, 14.5],
			"to": [11, 16, 14.5],
			"rotation": {"angle": -22.5, "axis": "y", "origin": [10, 11.5, 13]},
			"faces": {
				"north": {"uv": [10, 0, 8, 9], "texture": "#0"},
				"south": {"uv": [8, 0, 10, 9], "texture": "#0"}
			}
		},
		{
			"from": [11.5, 7, 12],
			"to": [11.5, 16, 14],
			"rotation": {"angle": -22.5, "axis": "y", "origin": [10, 11.5, 13]},
			"faces": {
				"east": {"uv": [9, 0, 11, 9], "texture": "#0"},
				"west": {"uv": [11, 0, 9, 9], "texture": "#0"}
			}
		},
		{
			"from": [9, 7, 11.5],
			"to": [11, 16, 11.5],
			"rotation": {"angle": -22.5, "axis": "y", "origin": [10, 11.5, 13]},
			"faces": {
				"north": {"uv": [10, 0, 12, 9], "texture": "#0"},
				"south": {"uv": [12, 0, 10, 9], "texture": "#0"}
			}
		},
		{
			"from": [8.5, 7, 12],
			"to": [8.5, 16, 14],
			"rotation": {"angle": -22.5, "axis": "y", "origin": [10, 11.5, 13]},
			"faces": {
				"east": {"uv": [7, 0, 9, 9], "texture": "#0"},
				"west": {"uv": [9, 0, 7, 9], "texture": "#0"}
			}
		},
		{
			"from": [9.5, 0, 12.5],
			"to": [10.5, 7, 13.5],
			"rotation": {"angle": 22.5, "axis": "y", "origin": [10, 3.5, 13]},
			"faces": {
				"north": {"uv": [15, 9, 16, 16], "texture": "#0"},
				"east": {"uv": [15, 9, 16, 16], "texture": "#0"},
				"south": {"uv": [15, 9, 16, 16], "texture": "#0"},
				"west": {"uv": [15, 9, 16, 16], "texture": "#0"},
				"down": {"uv": [15, 15, 16, 16], "rotation": 90, "texture": "#0"}
			}
		},
		{
			"from": [8, 2, 14],
			"to": [12, 8, 14],
			"rotation": {"angle": 22.5, "axis": "y", "origin": [10, 4, 13]},
			"faces": {
				"north": {"uv": [8, 10, 12, 16], "texture": "#0"},
				"east": {"uv": [8, 12, 12, 16], "texture": "#0"},
				"south": {"uv": [8, 10, 12, 16], "texture": "#0"},
				"west": {"uv": [8, 12, 12, 16], "texture": "#0"},
				"up": {"uv": [0, 0, 0, 4], "rotation": 270, "texture": "#0"},
				"down": {"uv": [0, 0, 0, 4], "rotation": 90, "texture": "#0"}
			}
		},
		{
			"from": [11, 2, 11],
			"to": [11, 8, 15],
			"rotation": {"angle": 22.5, "axis": "y", "origin": [10, 4, 13]},
			"faces": {
				"north": {"uv": [8, 12, 12, 16], "texture": "#0"},
				"east": {"uv": [8, 10, 12, 16], "texture": "#0"},
				"south": {"uv": [8, 12, 12, 16], "texture": "#0"},
				"west": {"uv": [8, 10, 12, 16], "texture": "#0"},
				"up": {"uv": [0, 0, 0, 4], "rotation": 180, "texture": "#0"},
				"down": {"uv": [0, 0, 0, 4], "rotation": 180, "texture": "#0"}
			}
		},
		{
			"from": [8, 2, 12],
			"to": [12, 8, 12],
			"rotation": {"angle": 22.5, "axis": "y", "origin": [10, 4, 13]},
			"faces": {
				"north": {"uv": [8, 10, 12, 16], "texture": "#0"},
				"east": {"uv": [8, 11, 12, 16], "texture": "#0"},
				"south": {"uv": [8, 10, 12, 16], "texture": "#0"},
				"west": {"uv": [8, 12, 12, 16], "texture": "#0"},
				"up": {"uv": [0, 0, 0, 4], "rotation": 90, "texture": "#0"},
				"down": {"uv": [0, 0, 0, 4], "rotation": 270, "texture": "#0"}
			}
		},
		{
			"from": [8, 7, 11],
			"to": [12, 7, 15],
			"rotation": {"angle": 22.5, "axis": "y", "origin": [10, 4, 13]},
			"faces": {
				"north": {"uv": [8, 12, 12, 16], "texture": "#0"},
				"east": {"uv": [8, 10, 12, 16], "texture": "#0"},
				"south": {"uv": [8, 11, 12, 16], "texture": "#0"},
				"west": {"uv": [8, 10, 12, 16], "texture": "#0"},
				"up": {"uv": [4, 12, 8, 16], "rotation": 180, "texture": "#0"},
				"down": {"uv": [4, 12, 8, 16], "rotation": 180, "texture": "#0"}
			}
		},
		{
			"from": [9, 2, 11],
			"to": [9, 8, 15],
			"rotation": {"angle": 22.5, "axis": "y", "origin": [10, 4, 13]},
			"faces": {
				"north": {"uv": [8, 12, 12, 16], "texture": "#0"},
				"east": {"uv": [8, 10, 12, 16], "texture": "#0"},
				"south": {"uv": [8, 12, 12, 16], "texture": "#0"},
				"west": {"uv": [8, 10, 12, 16], "texture": "#0"},
				"up": {"uv": [0, 0, 0, 4], "texture": "#0"},
				"down": {"uv": [0, 0, 0, 4], "texture": "#0"}
			}
		},
		{
			"from": [2, 7, 3],
			"to": [4, 16, 5],
			"rotation": {"angle": 0, "axis": "y", "origin": [3, 8, 4]},
			"faces": {
				"north": {"uv": [1, 0, 3, 9], "texture": "#0"},
				"east": {"uv": [1, 0, 3, 9], "texture": "#0"},
				"south": {"uv": [1, 0, 3, 9], "texture": "#0"},
				"west": {"uv": [1, 0, 3, 9], "texture": "#0"},
				"up": {"uv": [4, 0, 6, 2], "rotation": 180, "texture": "#0"},
				"down": {"uv": [1, 10, 3, 12], "rotation": 180, "texture": "#0"}
			}
		},
		{
			"from": [1.5, 7, 3],
			"to": [1.5, 16, 5],
			"rotation": {"angle": 0, "axis": "y", "origin": [3, 11.5, 4]},
			"faces": {
				"east": {"uv": [10, 0, 8, 9], "texture": "#0"},
				"west": {"uv": [8, 0, 10, 9], "texture": "#0"}
			}
		},
		{
			"from": [2, 7, 5.5],
			"to": [4, 16, 5.5],
			"rotation": {"angle": 0, "axis": "y", "origin": [3, 11.5, 4]},
			"faces": {
				"north": {"uv": [11, 0, 9, 9], "texture": "#0"},
				"south": {"uv": [9, 0, 11, 9], "texture": "#0"}
			}
		},
		{
			"from": [4.5, 7, 3],
			"to": [4.5, 16, 5],
			"rotation": {"angle": 0, "axis": "y", "origin": [3, 11.5, 4]},
			"faces": {
				"east": {"uv": [10, 0, 12, 9], "texture": "#0"},
				"west": {"uv": [12, 0, 10, 9], "texture": "#0"}
			}
		},
		{
			"from": [2, 7, 2.5],
			"to": [4, 16, 2.5],
			"rotation": {"angle": 0, "axis": "y", "origin": [3, 11.5, 4]},
			"faces": {
				"north": {"uv": [9, 0, 7, 9], "texture": "#0"},
				"south": {"uv": [7, 0, 9, 9], "texture": "#0"}
			}
		},
		{
			"from": [2.5, 0, 3.5],
			"to": [3.5, 7, 4.5],
			"rotation": {"angle": 45, "axis": "y", "origin": [3, 3.5, 4]},
			"faces": {
				"north": {"uv": [15, 9, 16, 16], "texture": "#0"},
				"east": {"uv": [15, 9, 16, 16], "texture": "#0"},
				"south": {"uv": [15, 9, 16, 16], "texture": "#0"},
				"west": {"uv": [15, 9, 16, 16], "texture": "#0"},
				"down": {"uv": [15, 15, 16, 16], "texture": "#0"}
			}
		},
		{
			"from": [2, 2, 2],
			"to": [2, 8, 6],
			"rotation": {"angle": 45, "axis": "y", "origin": [3, 4, 4]},
			"faces": {
				"north": {"uv": [8, 12, 12, 16], "texture": "#0"},
				"east": {"uv": [8, 10, 12, 16], "texture": "#0"},
				"south": {"uv": [8, 12, 12, 16], "texture": "#0"},
				"west": {"uv": [8, 10, 12, 16], "texture": "#0"},
				"up": {"uv": [0, 0, 0, 4], "texture": "#0"},
				"down": {"uv": [0, 0, 0, 4], "texture": "#0"}
			}
		},
		{
			"from": [1, 2, 5],
			"to": [5, 8, 5],
			"rotation": {"angle": 45, "axis": "y", "origin": [3, 4, 4]},
			"faces": {
				"north": {"uv": [8, 10, 12, 16], "texture": "#0"},
				"east": {"uv": [8, 12, 12, 16], "texture": "#0"},
				"south": {"uv": [8, 10, 12, 16], "texture": "#0"},
				"west": {"uv": [8, 12, 12, 16], "texture": "#0"},
				"up": {"uv": [0, 0, 0, 4], "rotation": 270, "texture": "#0"},
				"down": {"uv": [0, 0, 0, 4], "rotation": 90, "texture": "#0"}
			}
		},
		{
			"from": [4, 2, 2],
			"to": [4, 8, 6],
			"rotation": {"angle": 45, "axis": "y", "origin": [3, 4, 4]},
			"faces": {
				"north": {"uv": [8, 12, 12, 16], "texture": "#0"},
				"east": {"uv": [8, 10, 12, 16], "texture": "#0"},
				"south": {"uv": [8, 11, 12, 16], "texture": "#0"},
				"west": {"uv": [8, 10, 12, 16], "texture": "#0"},
				"up": {"uv": [0, 0, 0, 4], "rotation": 180, "texture": "#0"},
				"down": {"uv": [0, 0, 0, 4], "rotation": 180, "texture": "#0"}
			}
		},
		{
			"from": [1, 7, 2],
			"to": [5, 7, 6],
			"rotation": {"angle": -45, "axis": "y", "origin": [3, 4, 4]},
			"faces": {
				"north": {"uv": [8, 12, 12, 16], "texture": "#0"},
				"east": {"uv": [8, 10, 12, 16], "texture": "#0"},
				"south": {"uv": [8, 11, 12, 16], "texture": "#0"},
				"west": {"uv": [8, 10, 12, 16], "texture": "#0"},
				"up": {"uv": [4, 12, 8, 16], "rotation": 180, "texture": "#0"},
				"down": {"uv": [4, 12, 8, 16], "rotation": 180, "texture": "#0"}
			}
		},
		{
			"from": [1, 2, 3],
			"to": [5, 8, 3],
			"rotation": {"angle": 45, "axis": "y", "origin": [3, 4, 4]},
			"faces": {
				"north": {"uv": [8, 10, 12, 16], "texture": "#0"},
				"east": {"uv": [8, 12, 12, 16], "texture": "#0"},
				"south": {"uv": [8, 10, 12, 16], "texture": "#0"},
				"west": {"uv": [8, 12, 12, 16], "texture": "#0"},
				"up": {"uv": [0, 0, 0, 4], "rotation": 90, "texture": "#0"},
				"down": {"uv": [0, 0, 0, 4], "rotation": 270, "texture": "#0"}
			}
		},
		{
			"from": [7, 7, 6],
			"to": [9, 15, 8],
			"rotation": {"angle": 22.5, "axis": "y", "origin": [8, 8, 7]},
			"faces": {
				"north": {"uv": [1, 0, 3, 8], "texture": "#0"},
				"east": {"uv": [1, 0, 3, 8], "texture": "#0"},
				"south": {"uv": [1, 0, 3, 8], "texture": "#0"},
				"west": {"uv": [1, 0, 3, 8], "texture": "#0"},
				"up": {"uv": [4, 0, 6, 2], "rotation": 180, "texture": "#0"},
				"down": {"uv": [1, 10, 3, 12], "rotation": 180, "texture": "#0"}
			}
		},
		{
			"from": [6.5, 7, 6],
			"to": [6.5, 15, 8],
			"rotation": {"angle": 22.5, "axis": "y", "origin": [8, 11.5, 7]},
			"faces": {
				"east": {"uv": [10, 0, 8, 8], "texture": "#0"},
				"west": {"uv": [8, 0, 10, 8], "texture": "#0"}
			}
		},
		{
			"from": [7, 7, 8.5],
			"to": [9, 15, 8.5],
			"rotation": {"angle": 22.5, "axis": "y", "origin": [8, 11.5, 7]},
			"faces": {
				"north": {"uv": [11, 0, 9, 8], "texture": "#0"},
				"south": {"uv": [9, 0, 11, 8], "texture": "#0"}
			}
		},
		{
			"from": [9.5, 7, 6],
			"to": [9.5, 15, 8],
			"rotation": {"angle": 22.5, "axis": "y", "origin": [8, 11.5, 7]},
			"faces": {
				"east": {"uv": [10, 0, 12, 8], "texture": "#0"},
				"west": {"uv": [12, 0, 10, 8], "texture": "#0"}
			}
		},
		{
			"from": [7, 7, 5.5],
			"to": [9, 15, 5.5],
			"rotation": {"angle": 22.5, "axis": "y", "origin": [8, 11.5, 7]},
			"faces": {
				"north": {"uv": [9, 0, 7, 8], "texture": "#0"},
				"south": {"uv": [7, 0, 9, 8], "texture": "#0"}
			}
		},
		{
			"from": [7.5, 0, 6.5],
			"to": [8.5, 7, 7.5],
			"rotation": {"angle": -22.5, "axis": "y", "origin": [8, 3.5, 7]},
			"faces": {
				"north": {"uv": [15, 9, 16, 16], "texture": "#0"},
				"east": {"uv": [15, 9, 16, 16], "texture": "#0"},
				"south": {"uv": [15, 9, 16, 16], "texture": "#0"},
				"west": {"uv": [15, 9, 16, 16], "texture": "#0"},
				"down": {"uv": [15, 15, 16, 16], "rotation": 90, "texture": "#0"}
			}
		},
		{
			"from": [6, 2, 8],
			"to": [10, 8, 8],
			"rotation": {"angle": -22.5, "axis": "y", "origin": [8, 4, 7]},
			"faces": {
				"north": {"uv": [8, 10, 12, 16], "texture": "#0"},
				"east": {"uv": [8, 12, 12, 16], "texture": "#0"},
				"south": {"uv": [8, 10, 12, 16], "texture": "#0"},
				"west": {"uv": [8, 12, 12, 16], "texture": "#0"},
				"up": {"uv": [0, 0, 0, 4], "rotation": 270, "texture": "#0"},
				"down": {"uv": [0, 0, 0, 4], "rotation": 90, "texture": "#0"}
			}
		},
		{
			"from": [9, 2, 5],
			"to": [9, 8, 9],
			"rotation": {"angle": -22.5, "axis": "y", "origin": [8, 4, 7]},
			"faces": {
				"north": {"uv": [8, 12, 12, 16], "texture": "#0"},
				"east": {"uv": [8, 10, 12, 16], "texture": "#0"},
				"south": {"uv": [8, 12, 12, 16], "texture": "#0"},
				"west": {"uv": [8, 10, 12, 16], "texture": "#0"},
				"up": {"uv": [0, 0, 0, 4], "rotation": 180, "texture": "#0"},
				"down": {"uv": [0, 0, 0, 4], "rotation": 180, "texture": "#0"}
			}
		},
		{
			"from": [6, 2, 6],
			"to": [10, 8, 6],
			"rotation": {"angle": -22.5, "axis": "y", "origin": [8, 4, 7]},
			"faces": {
				"north": {"uv": [8, 10, 12, 16], "texture": "#0"},
				"east": {"uv": [8, 11, 12, 16], "texture": "#0"},
				"south": {"uv": [8, 10, 12, 16], "texture": "#0"},
				"west": {"uv": [8, 12, 12, 16], "texture": "#0"},
				"up": {"uv": [0, 0, 0, 4], "rotation": 90, "texture": "#0"},
				"down": {"uv": [0, 0, 0, 4], "rotation": 270, "texture": "#0"}
			}
		},
		{
			"from": [6, 7, 5],
			"to": [10, 7, 9],
			"rotation": {"angle": -22.5, "axis": "y", "origin": [8, 4, 7]},
			"faces": {
				"north": {"uv": [8, 12, 12, 16], "texture": "#0"},
				"east": {"uv": [8, 10, 12, 16], "texture": "#0"},
				"south": {"uv": [8, 11, 12, 16], "texture": "#0"},
				"west": {"uv": [8, 10, 12, 16], "texture": "#0"},
				"up": {"uv": [4, 12, 8, 16], "rotation": 180, "texture": "#0"},
				"down": {"uv": [4, 12, 8, 16], "rotation": 180, "texture": "#0"}
			}
		},
		{
			"from": [7, 2, 5],
			"to": [7, 8, 9],
			"rotation": {"angle": -22.5, "axis": "y", "origin": [8, 4, 7]},
			"faces": {
				"north": {"uv": [8, 12, 12, 16], "texture": "#0"},
				"east": {"uv": [8, 10, 12, 16], "texture": "#0"},
				"south": {"uv": [8, 12, 12, 16], "texture": "#0"},
				"west": {"uv": [8, 10, 12, 16], "texture": "#0"},
				"up": {"uv": [0, 0, 0, 4], "texture": "#0"},
				"down": {"uv": [0, 0, 0, 4], "texture": "#0"}
			}
		},
		{
			"from": [3, 7, 10],
			"to": [5, 16, 12],
			"rotation": {"angle": 45, "axis": "y", "origin": [4, 8, 11]},
			"faces": {
				"north": {"uv": [1, 0, 3, 9], "texture": "#0"},
				"east": {"uv": [1, 0, 3, 9], "texture": "#0"},
				"south": {"uv": [1, 0, 3, 9], "texture": "#0"},
				"west": {"uv": [1, 0, 3, 9], "texture": "#0"},
				"up": {"uv": [4, 0, 6, 2], "rotation": 180, "texture": "#0"},
				"down": {"uv": [1, 10, 3, 12], "rotation": 180, "texture": "#0"}
			}
		},
		{
			"from": [2.5, 7, 10],
			"to": [2.5, 16, 12],
			"rotation": {"angle": 45, "axis": "y", "origin": [4, 11.5, 11]},
			"faces": {
				"east": {"uv": [10, 0, 8, 9], "texture": "#0"},
				"west": {"uv": [8, 0, 10, 9], "texture": "#0"}
			}
		},
		{
			"from": [3, 7, 12.5],
			"to": [5, 16, 12.5],
			"rotation": {"angle": 45, "axis": "y", "origin": [4, 11.5, 11]},
			"faces": {
				"north": {"uv": [11, 0, 9, 9], "texture": "#0"},
				"south": {"uv": [9, 0, 11, 9], "texture": "#0"}
			}
		},
		{
			"from": [5.5, 7, 10],
			"to": [5.5, 16, 12],
			"rotation": {"angle": 45, "axis": "y", "origin": [4, 11.5, 11]},
			"faces": {
				"east": {"uv": [10, 0, 12, 9], "texture": "#0"},
				"west": {"uv": [12, 0, 10, 9], "texture": "#0"}
			}
		},
		{
			"from": [3, 7, 9.5],
			"to": [5, 16, 9.5],
			"rotation": {"angle": 45, "axis": "y", "origin": [4, 11.5, 11]},
			"faces": {
				"north": {"uv": [9, 0, 7, 9], "texture": "#0"},
				"south": {"uv": [7, 0, 9, 9], "texture": "#0"}
			}
		},
		{
			"from": [3.5, 0, 10.5],
			"to": [4.5, 7, 11.5],
			"rotation": {"angle": 0, "axis": "y", "origin": [4, 3.5, 11]},
			"faces": {
				"north": {"uv": [15, 9, 16, 16], "texture": "#0"},
				"east": {"uv": [15, 9, 16, 16], "texture": "#0"},
				"south": {"uv": [15, 9, 16, 16], "texture": "#0"},
				"west": {"uv": [15, 9, 16, 16], "texture": "#0"},
				"down": {"uv": [15, 15, 16, 16], "rotation": 90, "texture": "#0"}
			}
		},
		{
			"from": [2, 2, 12],
			"to": [6, 8, 12],
			"rotation": {"angle": 0, "axis": "y", "origin": [4, 4, 11]},
			"faces": {
				"north": {"uv": [8, 10, 12, 16], "texture": "#0"},
				"east": {"uv": [8, 12, 12, 16], "texture": "#0"},
				"south": {"uv": [8, 10, 12, 16], "texture": "#0"},
				"west": {"uv": [8, 12, 12, 16], "texture": "#0"},
				"up": {"uv": [0, 0, 0, 4], "rotation": 270, "texture": "#0"},
				"down": {"uv": [0, 0, 0, 4], "rotation": 90, "texture": "#0"}
			}
		},
		{
			"from": [5, 2, 9],
			"to": [5, 8, 13],
			"rotation": {"angle": 0, "axis": "y", "origin": [4, 4, 11]},
			"faces": {
				"north": {"uv": [8, 12, 12, 16], "texture": "#0"},
				"east": {"uv": [8, 10, 12, 16], "texture": "#0"},
				"south": {"uv": [8, 12, 12, 16], "texture": "#0"},
				"west": {"uv": [8, 10, 12, 16], "texture": "#0"},
				"up": {"uv": [0, 0, 0, 4], "rotation": 180, "texture": "#0"},
				"down": {"uv": [0, 0, 0, 4], "rotation": 180, "texture": "#0"}
			}
		},
		{
			"from": [2, 2, 10],
			"to": [6, 8, 10],
			"rotation": {"angle": 0, "axis": "y", "origin": [4, 4, 11]},
			"faces": {
				"north": {"uv": [8, 10, 12, 16], "texture": "#0"},
				"east": {"uv": [8, 11, 12, 16], "texture": "#0"},
				"south": {"uv": [8, 10, 12, 16], "texture": "#0"},
				"west": {"uv": [8, 12, 12, 16], "texture": "#0"},
				"up": {"uv": [0, 0, 0, 4], "rotation": 90, "texture": "#0"},
				"down": {"uv": [0, 0, 0, 4], "rotation": 270, "texture": "#0"}
			}
		},
		{
			"from": [2, 7, 9],
			"to": [6, 7, 13],
			"rotation": {"angle": 0, "axis": "y", "origin": [4, 4, 11]},
			"faces": {
				"north": {"uv": [8, 12, 12, 16], "texture": "#0"},
				"east": {"uv": [8, 10, 12, 16], "texture": "#0"},
				"south": {"uv": [8, 11, 12, 16], "texture": "#0"},
				"west": {"uv": [8, 10, 12, 16], "texture": "#0"},
				"up": {"uv": [4, 12, 8, 16], "rotation": 180, "texture": "#0"},
				"down": {"uv": [4, 12, 8, 16], "rotation": 180, "texture": "#0"}
			}
		},
		{
			"from": [3, 2, 9],
			"to": [3, 8, 13],
			"rotation": {"angle": 0, "axis": "y", "origin": [4, 4, 11]},
			"faces": {
				"north": {"uv": [8, 12, 12, 16], "texture": "#0"},
				"east": {"uv": [8, 10, 12, 16], "texture": "#0"},
				"south": {"uv": [8, 12, 12, 16], "texture": "#0"},
				"west": {"uv": [8, 10, 12, 16], "texture": "#0"},
				"up": {"uv": [0, 0, 0, 4], "texture": "#0"},
				"down": {"uv": [0, 0, 0, 4], "texture": "#0"}
			}
		},
		{
			"from": [11, 7, 4],
			"to": [13, 16, 6],
			"rotation": {"angle": -22.5, "axis": "y", "origin": [12, 8, 5]},
			"faces": {
				"north": {"uv": [1, 0, 3, 9], "texture": "#0"},
				"east": {"uv": [1, 0, 3, 9], "texture": "#0"},
				"south": {"uv": [1, 0, 3, 9], "texture": "#0"},
				"west": {"uv": [1, 0, 3, 9], "texture": "#0"},
				"up": {"uv": [4, 0, 6, 2], "rotation": 90, "texture": "#0"},
				"down": {"uv": [1, 10, 3, 12], "rotation": 270, "texture": "#0"}
			}
		},
		{
			"from": [11, 7, 6.5],
			"to": [13, 16, 6.5],
			"rotation": {"angle": -22.5, "axis": "y", "origin": [12, 11.5, 5]},
			"faces": {
				"north": {"uv": [10, 0, 8, 9], "texture": "#0"},
				"south": {"uv": [8, 0, 10, 9], "texture": "#0"}
			}
		},
		{
			"from": [13.5, 7, 4],
			"to": [13.5, 16, 6],
			"rotation": {"angle": -22.5, "axis": "y", "origin": [12, 11.5, 5]},
			"faces": {
				"east": {"uv": [9, 0, 11, 9], "texture": "#0"},
				"west": {"uv": [11, 0, 9, 9], "texture": "#0"}
			}
		},
		{
			"from": [11, 7, 3.5],
			"to": [13, 16, 3.5],
			"rotation": {"angle": -22.5, "axis": "y", "origin": [12, 11.5, 5]},
			"faces": {
				"north": {"uv": [10, 0, 12, 9], "texture": "#0"},
				"south": {"uv": [12, 0, 10, 9], "texture": "#0"}
			}
		},
		{
			"from": [10.5, 7, 4],
			"to": [10.5, 16, 6],
			"rotation": {"angle": -22.5, "axis": "y", "origin": [12, 11.5, 5]},
			"faces": {
				"east": {"uv": [7, 0, 9, 9], "texture": "#0"},
				"west": {"uv": [9, 0, 7, 9], "texture": "#0"}
			}
		},
		{
			"from": [11.5, 0, 4.5],
			"to": [12.5, 7, 5.5],
			"rotation": {"angle": 22.5, "axis": "y", "origin": [12, 3.5, 5]},
			"faces": {
				"north": {"uv": [15, 9, 16, 16], "texture": "#0"},
				"east": {"uv": [15, 9, 16, 16], "texture": "#0"},
				"south": {"uv": [15, 9, 16, 16], "texture": "#0"},
				"west": {"uv": [15, 9, 16, 16], "texture": "#0"},
				"down": {"uv": [15, 15, 16, 16], "rotation": 90, "texture": "#0"}
			}
		},
		{
			"from": [10, 2, 6],
			"to": [14, 8, 6],
			"rotation": {"angle": 22.5, "axis": "y", "origin": [12, 4, 5]},
			"faces": {
				"north": {"uv": [8, 10, 12, 16], "texture": "#0"},
				"east": {"uv": [8, 12, 12, 16], "texture": "#0"},
				"south": {"uv": [8, 10, 12, 16], "texture": "#0"},
				"west": {"uv": [8, 12, 12, 16], "texture": "#0"},
				"up": {"uv": [0, 0, 0, 4], "rotation": 270, "texture": "#0"},
				"down": {"uv": [0, 0, 0, 4], "rotation": 90, "texture": "#0"}
			}
		},
		{
			"from": [13, 2, 3],
			"to": [13, 8, 7],
			"rotation": {"angle": 22.5, "axis": "y", "origin": [12, 4, 5]},
			"faces": {
				"north": {"uv": [8, 12, 12, 16], "texture": "#0"},
				"east": {"uv": [8, 10, 12, 16], "texture": "#0"},
				"south": {"uv": [8, 12, 12, 16], "texture": "#0"},
				"west": {"uv": [8, 10, 12, 16], "texture": "#0"},
				"up": {"uv": [0, 0, 0, 4], "rotation": 180, "texture": "#0"},
				"down": {"uv": [0, 0, 0, 4], "rotation": 180, "texture": "#0"}
			}
		},
		{
			"from": [10, 2, 4],
			"to": [14, 8, 4],
			"rotation": {"angle": 22.5, "axis": "y", "origin": [12, 4, 5]},
			"faces": {
				"north": {"uv": [8, 10, 12, 16], "texture": "#0"},
				"east": {"uv": [8, 11, 12, 16], "texture": "#0"},
				"south": {"uv": [8, 10, 12, 16], "texture": "#0"},
				"west": {"uv": [8, 12, 12, 16], "texture": "#0"},
				"up": {"uv": [0, 0, 0, 4], "rotation": 90, "texture": "#0"},
				"down": {"uv": [0, 0, 0, 4], "rotation": 270, "texture": "#0"}
			}
		},
		{
			"from": [10, 7, 3],
			"to": [14, 7, 7],
			"rotation": {"angle": 22.5, "axis": "y", "origin": [12, 4, 5]},
			"faces": {
				"north": {"uv": [8, 12, 12, 16], "texture": "#0"},
				"east": {"uv": [8, 10, 12, 16], "texture": "#0"},
				"south": {"uv": [8, 11, 12, 16], "texture": "#0"},
				"west": {"uv": [8, 10, 12, 16], "texture": "#0"},
				"up": {"uv": [4, 12, 8, 16], "rotation": 180, "texture": "#0"},
				"down": {"uv": [4, 12, 8, 16], "rotation": 180, "texture": "#0"}
			}
		},
		{
			"from": [11, 2, 3],
			"to": [11, 8, 7],
			"rotation": {"angle": 22.5, "axis": "y", "origin": [12, 4, 5]},
			"faces": {
				"north": {"uv": [8, 12, 12, 16], "texture": "#0"},
				"east": {"uv": [8, 10, 12, 16], "texture": "#0"},
				"south": {"uv": [8, 12, 12, 16], "texture": "#0"},
				"west": {"uv": [8, 10, 12, 16], "texture": "#0"},
				"up": {"uv": [0, 0, 0, 4], "texture": "#0"},
				"down": {"uv": [0, 0, 0, 4], "texture": "#0"}
			}
		}
	],
	"groups": [
		{
			"name": "group",
			"origin": [8, 3.5, 8],
			"color": 0,
			"children": [
				{
					"name": "group",
					"origin": [8, 3.5, 8],
					"color": 0,
					"children": [
						0,
						{
							"name": "group",
							"origin": [8, 11.5, 8],
							"color": 0,
							"children": [1, 2, 3, 4]
						}
					]
				},
				{
					"name": "group",
					"origin": [8, 3.5, 8],
					"color": 0,
					"children": [
						5,
						{
							"name": "group",
							"origin": [8, 4, 8],
							"color": 0,
							"children": [6, 7, 8, 9, 10]
						}
					]
				}
			]
		},
		{
			"name": "group",
			"origin": [8, 3.5, 8],
			"color": 0,
			"children": [
				{
					"name": "group",
					"origin": [8, 3.5, 8],
					"color": 0,
					"children": [
						11,
						{
							"name": "group",
							"origin": [8, 11.5, 8],
							"color": 0,
							"children": [12, 13, 14, 15]
						}
					]
				},
				{
					"name": "group",
					"origin": [8, 3.5, 8],
					"color": 0,
					"children": [
						16,
						{
							"name": "group",
							"origin": [8, 4, 8],
							"color": 0,
							"children": [17, 18, 19, 20, 21]
						}
					]
				}
			]
		},
		{
			"name": "group",
			"origin": [8, 3.5, 8],
			"color": 0,
			"children": [
				{
					"name": "group",
					"origin": [8, 3.5, 8],
					"color": 0,
					"children": [
						22,
						{
							"name": "group",
							"origin": [8, 11.5, 8],
							"color": 0,
							"children": [23, 24, 25, 26]
						}
					]
				},
				{
					"name": "group",
					"origin": [8, 3.5, 8],
					"color": 0,
					"children": [
						27,
						{
							"name": "group",
							"origin": [8, 4, 8],
							"color": 0,
							"children": [28, 29, 30, 31, 32]
						}
					]
				}
			]
		},
		{
			"name": "group",
			"origin": [8, 3.5, 8],
			"color": 0,
			"children": [
				{
					"name": "group",
					"origin": [8, 3.5, 8],
					"color": 0,
					"children": [
						33,
						{
							"name": "group",
							"origin": [8, 11.5, 8],
							"color": 0,
							"children": [34, 35, 36, 37]
						}
					]
				},
				{
					"name": "group",
					"origin": [8, 3.5, 8],
					"color": 0,
					"children": [
						38,
						{
							"name": "group",
							"origin": [8, 4, 8],
							"color": 0,
							"children": [39, 40, 41, 42, 43]
						}
					]
				}
			]
		},
		{
			"name": "group",
			"origin": [8, 3.5, 8],
			"color": 0,
			"children": [
				{
					"name": "group",
					"origin": [8, 3.5, 8],
					"color": 0,
					"children": [
						44,
						{
							"name": "group",
							"origin": [8, 11.5, 8],
							"color": 0,
							"children": [45, 46, 47, 48]
						}
					]
				},
				{
					"name": "group",
					"origin": [8, 3.5, 8],
					"color": 0,
					"children": [
						49,
						{
							"name": "group",
							"origin": [8, 4, 8],
							"color": 0,
							"children": [50, 51, 52, 53, 54]
						}
					]
				}
			]
		}
	]
}