{
	"credit": "Made by Sawors",
	"parent": "block/_flower",
	"textures": {
		"0": "block/allium",
		"1": "block/flower_dirt",
		"particle": "block/allium"
	},
	"elements": [
		{
			"from": [7.5, 0, 7.5],
			"to": [8.5, 9, 8.5],
			"rotation": {"angle": 45, "axis": "y", "origin": [8, 4.5, 8]},
			"faces": {
				"north": {"uv": [7, 7, 8, 16], "texture": "#0"},
				"east": {"uv": [7, 7, 8, 16], "texture": "#0"},
				"south": {"uv": [7, 7, 8, 16], "texture": "#0"},
				"west": {"uv": [7, 7, 8, 16], "texture": "#0"},
				"up": {"uv": [0, 0, 0, 1], "rotation": 270, "texture": "#0"},
				"down": {"uv": [7, 15, 8, 16], "rotation": 90, "texture": "#0"}
			}
		},
		{
			"from": [7, 8, 7],
			"to": [9, 9, 9],
			"rotation": {"angle": 0, "axis": "y", "origin": [16, 16, 16]},
			"faces": {
				"north": {"uv": [5, 6, 7, 7], "texture": "#0"},
				"east": {"uv": [7, 6, 9, 7], "texture": "#0"},
				"south": {"uv": [8, 6, 10, 7], "texture": "#0"},
				"west": {"uv": [5, 6, 7, 7], "texture": "#0"},
				"up": {"uv": [0, 0, 2, 2], "texture": "#0"},
				"down": {"uv": [8, 5, 10, 7], "texture": "#0"}
			}
		},
		{
			"from": [6, 9, 6],
			"to": [10, 13, 10],
			"rotation": {"angle": 0, "axis": "y", "origin": [16, 17, 16]},
			"faces": {
				"north": {"uv": [5, 3, 9, 7], "rotation": 90, "texture": "#0"},
				"east": {"uv": [6, 3, 10, 7], "rotation": 90, "texture": "#0"},
				"south": {"uv": [6, 3, 10, 7], "rotation": 90, "texture": "#0"},
				"west": {"uv": [5, 3, 9, 7], "texture": "#0"},
				"up": {"uv": [5, 3, 9, 7], "texture": "#0"},
				"down": {"uv": [6, 3, 10, 7], "texture": "#0"}
			}
		},
		{
			"from": [6, 13, 8],
			"to": [10, 13, 10],
			"rotation": {"angle": -22.5, "axis": "x", "origin": [8, 13, 8]},
			"faces": {
				"north": {"uv": [0, 0, 0, 1], "rotation": 90, "texture": "#0"},
				"east": {"uv": [0, 0, 0, 1], "rotation": 90, "texture": "#0"},
				"south": {"uv": [0, 0, 0, 1], "rotation": 270, "texture": "#0"},
				"west": {"uv": [0, 0, 0, 1], "rotation": 90, "texture": "#0"},
				"up": {"uv": [4, 3, 6, 7], "rotation": 270, "texture": "#0"},
				"down": {"uv": [6, 7, 4, 3], "rotation": 270, "texture": "#0"}
			}
		},
		{
			"from": [6, 13, 6],
			"to": [10, 13, 8],
			"rotation": {"angle": 22.5, "axis": "x", "origin": [8, 13, 8]},
			"faces": {
				"north": {"uv": [0, 0, 0, 1], "rotation": 270, "texture": "#0"},
				"east": {"uv": [0, 0, 0, 1], "rotation": 90, "texture": "#0"},
				"south": {"uv": [0, 0, 0, 1], "rotation": 90, "texture": "#0"},
				"west": {"uv": [0, 0, 0, 1], "rotation": 90, "texture": "#0"},
				"up": {"uv": [4, 3, 6, 7], "rotation": 90, "texture": "#0"},
				"down": {"uv": [6, 3, 4, 7], "rotation": 90, "texture": "#0"}
			}
		},
		{
			"from": [8, 13, 6],
			"to": [10, 13, 10],
			"rotation": {"angle": 22.5, "axis": "z", "origin": [8, 13, 8]},
			"faces": {
				"north": {"uv": [0, 0, 0, 1], "rotation": 90, "texture": "#0"},
				"east": {"uv": [0, 0, 0, 1], "rotation": 270, "texture": "#0"},
				"south": {"uv": [0, 0, 0, 1], "rotation": 90, "texture": "#0"},
				"west": {"uv": [0, 0, 0, 1], "rotation": 90, "texture": "#0"},
				"up": {"uv": [4, 3, 6, 7], "rotation": 180, "texture": "#0"},
				"down": {"uv": [6, 7, 4, 3], "texture": "#0"}
			}
		},
		{
			"from": [6, 13, 6],
			"to": [8, 13, 10],
			"rotation": {"angle": -22.5, "axis": "z", "origin": [8, 13, 8]},
			"faces": {
				"north": {"uv": [0, 0, 0, 1], "rotation": 90, "texture": "#0"},
				"east": {"uv": [0, 0, 0, 1], "rotation": 90, "texture": "#0"},
				"south": {"uv": [0, 0, 0, 1], "rotation": 90, "texture": "#0"},
				"west": {"uv": [0, 0, 0, 1], "rotation": 270, "texture": "#0"},
				"up": {"uv": [4, 3, 6, 7], "texture": "#0"},
				"down": {"uv": [6, 3, 4, 7], "rotation": 180, "texture": "#0"}
			}
		},
		{
			"from": [6, 9, 6],
			"to": [6, 13, 8],
			"rotation": {"angle": 22.5, "axis": "y", "origin": [6, 11, 8]},
			"faces": {
				"north": {"uv": [0, 0, 0, 1], "texture": "#0"},
				"east": {"uv": [6, 3, 4, 7], "texture": "#0"},
				"south": {"uv": [0, 0, 0, 1], "texture": "#0"},
				"west": {"uv": [4, 7, 6, 3], "texture": "#0"},
				"up": {"uv": [0, 0, 0, 1], "texture": "#0"},
				"down": {"uv": [0, 0, 0, 1], "texture": "#0"}
			}
		},
		{
			"from": [8, 9, 6],
			"to": [10, 13, 6],
			"rotation": {"angle": 22.5, "axis": "y", "origin": [8, 11, 6]},
			"faces": {
				"north": {"uv": [4, 7, 6, 3], "texture": "#0"},
				"east": {"uv": [0, 0, 0, 1], "texture": "#0"},
				"south": {"uv": [6, 3, 4, 7], "texture": "#0"},
				"west": {"uv": [0, 0, 0, 1], "texture": "#0"},
				"up": {"uv": [0, 0, 0, 1], "rotation": 90, "texture": "#0"},
				"down": {"uv": [0, 0, 0, 1], "rotation": 270, "texture": "#0"}
			}
		},
		{
			"from": [6, 9, 8],
			"to": [6, 13, 10],
			"rotation": {"angle": -22.5, "axis": "y", "origin": [6, 11, 8]},
			"faces": {
				"north": {"uv": [0, 0, 0, 1], "rotation": 180, "texture": "#0"},
				"east": {"uv": [6, 7, 4, 3], "rotation": 180, "texture": "#0"},
				"south": {"uv": [0, 0, 0, 1], "rotation": 180, "texture": "#0"},
				"west": {"uv": [4, 7, 6, 3], "rotation": 180, "texture": "#0"},
				"up": {"uv": [0, 0, 0, 1], "texture": "#0"},
				"down": {"uv": [0, 0, 0, 1], "texture": "#0"}
			}
		},
		{
			"from": [6, 9, 6],
			"to": [8, 13, 6],
			"rotation": {"angle": -22.5, "axis": "y", "origin": [8, 11, 6]},
			"faces": {
				"north": {"uv": [4, 7, 6, 3], "rotation": 180, "texture": "#0"},
				"east": {"uv": [0, 0, 0, 1], "rotation": 180, "texture": "#0"},
				"south": {"uv": [6, 7, 4, 3], "rotation": 180, "texture": "#0"},
				"west": {"uv": [0, 0, 0, 1], "rotation": 180, "texture": "#0"},
				"up": {"uv": [0, 0, 0, 1], "rotation": 90, "texture": "#0"},
				"down": {"uv": [0, 0, 0, 1], "rotation": 270, "texture": "#0"}
			}
		},
		{
			"from": [10, 9, 8],
			"to": [10, 13, 10],
			"rotation": {"angle": 22.5, "axis": "y", "origin": [10, 11, 8]},
			"faces": {
				"north": {"uv": [0, 0, 0, 1], "rotation": 180, "texture": "#0"},
				"east": {"uv": [4, 7, 6, 3], "texture": "#0"},
				"south": {"uv": [0, 0, 0, 1], "rotation": 180, "texture": "#0"},
				"west": {"uv": [11, 3, 9, 7], "rotation": 180, "texture": "#0"},
				"up": {"uv": [0, 0, 0, 1], "texture": "#0"},
				"down": {"uv": [0, 0, 0, 1], "texture": "#0"}
			}
		},
		{
			"from": [6, 9, 10],
			"to": [8, 13, 10],
			"rotation": {"angle": 22.5, "axis": "y", "origin": [8, 11, 10]},
			"faces": {
				"north": {"uv": [11, 3, 9, 7], "rotation": 180, "texture": "#0"},
				"east": {"uv": [0, 0, 0, 1], "rotation": 180, "texture": "#0"},
				"south": {"uv": [4, 7, 6, 3], "texture": "#0"},
				"west": {"uv": [0, 0, 0, 1], "rotation": 180, "texture": "#0"},
				"up": {"uv": [0, 0, 0, 1], "rotation": 90, "texture": "#0"},
				"down": {"uv": [0, 0, 0, 1], "rotation": 270, "texture": "#0"}
			}
		},
		{
			"from": [10, 9, 6],
			"to": [10, 13, 8],
			"rotation": {"angle": -22.5, "axis": "y", "origin": [10, 11, 8]},
			"faces": {
				"north": {"uv": [0, 0, 0, 1], "texture": "#0"},
				"east": {"uv": [4, 7, 6, 3], "rotation": 180, "texture": "#0"},
				"south": {"uv": [0, 0, 0, 1], "texture": "#0"},
				"west": {"uv": [11, 7, 9, 3], "texture": "#0"},
				"up": {"uv": [0, 0, 0, 1], "texture": "#0"},
				"down": {"uv": [0, 0, 0, 1], "texture": "#0"}
			}
		},
		{
			"from": [8, 9, 10],
			"to": [10, 13, 10],
			"rotation": {"angle": -22.5, "axis": "y", "origin": [8, 11, 10]},
			"faces": {
				"north": {"uv": [11, 7, 9, 3], "texture": "#0"},
				"east": {"uv": [0, 0, 0, 1], "texture": "#0"},
				"south": {"uv": [4, 7, 6, 3], "rotation": 180, "texture": "#0"},
				"west": {"uv": [0, 0, 0, 1], "texture": "#0"},
				"up": {"uv": [0, 0, 0, 1], "rotation": 90, "texture": "#0"},
				"down": {"uv": [0, 0, 0, 1], "rotation": 270, "texture": "#0"}
			}
		},
		{
			"from": [6, -4, 6],
			"to": [10, -0.1, 10],
			"faces": {
				"north": {"uv": [0, 0, 4, 4], "texture": "#1"},
				"east": {"uv": [8, 0, 12, 4], "texture": "#1"},
				"south": {"uv": [12, 0, 16, 4], "texture": "#1"},
				"west": {"uv": [12, 0, 16, 4], "texture": "#1"},
				"up": {"uv": [4, 0, 8, 4], "texture": "#1"},
				"down": {"uv": [8, 0, 12, 4], "texture": "#1"}
			}
		},
		{
			"from": [4, -9, 8],
			"to": [12, -0.1, 8],
			"faces": {
				"north": {"uv": [0, 7, 8, 15.9], "texture": "#1"}
			}
		},
		{
			"from": [8, -9, 4],
			"to": [8, -0.1, 12],
			"rotation": {"angle": 0, "axis": "y", "origin": [8, -4.55, 8]},
			"faces": {
				"west": {"uv": [8, 7, 16, 15.9], "texture": "#1"}
			}
		}
	],
	"groups": [
		0,
		1,
		2,
		{
			"name": "group",
			"origin": [6, 16, 8],
			"color": 0,
			"children": [3, 4, 5, 6]
		},
		{
			"name": "group",
			"origin": [8, 11, 10],
			"color": 0,
			"children": [7, 8, 9, 10, 11, 12, 13, 14]
		},
		{
			"name": "group",
			"origin": [8, -4.55, 8],
			"color": 0,
			"children": [15, 16, 17]
		}
	]
}