{
	"credit": "Made by Sawors",
	"parent": "block/_flower",
	"textures": {
		"0": "block/azure_bluet",
		"particle": "block/azure_bluet"
	},
	"elements": [
		{
			"from": [8, 0, 4.5],
			"to": [8, 9, 11.5],
			"rotation": {"angle": 45, "axis": "y", "origin": [8, 5, 8]},
			"faces": {
				"north": {"uv": [0, 0, 0, 9], "texture": "#missing"},
				"east": {"uv": [11, 7, 4, 16], "texture": "#0"},
				"south": {"uv": [0, 0, 0, 9], "texture": "#missing"},
				"west": {"uv": [4, 7, 11, 16], "texture": "#0"},
				"up": {"uv": [0, 0, 7, 0], "rotation": 270, "texture": "#missing"},
				"down": {"uv": [0, 0, 7, 0], "rotation": 90, "texture": "#missing"}
			}
		},
		{
			"from": [7.5, 0, 7.5],
			"to": [8.5, 4, 8.5],
			"rotation": {"angle": 45, "axis": "y", "origin": [8, 5, 8]},
			"faces": {
				"north": {"uv": [7, 12, 8, 16], "texture": "#0"},
				"east": {"uv": [7, 12, 8, 16], "texture": "#0"},
				"south": {"uv": [7, 12, 8, 16], "texture": "#0"},
				"west": {"uv": [7, 12, 8, 16], "texture": "#0"},
				"up": {"uv": [7, 12, 8, 13], "texture": "#0"},
				"down": {"uv": [7, 15, 8, 16], "texture": "#0"}
			}
		},
		{
			"from": [4.5, 0, 8],
			"to": [11.5, 9, 8],
			"rotation": {"angle": 45, "axis": "y", "origin": [8, 5, 8]},
			"faces": {
				"north": {"uv": [4, 7, 11, 16], "texture": "#0"},
				"east": {"uv": [0, 0, 0, 9], "texture": "#missing"},
				"south": {"uv": [11, 7, 4, 16], "texture": "#0"},
				"west": {"uv": [0, 0, 0, 9], "texture": "#missing"},
				"up": {"uv": [0, 0, 7, 0], "texture": "#missing"},
				"down": {"uv": [0, 0, 7, 0], "texture": "#missing"}
			}
		},
		{
			"from": [3.5, 6, 7],
			"to": [5.5, 8, 9],
			"rotation": {"angle": 45, "axis": "y", "origin": [8, 5, 8]},
			"faces": {
				"north": {"uv": [8, 0, 10, 2], "texture": "#0"},
				"east": {"uv": [10, 2, 12, 4], "texture": "#0"},
				"south": {"uv": [10, 2, 8, 4], "texture": "#0"},
				"west": {"uv": [14, 0, 12, 2], "texture": "#0"},
				"up": {"uv": [8, 0, 6, 2], "texture": "#0"},
				"down": {"uv": [10, 2, 12, 4], "texture": "#0"}
			}
		},
		{
			"from": [9.47487, 5, 4.52513],
			"to": [11.47487, 7, 6.52513],
			"rotation": {"angle": 0, "axis": "y", "origin": [10.47487, 6, 5.52513]},
			"faces": {
				"north": {"uv": [10, 0, 12, 2], "rotation": 180, "texture": "#0"},
				"east": {"uv": [8, 0, 6, 2], "rotation": 180, "texture": "#0"},
				"south": {"uv": [12, 2, 14, 4], "rotation": 180, "texture": "#0"},
				"west": {"uv": [10, 2, 8, 4], "rotation": 180, "texture": "#0"},
				"up": {"uv": [6, 2, 8, 4], "rotation": 270, "texture": "#0"},
				"down": {"uv": [14, 0, 16, 2], "rotation": 90, "texture": "#0"}
			}
		},
		{
			"from": [9, 1.5, 7.5],
			"to": [11, 3.5, 9.5],
			"rotation": {"angle": 45, "axis": "y", "origin": [8, 5, 8]},
			"faces": {
				"north": {"uv": [10, 0, 12, 2], "rotation": 180, "texture": "#0"},
				"east": {"uv": [8, 0, 6, 2], "rotation": 180, "texture": "#0"},
				"south": {"uv": [12, 2, 14, 4], "rotation": 180, "texture": "#0"},
				"west": {"uv": [10, 2, 8, 4], "rotation": 180, "texture": "#0"},
				"up": {"uv": [6, 2, 8, 4], "rotation": 270, "texture": "#0"},
				"down": {"uv": [14, 0, 16, 2], "rotation": 90, "texture": "#0"}
			}
		},
		{
			"from": [4.52513, 2.5, 3.81802],
			"to": [6.52513, 4.5, 5.81802],
			"rotation": {"angle": 22.5, "axis": "y", "origin": [5.52513, 3.5, 4.81802]},
			"faces": {
				"north": {"uv": [10, 0, 8, 2], "texture": "#0"},
				"east": {"uv": [10, 0, 12, 2], "texture": "#0"},
				"south": {"uv": [10, 2, 8, 4], "texture": "#0"},
				"west": {"uv": [12, 2, 14, 4], "texture": "#0"},
				"up": {"uv": [6, 0, 8, 2], "texture": "#0"},
				"down": {"uv": [10, 2, 12, 4], "texture": "#0"}
			}
		},
		{
			"from": [6.29289, 4.5, 6.29289],
			"to": [8.29289, 6.5, 8.29289],
			"rotation": {"angle": 0, "axis": "y", "origin": [7.29289, 5.5, 7.29289]},
			"faces": {
				"north": {"uv": [12, 0, 14, 2], "texture": "#0"},
				"east": {"uv": [12, 2, 14, 4], "texture": "#0"},
				"south": {"uv": [10, 2, 8, 4], "texture": "#0"},
				"west": {"uv": [10, 0, 8, 2], "texture": "#0"},
				"up": {"uv": [8, 0, 6, 2], "texture": "#0"},
				"down": {"uv": [10, 2, 12, 4], "texture": "#0"}
			}
		},
		{
			"from": [7.5, 6.5, 8.5],
			"to": [9.5, 8.5, 10.5],
			"rotation": {"angle": 45, "axis": "y", "origin": [8, 5, 8]},
			"faces": {
				"north": {"uv": [10, 0, 8, 2], "texture": "#0"},
				"east": {"uv": [10, 0, 12, 2], "texture": "#0"},
				"south": {"uv": [10, 2, 8, 4], "texture": "#0"},
				"west": {"uv": [12, 2, 14, 4], "texture": "#0"},
				"up": {"uv": [6, 0, 8, 2], "texture": "#0"},
				"down": {"uv": [10, 2, 12, 4], "texture": "#0"}
			}
		},
		{
			"from": [8.76777, 4.5, 9.47487],
			"to": [10.76777, 6.5, 11.47487],
			"rotation": {"angle": 0, "axis": "y", "origin": [9.76777, 5.5, 10.47487]},
			"faces": {
				"north": {"uv": [14, 2, 12, 4], "texture": "#0"},
				"east": {"uv": [8, 2, 10, 4], "texture": "#0"},
				"south": {"uv": [12, 0, 10, 2], "texture": "#0"},
				"west": {"uv": [8, 0, 10, 2], "texture": "#0"},
				"up": {"uv": [8, 0, 6, 2], "rotation": 270, "texture": "#0"},
				"down": {"uv": [12, 2, 10, 4], "rotation": 90, "texture": "#0"}
			}
		},
		{
			"from": [9.47487, 1.5, 10.18198],
			"to": [11.47487, 3.5, 12.18198],
			"rotation": {"angle": -22.5, "axis": "y", "origin": [10.47487, 2.5, 11.18198]},
			"faces": {
				"north": {"uv": [10, 2, 12, 0], "texture": "#0"},
				"east": {"uv": [10, 4, 8, 2], "texture": "#0"},
				"south": {"uv": [12, 4, 14, 2], "texture": "#0"},
				"west": {"uv": [10, 2, 8, 0], "texture": "#0"},
				"up": {"uv": [10, 4, 12, 2], "rotation": 270, "texture": "#0"},
				"down": {"uv": [6, 2, 8, 0], "rotation": 90, "texture": "#0"}
			}
		},
		{
			"from": [3.81802, 1.5, 9.47487],
			"to": [5.81802, 3.5, 11.47487],
			"rotation": {"angle": 0, "axis": "y", "origin": [4.81802, 2.5, 10.47487]},
			"faces": {
				"north": {"uv": [10, 0, 12, 2], "texture": "#0"},
				"east": {"uv": [10, 2, 8, 4], "texture": "#0"},
				"south": {"uv": [11, 0, 9, 2], "rotation": 180, "texture": "#0"},
				"west": {"uv": [10, 0, 8, 2], "rotation": 180, "texture": "#0"},
				"up": {"uv": [8, 2, 6, 4], "rotation": 90, "texture": "#0"},
				"down": {"uv": [10, 0, 12, 2], "rotation": 270, "texture": "#0"}
			}
		}
	],
	"groups": [
		{
			"name": "group",
			"origin": [8, 2, 8],
			"color": 0,
			"children": [0, 1, 2, 3, 4, 5, 6, 7, 8, 9, 10, 11]
		}
	]
}