{
	"credit": "Made by Sawors",
	"parent": "block/_flower",
	"textures": {
		"0": "block/blue_orchid",
		"particle": "block/blue_orchid"
	},
	"elements": [
		{
			"from": [7.5, 0, 7.5],
			"to": [8.5, 8, 8.5],
			"rotation": {"angle": 45, "axis": "y", "origin": [8, 4, 8]},
			"faces": {
				"north": {"uv": [8, 8, 9, 16], "texture": "#0"},
				"east": {"uv": [8, 8, 9, 16], "texture": "#0"},
				"south": {"uv": [8, 8, 9, 16], "texture": "#0"},
				"west": {"uv": [8, 8, 9, 16], "texture": "#0"},
				"up": {"uv": [8, 8, 9, 9], "texture": "#0"},
				"down": {"uv": [8, 15, 9, 16], "texture": "#0"}
			}
		},
		{
			"from": [3.5, 0, 8],
			"to": [12.5, 10, 8],
			"rotation": {"angle": 45, "axis": "y", "origin": [8, 4, 8]},
			"faces": {
				"north": {"uv": [4, 6, 13, 16], "texture": "#0"},
				"east": {"uv": [0, 0, 0, 10], "texture": "#missing"},
				"south": {"uv": [13, 6, 4, 16], "texture": "#0"},
				"west": {"uv": [0, 0, 0, 10], "texture": "#missing"},
				"up": {"uv": [0, 0, 9, 0], "texture": "#missing"},
				"down": {"uv": [0, 0, 9, 0], "texture": "#missing"}
			}
		},
		{
			"from": [8, 0, 3.5],
			"to": [8, 10, 12.5],
			"rotation": {"angle": 45, "axis": "y", "origin": [8, 4, 8]},
			"faces": {
				"north": {"uv": [0, 0, 0, 10], "texture": "#missing"},
				"east": {"uv": [13, 6, 4, 16], "texture": "#0"},
				"south": {"uv": [0, 0, 0, 10], "texture": "#missing"},
				"west": {"uv": [4, 6, 13, 16], "texture": "#0"},
				"up": {"uv": [0, 0, 9, 0], "rotation": 270, "texture": "#missing"},
				"down": {"uv": [0, 0, 9, 0], "rotation": 90, "texture": "#missing"}
			}
		},
		{
			"from": [8, 12.5, 6],
			"to": [12, 12.5, 10],
			"rotation": {"angle": 45, "axis": "y", "origin": [8, 8, 8]},
			"faces": {
				"north": {"uv": [0, 0, 4, 0], "texture": "#0"},
				"east": {"uv": [4, 0, 4, 4], "rotation": 270, "texture": "#0"},
				"south": {"uv": [0, 0, 4, 0], "rotation": 180, "texture": "#0"},
				"west": {"uv": [4, 0, 4, 4], "rotation": 90, "texture": "#0"},
				"up": {"uv": [4, 0, 8, 4], "rotation": 180, "texture": "#0"},
				"down": {"uv": [4, 0, 8, 4], "texture": "#0"}
			}
		},
		{
			"from": [8, 10.5, 6],
			"to": [12, 10.5, 10],
			"rotation": {"angle": 45, "axis": "y", "origin": [8, 8, 8]},
			"faces": {
				"north": {"uv": [0, 0, 4, 0], "texture": "#0"},
				"east": {"uv": [4, 0, 4, 4], "rotation": 270, "texture": "#0"},
				"south": {"uv": [0, 0, 4, 0], "rotation": 180, "texture": "#0"},
				"west": {"uv": [4, 0, 4, 4], "rotation": 90, "texture": "#0"},
				"up": {"uv": [4, 0, 8, 4], "rotation": 180, "texture": "#0"},
				"down": {"uv": [4, 0, 8, 4], "texture": "#0"}
			}
		},
		{
			"from": [8, 9.5, 9],
			"to": [12, 13.5, 9],
			"rotation": {"angle": 45, "axis": "y", "origin": [8, 8, 8]},
			"faces": {
				"north": {"uv": [4, 0, 8, 4], "texture": "#0"},
				"east": {"uv": [4, 0, 4, 4], "texture": "#0"},
				"south": {"uv": [4, 0, 8, 4], "texture": "#0"},
				"west": {"uv": [4, 0, 4, 4], "texture": "#0"},
				"up": {"uv": [4, 0, 8, 0], "texture": "#0"},
				"down": {"uv": [4, 0, 8, 0], "texture": "#0"}
			}
		},
		{
			"from": [8, 9.5, 7],
			"to": [12, 13.5, 7],
			"rotation": {"angle": 45, "axis": "y", "origin": [8, 8, 8]},
			"faces": {
				"north": {"uv": [4, 0, 8, 4], "texture": "#0"},
				"east": {"uv": [4, 0, 4, 4], "texture": "#0"},
				"south": {"uv": [4, 0, 8, 4], "texture": "#0"},
				"west": {"uv": [4, 0, 4, 4], "texture": "#0"},
				"up": {"uv": [4, 0, 8, 0], "texture": "#0"},
				"down": {"uv": [4, 0, 8, 0], "texture": "#0"}
			}
		},
		{
			"from": [9, 9.5, 6],
			"to": [9, 13.5, 10],
			"rotation": {"angle": 45, "axis": "y", "origin": [8, 8, 8]},
			"faces": {
				"north": {"uv": [0, 0, 0, 4], "texture": "#0"},
				"east": {"uv": [4, 0, 8, 4], "texture": "#0"},
				"south": {"uv": [0, 0, 0, 4], "texture": "#0"},
				"west": {"uv": [4, 0, 8, 4], "texture": "#0"},
				"up": {"uv": [4, 0, 8, 0], "rotation": 270, "texture": "#0"},
				"down": {"uv": [4, 0, 8, 0], "rotation": 90, "texture": "#0"}
			}
		},
		{
			"from": [11, 9.5, 6],
			"to": [11, 13.5, 10],
			"rotation": {"angle": 45, "axis": "y", "origin": [8, 8, 8]},
			"faces": {
				"north": {"uv": [0, 0, 0, 4], "texture": "#0"},
				"east": {"uv": [4, 0, 8, 4], "texture": "#0"},
				"south": {"uv": [0, 0, 0, 4], "texture": "#0"},
				"west": {"uv": [4, 0, 8, 4], "texture": "#0"},
				"up": {"uv": [4, 0, 8, 0], "rotation": 270, "texture": "#0"},
				"down": {"uv": [4, 0, 8, 0], "rotation": 90, "texture": "#0"}
			}
		},
		{
			"from": [6, 11.5, 11],
			"to": [10, 11.5, 15],
			"rotation": {"angle": 45, "axis": "y", "origin": [8, 8, 8]},
			"faces": {
				"north": {"uv": [0, 0, 4, 0], "texture": "#0"},
				"east": {"uv": [0, 0, 0, 4], "rotation": 270, "texture": "#0"},
				"south": {"uv": [0, 0, 4, 0], "rotation": 180, "texture": "#0"},
				"west": {"uv": [0, 0, 0, 4], "rotation": 90, "texture": "#0"},
				"up": {"uv": [0, 0, 4, 4], "rotation": 180, "texture": "#0"},
				"down": {"uv": [0, 0, 4, 4], "texture": "#0"}
			}
		},
		{
			"from": [6, 9.5, 11],
			"to": [10, 9.5, 15],
			"rotation": {"angle": 45, "axis": "y", "origin": [8, 8, 8]},
			"faces": {
				"north": {"uv": [0, 0, 4, 0], "texture": "#0"},
				"east": {"uv": [0, 0, 0, 4], "rotation": 270, "texture": "#0"},
				"south": {"uv": [0, 0, 4, 0], "rotation": 180, "texture": "#0"},
				"west": {"uv": [0, 0, 0, 4], "rotation": 90, "texture": "#0"},
				"up": {"uv": [0, 0, 4, 4], "rotation": 180, "texture": "#0"},
				"down": {"uv": [0, 0, 4, 4], "texture": "#0"}
			}
		},
		{
			"from": [6, 8.5, 14],
			"to": [10, 12.5, 14],
			"rotation": {"angle": 45, "axis": "y", "origin": [8, 8, 8]},
			"faces": {
				"north": {"uv": [0, 0, 4, 4], "texture": "#0"},
				"east": {"uv": [0, 0, 0, 4], "texture": "#0"},
				"south": {"uv": [0, 0, 4, 4], "texture": "#0"},
				"west": {"uv": [0, 0, 0, 4], "texture": "#0"},
				"up": {"uv": [0, 0, 4, 0], "texture": "#0"},
				"down": {"uv": [0, 0, 4, 0], "texture": "#0"}
			}
		},
		{
			"from": [6, 8.5, 12],
			"to": [10, 12.5, 12],
			"rotation": {"angle": 45, "axis": "y", "origin": [8, 8, 8]},
			"faces": {
				"north": {"uv": [0, 0, 4, 4], "texture": "#0"},
				"east": {"uv": [0, 0, 0, 4], "texture": "#0"},
				"south": {"uv": [0, 0, 4, 4], "texture": "#0"},
				"west": {"uv": [0, 0, 0, 4], "texture": "#0"},
				"up": {"uv": [0, 0, 4, 0], "texture": "#0"},
				"down": {"uv": [0, 0, 4, 0], "texture": "#0"}
			}
		},
		{
			"from": [7, 8.5, 11],
			"to": [7, 12.5, 15],
			"rotation": {"angle": 45, "axis": "y", "origin": [8, 8, 8]},
			"faces": {
				"north": {"uv": [0, 0, 0, 4], "texture": "#0"},
				"east": {"uv": [0, 0, 4, 4], "texture": "#0"},
				"south": {"uv": [0, 0, 0, 4], "texture": "#0"},
				"west": {"uv": [0, 0, 4, 4], "texture": "#0"},
				"up": {"uv": [0, 0, 4, 0], "rotation": 270, "texture": "#0"},
				"down": {"uv": [0, 0, 4, 0], "rotation": 90, "texture": "#0"}
			}
		},
		{
			"from": [9, 8.5, 11],
			"to": [9, 12.5, 15],
			"rotation": {"angle": 45, "axis": "y", "origin": [8, 8, 8]},
			"faces": {
				"north": {"uv": [0, 0, 0, 4], "texture": "#0"},
				"east": {"uv": [0, 0, 4, 4], "texture": "#0"},
				"south": {"uv": [0, 0, 0, 4], "texture": "#0"},
				"west": {"uv": [0, 0, 4, 4], "texture": "#0"},
				"up": {"uv": [0, 0, 4, 0], "rotation": 270, "texture": "#0"},
				"down": {"uv": [0, 0, 4, 0], "rotation": 90, "texture": "#0"}
			}
		},
		{
			"from": [10, 5.6, 6.4],
			"to": [13, 5.6, 9.4],
			"rotation": {"angle": 45, "axis": "y", "origin": [8, 8, 8]},
			"faces": {
				"north": {"uv": [0, 0, 4, 0], "texture": "#0"},
				"east": {"uv": [0, 0, 0, 4], "rotation": 270, "texture": "#0"},
				"south": {"uv": [0, 0, 4, 0], "rotation": 180, "texture": "#0"},
				"west": {"uv": [0, 0, 0, 4], "rotation": 90, "texture": "#0"},
				"up": {"uv": [10, 0, 13, 3], "rotation": 180, "texture": "#0"},
				"down": {"uv": [10, 0, 13, 3], "texture": "#0"}
			}
		},
		{
			"from": [10, 6.6, 6.4],
			"to": [13, 6.6, 9.4],
			"rotation": {"angle": 45, "axis": "y", "origin": [8, 8, 8]},
			"faces": {
				"north": {"uv": [0, 0, 0, 4], "rotation": 270, "texture": "#0"},
				"east": {"uv": [0, 0, 4, 0], "rotation": 180, "texture": "#0"},
				"south": {"uv": [0, 0, 0, 4], "rotation": 90, "texture": "#0"},
				"west": {"uv": [0, 0, 4, 0], "texture": "#0"},
				"up": {"uv": [10, 0, 13, 3], "rotation": 90, "texture": "#0"},
				"down": {"uv": [10, 0, 13, 3], "rotation": 90, "texture": "#0"}
			}
		},
		{
			"from": [10, 4.6, 8.4],
			"to": [13, 7.6, 8.4],
			"rotation": {"angle": 45, "axis": "y", "origin": [8, 8, 8]},
			"faces": {
				"north": {"uv": [10, 0, 13, 3], "rotation": 270, "texture": "#0"},
				"east": {"uv": [0, 0, 4, 0], "rotation": 90, "texture": "#0"},
				"south": {"uv": [10, 0, 13, 3], "rotation": 90, "texture": "#0"},
				"west": {"uv": [0, 0, 4, 0], "rotation": 90, "texture": "#0"},
				"up": {"uv": [0, 0, 0, 4], "rotation": 90, "texture": "#0"},
				"down": {"uv": [0, 0, 0, 4], "rotation": 90, "texture": "#0"}
			}
		},
		{
			"from": [10, 4.6, 7.4],
			"to": [13, 7.6, 7.4],
			"rotation": {"angle": 45, "axis": "y", "origin": [8, 8, 8]},
			"faces": {
				"north": {"uv": [10, 0, 13, 3], "rotation": 180, "texture": "#0"},
				"east": {"uv": [0, 0, 0, 4], "rotation": 180, "texture": "#0"},
				"south": {"uv": [10, 0, 13, 3], "rotation": 180, "texture": "#0"},
				"west": {"uv": [0, 0, 0, 4], "rotation": 180, "texture": "#0"},
				"up": {"uv": [0, 0, 4, 0], "rotation": 180, "texture": "#0"},
				"down": {"uv": [0, 0, 4, 0], "rotation": 180, "texture": "#0"}
			}
		},
		{
			"from": [12, 4.6, 6.4],
			"to": [12, 7.6, 9.4],
			"rotation": {"angle": 45, "axis": "y", "origin": [8, 8, 8]},
			"faces": {
				"north": {"uv": [0, 0, 0, 4], "texture": "#0"},
				"east": {"uv": [10, 0, 13, 3], "texture": "#0"},
				"south": {"uv": [0, 0, 0, 4], "texture": "#0"},
				"west": {"uv": [10, 0, 13, 3], "texture": "#0"},
				"up": {"uv": [0, 0, 4, 0], "rotation": 270, "texture": "#0"},
				"down": {"uv": [0, 0, 4, 0], "rotation": 90, "texture": "#0"}
			}
		},
		{
			"from": [11, 4.6, 6.4],
			"to": [11, 7.6, 9.4],
			"rotation": {"angle": 45, "axis": "y", "origin": [8, 8, 8]},
			"faces": {
				"north": {"uv": [0, 0, 4, 0], "rotation": 90, "texture": "#0"},
				"east": {"uv": [10, 0, 13, 3], "rotation": 90, "texture": "#0"},
				"south": {"uv": [0, 0, 4, 0], "rotation": 90, "texture": "#0"},
				"west": {"uv": [10, 0, 13, 3], "rotation": 270, "texture": "#0"},
				"up": {"uv": [0, 0, 0, 4], "texture": "#0"},
				"down": {"uv": [0, 0, 0, 4], "rotation": 180, "texture": "#0"}
			}
		},
		{
			"from": [6.5, 4.5, 2],
			"to": [9.5, 4.5, 5],
			"rotation": {"angle": 45, "axis": "y", "origin": [8, 8, 8]},
			"faces": {
				"north": {"uv": [0, 0, 4, 0], "texture": "#0"},
				"east": {"uv": [0, 0, 0, 4], "rotation": 270, "texture": "#0"},
				"south": {"uv": [0, 0, 4, 0], "rotation": 180, "texture": "#0"},
				"west": {"uv": [0, 0, 0, 4], "rotation": 90, "texture": "#0"},
				"up": {"uv": [10, 0, 13, 3], "rotation": 180, "texture": "#0"},
				"down": {"uv": [10, 0, 13, 3], "texture": "#0"}
			}
		},
		{
			"from": [6.5, 5.5, 2],
			"to": [9.5, 5.5, 5],
			"rotation": {"angle": 45, "axis": "y", "origin": [8, 8, 8]},
			"faces": {
				"north": {"uv": [0, 0, 0, 4], "rotation": 270, "texture": "#0"},
				"east": {"uv": [0, 0, 4, 0], "rotation": 180, "texture": "#0"},
				"south": {"uv": [0, 0, 0, 4], "rotation": 90, "texture": "#0"},
				"west": {"uv": [0, 0, 4, 0], "texture": "#0"},
				"up": {"uv": [10, 0, 13, 3], "rotation": 90, "texture": "#0"},
				"down": {"uv": [10, 0, 13, 3], "rotation": 90, "texture": "#0"}
			}
		},
		{
			"from": [6.5, 3.5, 4],
			"to": [9.5, 6.5, 4],
			"rotation": {"angle": 45, "axis": "y", "origin": [8, 8, 8]},
			"faces": {
				"north": {"uv": [10, 0, 13, 3], "rotation": 270, "texture": "#0"},
				"east": {"uv": [0, 0, 4, 0], "rotation": 90, "texture": "#0"},
				"south": {"uv": [10, 0, 13, 3], "rotation": 90, "texture": "#0"},
				"west": {"uv": [0, 0, 4, 0], "rotation": 90, "texture": "#0"},
				"up": {"uv": [0, 0, 0, 4], "rotation": 90, "texture": "#0"},
				"down": {"uv": [0, 0, 0, 4], "rotation": 90, "texture": "#0"}
			}
		},
		{
			"from": [6.5, 3.5, 3],
			"to": [9.5, 6.5, 3],
			"rotation": {"angle": 45, "axis": "y", "origin": [8, 8, 8]},
			"faces": {
				"north": {"uv": [10, 0, 13, 3], "rotation": 180, "texture": "#0"},
				"east": {"uv": [0, 0, 0, 4], "rotation": 180, "texture": "#0"},
				"south": {"uv": [10, 0, 13, 3], "rotation": 180, "texture": "#0"},
				"west": {"uv": [0, 0, 0, 4], "rotation": 180, "texture": "#0"},
				"up": {"uv": [0, 0, 4, 0], "rotation": 180, "texture": "#0"},
				"down": {"uv": [0, 0, 4, 0], "rotation": 180, "texture": "#0"}
			}
		},
		{
			"from": [8.5, 3.5, 2],
			"to": [8.5, 6.5, 5],
			"rotation": {"angle": 45, "axis": "y", "origin": [8, 8, 8]},
			"faces": {
				"north": {"uv": [0, 0, 0, 4], "texture": "#0"},
				"east": {"uv": [10, 0, 13, 3], "texture": "#0"},
				"south": {"uv": [0, 0, 0, 4], "texture": "#0"},
				"west": {"uv": [10, 0, 13, 3], "texture": "#0"},
				"up": {"uv": [0, 0, 4, 0], "rotation": 270, "texture": "#0"},
				"down": {"uv": [0, 0, 4, 0], "rotation": 90, "texture": "#0"}
			}
		},
		{
			"from": [7.5, 3.5, 2],
			"to": [7.5, 6.5, 5],
			"rotation": {"angle": 45, "axis": "y", "origin": [8, 8, 8]},
			"faces": {
				"north": {"uv": [0, 0, 4, 0], "rotation": 90, "texture": "#0"},
				"east": {"uv": [10, 0, 13, 3], "rotation": 90, "texture": "#0"},
				"south": {"uv": [0, 0, 4, 0], "rotation": 90, "texture": "#0"},
				"west": {"uv": [10, 0, 13, 3], "rotation": 270, "texture": "#0"},
				"up": {"uv": [0, 0, 0, 4], "texture": "#0"},
				"down": {"uv": [0, 0, 0, 4], "rotation": 180, "texture": "#0"}
			}
		},
		{
			"from": [2, 9, 6.5],
			"to": [5, 9, 9.5],
			"rotation": {"angle": 45, "axis": "y", "origin": [8, 8, 8]},
			"faces": {
				"north": {"uv": [3, 0, 7, 0], "texture": "#0"},
				"east": {"uv": [3, 0, 3, 4], "rotation": 270, "texture": "#0"},
				"south": {"uv": [3, 0, 7, 0], "rotation": 180, "texture": "#0"},
				"west": {"uv": [3, 0, 3, 4], "rotation": 90, "texture": "#0"},
				"up": {"uv": [13, 0, 16, 3], "rotation": 180, "texture": "#0"},
				"down": {"uv": [13, 0, 16, 3], "texture": "#0"}
			}
		},
		{
			"from": [2, 10, 6.5],
			"to": [5, 10, 9.5],
			"rotation": {"angle": 45, "axis": "y", "origin": [8, 8, 8]},
			"faces": {
				"north": {"uv": [3, 0, 3, 4], "rotation": 270, "texture": "#0"},
				"east": {"uv": [3, 0, 7, 0], "rotation": 180, "texture": "#0"},
				"south": {"uv": [3, 0, 3, 4], "rotation": 90, "texture": "#0"},
				"west": {"uv": [3, 0, 7, 0], "texture": "#0"},
				"up": {"uv": [13, 0, 16, 3], "rotation": 90, "texture": "#0"},
				"down": {"uv": [13, 0, 16, 3], "rotation": 90, "texture": "#0"}
			}
		},
		{
			"from": [2, 8, 8.5],
			"to": [5, 11, 8.5],
			"rotation": {"angle": 45, "axis": "y", "origin": [8, 8, 8]},
			"faces": {
				"north": {"uv": [13, 0, 16, 3], "rotation": 270, "texture": "#0"},
				"east": {"uv": [3, 0, 7, 0], "rotation": 90, "texture": "#0"},
				"south": {"uv": [13, 0, 16, 3], "rotation": 90, "texture": "#0"},
				"west": {"uv": [3, 0, 7, 0], "rotation": 90, "texture": "#0"},
				"up": {"uv": [3, 0, 3, 4], "rotation": 90, "texture": "#0"},
				"down": {"uv": [3, 0, 3, 4], "rotation": 90, "texture": "#0"}
			}
		},
		{
			"from": [2, 8, 7.5],
			"to": [5, 11, 7.5],
			"rotation": {"angle": 45, "axis": "y", "origin": [8, 8, 8]},
			"faces": {
				"north": {"uv": [13, 0, 16, 3], "rotation": 180, "texture": "#0"},
				"east": {"uv": [3, 0, 3, 4], "rotation": 180, "texture": "#0"},
				"south": {"uv": [13, 0, 16, 3], "rotation": 180, "texture": "#0"},
				"west": {"uv": [3, 0, 3, 4], "rotation": 180, "texture": "#0"},
				"up": {"uv": [3, 0, 7, 0], "rotation": 180, "texture": "#0"},
				"down": {"uv": [3, 0, 7, 0], "rotation": 180, "texture": "#0"}
			}
		},
		{
			"from": [4, 8, 6.5],
			"to": [4, 11, 9.5],
			"rotation": {"angle": 45, "axis": "y", "origin": [8, 8, 8]},
			"faces": {
				"north": {"uv": [3, 0, 3, 4], "texture": "#0"},
				"east": {"uv": [13, 0, 16, 3], "texture": "#0"},
				"south": {"uv": [3, 0, 3, 4], "texture": "#0"},
				"west": {"uv": [13, 0, 16, 3], "texture": "#0"},
				"up": {"uv": [3, 0, 7, 0], "rotation": 270, "texture": "#0"},
				"down": {"uv": [3, 0, 7, 0], "rotation": 90, "texture": "#0"}
			}
		},
		{
			"from": [3, 8, 6.5],
			"to": [3, 11, 9.5],
			"rotation": {"angle": 45, "axis": "y", "origin": [8, 8, 8]},
			"faces": {
				"north": {"uv": [3, 0, 7, 0], "rotation": 90, "texture": "#0"},
				"east": {"uv": [13, 0, 16, 3], "rotation": 90, "texture": "#0"},
				"south": {"uv": [3, 0, 7, 0], "rotation": 90, "texture": "#0"},
				"west": {"uv": [13, 0, 16, 3], "rotation": 270, "texture": "#0"},
				"up": {"uv": [3, 0, 3, 4], "texture": "#0"},
				"down": {"uv": [3, 0, 3, 4], "rotation": 180, "texture": "#0"}
			}
		}
	],
	"display": {},
	"groups": [
		{
			"name": "group",
			"origin": [10, 10, 9],
			"color": 0,
			"children": [
				0,
				1,
				{
					"name": "group",
					"origin": [8, -4.55, 8],
					"color": 0,
					"children": []
				},
				2,
				{
					"name": "group",
					"origin": [10, 10, 9],
					"color": 0,
					"children": [3, 4, 5, 6, 7, 8]
				},
				{
					"name": "group",
					"origin": [10, 10, 9],
					"color": 0,
					"children": [9, 10, 11, 12, 13, 14]
				},
				{
					"name": "group",
					"origin": [10, 10, 9],
					"color": 0,
					"children": [15, 16, 17, 18, 19, 20]
				},
				{
					"name": "group",
					"origin": [10, 10, 9],
					"color": 0,
					"children": [21, 22, 23, 24, 25, 26]
				},
				{
					"name": "group",
					"origin": [10, 10, 9],
					"color": 0,
					"children": [27, 28, 29, 30, 31, 32]
				}
			]
		}
	]
}