{
	"credit": "Made by Sawors",
	"textures": {
		"2": "block/campfire_log",
		"4": "block/stone",
		"5": "block/cauldron_inner",
		"6": "block/cauldron_side",
		"particle": "block/campfire_log"
	},
	"elements": [
		{
			"from": [0, 0, 5],
			"to": [16, 1, 11],
			"faces": {
				"north": {"uv": [0, 0, 16, 1], "texture": "#missing"},
				"east": {"uv": [0, 14, 6, 15], "texture": "#2"},
				"south": {"uv": [0, 0, 16, 1], "texture": "#missing"},
				"west": {"uv": [0, 14, 6, 15], "texture": "#2"},
				"up": {"uv": [0, 10, 16, 16], "texture": "#2"},
				"down": {"uv": [0, 8, 16, 14], "texture": "#2"}
			}
		},
		{
			"from": [4, 8, 4],
			"to": [12, 10, 12],
			"faces": {
				"north": {"uv": [4, 2, 12, 4], "texture": "#5"},
				"east": {"uv": [2, 4, 4, 12], "rotation": 90, "texture": "#5"},
				"south": {"uv": [4, 12, 12, 14], "texture": "#5"},
				"west": {"uv": [12, 4, 14, 12], "rotation": 90, "texture": "#5"},
				"up": {"uv": [4, 4, 12, 12], "texture": "#5"},
				"down": {"uv": [4, 4, 12, 12], "texture": "#5"}
			}
		},
		{
			"from": [11, 9, 4],
			"to": [13, 13, 12],
			"rotation": {"angle": 0, "axis": "y", "origin": [8, 11, 8]},
			"faces": {
				"north": {"uv": [12, 0, 14, 4], "texture": "#6"},
				"east": {"uv": [4, 0, 12, 4], "texture": "#6"},
				"south": {"uv": [2, 0, 4, 4], "texture": "#6"},
				"west": {"uv": [4, 0, 12, 4], "texture": "#6"},
				"up": {"uv": [4, 0, 12, 2], "rotation": 270, "texture": "#6"},
				"down": {"uv": [4, 12, 12, 14], "rotation": 270, "texture": "#6"}
			}
		},
		{
			"from": [4, 9, 11],
			"to": [12, 13, 13],
			"rotation": {"angle": 0, "axis": "y", "origin": [8, 11, 8]},
			"faces": {
				"north": {"uv": [4, 0, 12, 4], "texture": "#6"},
				"east": {"uv": [12, 0, 14, 4], "texture": "#6"},
				"south": {"uv": [4, 0, 12, 4], "texture": "#6"},
				"west": {"uv": [2, 0, 4, 4], "texture": "#6"},
				"up": {"uv": [4, 0, 12, 2], "texture": "#6"},
				"down": {"uv": [4, 12, 12, 14], "rotation": 180, "texture": "#6"}
			}
		},
		{
			"from": [3, 9, 4],
			"to": [5, 13, 12],
			"rotation": {"angle": 0, "axis": "y", "origin": [8, 11, 8]},
			"faces": {
				"north": {"uv": [2, 0, 4, 4], "texture": "#6"},
				"east": {"uv": [4, 0, 12, 4], "texture": "#6"},
				"south": {"uv": [12, 0, 14, 4], "texture": "#6"},
				"west": {"uv": [4, 0, 12, 4], "texture": "#6"},
				"up": {"uv": [4, 0, 12, 2], "rotation": 90, "texture": "#6"},
				"down": {"uv": [4, 12, 12, 14], "rotation": 90, "texture": "#6"}
			}
		},
		{
			"from": [4, 9, 3],
			"to": [12, 13, 5],
			"rotation": {"angle": 0, "axis": "y", "origin": [8, 11, 8]},
			"faces": {
				"north": {"uv": [4, 0, 12, 4], "texture": "#6"},
				"east": {"uv": [2, 0, 4, 4], "texture": "#6"},
				"south": {"uv": [4, 0, 12, 4], "texture": "#6"},
				"west": {"uv": [12, 0, 14, 4], "texture": "#6"},
				"up": {"uv": [4, 0, 12, 2], "rotation": 180, "texture": "#6"},
				"down": {"uv": [4, 12, 12, 14], "texture": "#6"}
			}
		},
		{
			"from": [0, 0, 11],
			"to": [16, 4, 15],
			"faces": {
				"north": {"uv": [0, 0, 16, 4], "texture": "#2"},
				"east": {"uv": [0, 4, 4, 8], "texture": "#2"},
				"south": {"uv": [0, 0, 16, 4], "texture": "#2"},
				"west": {"uv": [0, 4, 4, 8], "texture": "#2"},
				"up": {"uv": [0, 0, 16, 4], "texture": "#2"},
				"down": {"uv": [0, 0, 16, 4], "texture": "#2"}
			}
		},
		{
			"from": [0, 0, 1],
			"to": [16, 4, 5],
			"faces": {
				"north": {"uv": [0, 0, 16, 4], "texture": "#2"},
				"east": {"uv": [0, 4, 4, 8], "texture": "#2"},
				"south": {"uv": [0, 0, 16, 4], "texture": "#2"},
				"west": {"uv": [0, 4, 4, 8], "texture": "#2"},
				"up": {"uv": [0, 0, 16, 4], "texture": "#2"},
				"down": {"uv": [0, 0, 16, 4], "texture": "#2"}
			}
		},
		{
			"from": [1, 3, 0],
			"to": [5, 7, 16],
			"faces": {
				"north": {"uv": [0, 4, 4, 8], "texture": "#2"},
				"east": {"uv": [0, 0, 16, 4], "texture": "#2"},
				"south": {"uv": [0, 4, 4, 8], "texture": "#2"},
				"west": {"uv": [0, 0, 16, 4], "texture": "#2"},
				"up": {"uv": [0, 0, 16, 4], "rotation": 90, "texture": "#2"},
				"down": {"uv": [0, 0, 16, 4], "rotation": 270, "texture": "#2"}
			}
		},
		{
			"from": [11, 3, 0],
			"to": [15, 7, 16],
			"faces": {
				"north": {"uv": [0, 4, 4, 8], "texture": "#2"},
				"east": {"uv": [0, 0, 16, 4], "texture": "#2"},
				"south": {"uv": [0, 4, 4, 8], "texture": "#2"},
				"west": {"uv": [0, 0, 16, 4], "texture": "#2"},
				"up": {"uv": [0, 0, 16, 4], "rotation": 90, "texture": "#2"},
				"down": {"uv": [0, 0, 16, 4], "rotation": 270, "texture": "#2"}
			}
		},
		{
			"from": [1, 7, 7],
			"to": [3, 14, 9],
			"faces": {
				"north": {"uv": [0, 0, 2, 7], "texture": "#4"},
				"east": {"uv": [2, 0, 4, 7], "texture": "#4"},
				"south": {"uv": [4, 0, 6, 7], "texture": "#4"},
				"west": {"uv": [6, 0, 8, 7], "texture": "#4"},
				"up": {"uv": [8, 2, 10, 4], "rotation": 90, "texture": "#4"},
				"down": {"uv": [8, 0, 10, 2], "rotation": 270, "texture": "#4"}
			}
		},
		{
			"from": [0, 10, 7],
			"to": [1, 12, 9],
			"faces": {
				"north": {"uv": [0, 0, 1, 2], "texture": "#4"},
				"east": {"uv": [0, 0, 2, 2], "texture": "#4"},
				"south": {"uv": [0, 0, 1, 2], "texture": "#4"},
				"west": {"uv": [0, 0, 2, 2], "texture": "#4"},
				"up": {"uv": [0, 0, 2, 1], "rotation": 90, "texture": "#4"},
				"down": {"uv": [0, 0, 2, 1], "rotation": 270, "texture": "#4"}
			}
		},
		{
			"from": [13, 7, 7],
			"to": [15, 14, 9],
			"rotation": {"angle": 0, "axis": "y", "origin": [16, 0, 0]},
			"faces": {
				"north": {"uv": [2, 0, 0, 7], "texture": "#4"},
				"east": {"uv": [8, 0, 6, 7], "texture": "#4"},
				"south": {"uv": [6, 0, 4, 7], "texture": "#4"},
				"west": {"uv": [4, 0, 2, 7], "texture": "#4"},
				"up": {"uv": [8, 4, 10, 2], "rotation": 90, "texture": "#4"},
				"down": {"uv": [8, 2, 10, 0], "rotation": 270, "texture": "#4"}
			}
		},
		{
			"from": [15, 10, 7],
			"to": [16, 12, 9],
			"rotation": {"angle": 0, "axis": "y", "origin": [16, 0, 0]},
			"faces": {
				"north": {"uv": [1, 0, 2, 2], "texture": "#4"},
				"east": {"uv": [2, 0, 4, 2], "texture": "#4"},
				"south": {"uv": [1, 0, 2, 2], "texture": "#4"},
				"west": {"uv": [2, 0, 4, 2], "texture": "#4"},
				"up": {"uv": [0, 1, 2, 2], "rotation": 90, "texture": "#4"},
				"down": {"uv": [0, 1, 2, 2], "rotation": 270, "texture": "#4"}
			}
		}
	],
	"groups": [
		{
			"name": "group",
			"origin": [0, 0, 0],
			"color": 0,
			"children": []
		},
		0,
		{
			"name": "group",
			"origin": [0, 0, 0],
			"color": 0,
			"children": [1, 2, 3, 4, 5]
		},
		{
			"name": "group",
			"origin": [0, 0, 0],
			"color": 0,
			"children": [6, 7, 8, 9]
		},
		{
			"name": "group",
			"origin": [0, 0, 0],
			"color": 0,
			"children": [10, 11, 12, 13]
		}
	]
}