{
	"credit": "Made by Sawors",
	"textures": {
		"1": "block/campfire_fire",
		"2": "block/campfire_log",
		"3": "block/campfire_log_lit",
		"4": "block/stone",
		"5": "block/cauldron_inner",
		"6": "block/cauldron_side",
		"7": "block/campfire_water",
		"particle": "block/campfire_log"
	},
	"elements": [
		{
			"from": [5, 10, 5],
			"to": [11, 12, 11],
			"faces": {
				"up": {"uv": [5, 5, 11, 11], "texture": "#7"}
			}
		},
		{
			"from": [2, 0, 8],
			"to": [14, 8, 8],
			"rotation": {"angle": -45, "axis": "y", "origin": [8, 4, 8]},
			"faces": {
				"north": {"uv": [2, 8, 14, 16], "texture": "#1"},
				"east": {"uv": [0, 0, 1, 16], "texture": "#missing"},
				"south": {"uv": [14, 8, 2, 16], "texture": "#1"},
				"west": {"uv": [0, 0, 1, 16], "texture": "#missing"},
				"up": {"uv": [0, 0, 8, 1], "texture": "#missing"},
				"down": {"uv": [0, 0, 8, 1], "texture": "#missing"}
			}
		},
		{
			"from": [2, 0, 8],
			"to": [14, 8, 8],
			"rotation": {"angle": 45, "axis": "y", "origin": [8, 4, 8]},
			"faces": {
				"north": {"uv": [2, 8, 14, 16], "texture": "#1"},
				"east": {"uv": [0, 0, 1, 16], "texture": "#missing"},
				"south": {"uv": [14, 8, 2, 16], "texture": "#1"},
				"west": {"uv": [0, 0, 1, 16], "texture": "#missing"},
				"up": {"uv": [0, 0, 8, 1], "texture": "#missing"},
				"down": {"uv": [0, 0, 8, 1], "texture": "#missing"}
			}
		},
		{
			"from": [2, 6.3, 7.5],
			"to": [14, 6.3, 15.5],
			"rotation": {"angle": -22.5, "axis": "x", "origin": [8, 7, 8]},
			"faces": {
				"north": {"uv": [0, 0, 12, 0], "texture": "#missing"},
				"east": {"uv": [0, 0, 12, 0], "texture": "#missing"},
				"south": {"uv": [0, 0, 12, 0], "texture": "#missing"},
				"west": {"uv": [0, 0, 12, 0], "texture": "#missing"},
				"up": {"uv": [2, 8, 14, 0], "texture": "#1"},
				"down": {"uv": [2, 0, 14, 8], "texture": "#1"}
			}
		},
		{
			"from": [0.7, 6.3, 2],
			"to": [8.7, 6.3, 14],
			"rotation": {"angle": -22.5, "axis": "z", "origin": [8, 7, 8]},
			"faces": {
				"north": {"uv": [0, 0, 12, 0], "texture": "#missing"},
				"east": {"uv": [0, 0, 12, 0], "texture": "#missing"},
				"south": {"uv": [0, 0, 12, 0], "texture": "#missing"},
				"west": {"uv": [0, 0, 12, 0], "texture": "#missing"},
				"up": {"uv": [2, 8, 14, 0], "rotation": 90, "texture": "#1"},
				"down": {"uv": [2, 0, 14, 8], "rotation": 270, "texture": "#1"}
			}
		},
		{
			"from": [2, 6.3, 0.5],
			"to": [14, 6.3, 8.5],
			"rotation": {"angle": 22.5, "axis": "x", "origin": [8, 7, 8]},
			"faces": {
				"north": {"uv": [0, 0, 12, 0], "texture": "#missing"},
				"east": {"uv": [0, 0, 12, 0], "texture": "#missing"},
				"south": {"uv": [0, 0, 12, 0], "texture": "#missing"},
				"west": {"uv": [0, 0, 12, 0], "texture": "#missing"},
				"up": {"uv": [2, 8, 14, 0], "rotation": 180, "texture": "#1"},
				"down": {"uv": [2, 0, 14, 8], "rotation": 180, "texture": "#1"}
			}
		},
		{
			"from": [7.3, 6.3, 2],
			"to": [15.3, 6.3, 14],
			"rotation": {"angle": 22.5, "axis": "z", "origin": [8, 7, 8]},
			"faces": {
				"north": {"uv": [0, 0, 12, 0], "texture": "#missing"},
				"east": {"uv": [0, 0, 12, 0], "texture": "#missing"},
				"south": {"uv": [0, 0, 12, 0], "texture": "#missing"},
				"west": {"uv": [0, 0, 12, 0], "texture": "#missing"},
				"up": {"uv": [2, 8, 14, 0], "rotation": 270, "texture": "#1"},
				"down": {"uv": [2, 0, 14, 8], "rotation": 90, "texture": "#1"}
			}
		},
		{
			"from": [0, 0, 5],
			"to": [16, 1, 11],
			"faces": {
				"north": {"uv": [0, 0, 16, 1], "texture": "#3"},
				"east": {"uv": [0, 14, 6, 15], "texture": "#3"},
				"south": {"uv": [0, 0, 16, 1], "texture": "#3"},
				"west": {"uv": [0, 14, 6, 15], "texture": "#3"},
				"up": {"uv": [0, 8, 16, 14], "texture": "#3"},
				"down": {"uv": [0, 8, 16, 14], "texture": "#2"}
			}
		},
		{
			"from": [4, 8, 4],
			"to": [12, 10, 12],
			"faces": {
				"north": {"uv": [4, 2, 12, 4], "texture": "#5"},
				"east": {"uv": [2, 4, 4, 12], "rotation": 90, "texture": "#5"},
				"south": {"uv": [4, 12, 12, 14], "texture": "#5"},
				"west": {"uv": [12, 4, 14, 12], "rotation": 90, "texture": "#5"},
				"up": {"uv": [4, 4, 12, 12], "texture": "#5"},
				"down": {"uv": [4, 4, 12, 12], "texture": "#5"}
			}
		},
		{
			"from": [11, 9, 4],
			"to": [13, 13, 12],
			"rotation": {"angle": 0, "axis": "y", "origin": [8, 11, 8]},
			"faces": {
				"north": {"uv": [12, 0, 14, 4], "texture": "#6"},
				"east": {"uv": [4, 0, 12, 4], "texture": "#6"},
				"south": {"uv": [2, 0, 4, 4], "texture": "#6"},
				"west": {"uv": [4, 0, 12, 4], "texture": "#6"},
				"up": {"uv": [4, 0, 12, 2], "rotation": 270, "texture": "#6"},
				"down": {"uv": [4, 12, 12, 14], "rotation": 270, "texture": "#6"}
			}
		},
		{
			"from": [4, 9, 11],
			"to": [12, 13, 13],
			"rotation": {"angle": 0, "axis": "y", "origin": [8, 11, 8]},
			"faces": {
				"north": {"uv": [4, 0, 12, 4], "texture": "#6"},
				"east": {"uv": [12, 0, 14, 4], "texture": "#6"},
				"south": {"uv": [4, 0, 12, 4], "texture": "#6"},
				"west": {"uv": [2, 0, 4, 4], "texture": "#6"},
				"up": {"uv": [4, 0, 12, 2], "texture": "#6"},
				"down": {"uv": [4, 12, 12, 14], "rotation": 180, "texture": "#6"}
			}
		},
		{
			"from": [3, 9, 4],
			"to": [5, 13, 12],
			"rotation": {"angle": 0, "axis": "y", "origin": [8, 11, 8]},
			"faces": {
				"north": {"uv": [2, 0, 4, 4], "texture": "#6"},
				"east": {"uv": [4, 0, 12, 4], "texture": "#6"},
				"south": {"uv": [12, 0, 14, 4], "texture": "#6"},
				"west": {"uv": [4, 0, 12, 4], "texture": "#6"},
				"up": {"uv": [4, 0, 12, 2], "rotation": 90, "texture": "#6"},
				"down": {"uv": [4, 12, 12, 14], "rotation": 90, "texture": "#6"}
			}
		},
		{
			"from": [4, 9, 3],
			"to": [12, 13, 5],
			"rotation": {"angle": 0, "axis": "y", "origin": [8, 11, 8]},
			"faces": {
				"north": {"uv": [4, 0, 12, 4], "texture": "#6"},
				"east": {"uv": [2, 0, 4, 4], "texture": "#6"},
				"south": {"uv": [4, 0, 12, 4], "texture": "#6"},
				"west": {"uv": [12, 0, 14, 4], "texture": "#6"},
				"up": {"uv": [4, 0, 12, 2], "rotation": 180, "texture": "#6"},
				"down": {"uv": [4, 12, 12, 14], "texture": "#6"}
			}
		},
		{
			"from": [0, 0, 11],
			"to": [16, 4, 15],
			"faces": {
				"north": {"uv": [0, 0, 16, 4], "texture": "#2"},
				"east": {"uv": [0, 4, 4, 8], "texture": "#2"},
				"south": {"uv": [0, 0, 16, 4], "texture": "#2"},
				"west": {"uv": [0, 4, 4, 8], "texture": "#2"},
				"up": {"uv": [0, 0, 16, 4], "texture": "#2"},
				"down": {"uv": [0, 0, 16, 4], "texture": "#2"}
			}
		},
		{
			"from": [0, 0, 1],
			"to": [16, 4, 5],
			"faces": {
				"north": {"uv": [0, 0, 16, 4], "texture": "#2"},
				"east": {"uv": [0, 4, 4, 8], "texture": "#2"},
				"south": {"uv": [0, 0, 16, 4], "texture": "#2"},
				"west": {"uv": [0, 4, 4, 8], "texture": "#2"},
				"up": {"uv": [0, 0, 16, 4], "texture": "#2"},
				"down": {"uv": [0, 0, 16, 4], "texture": "#2"}
			}
		},
		{
			"from": [1, 3, 0],
			"to": [5, 7, 16],
			"faces": {
				"north": {"uv": [0, 4, 4, 8], "texture": "#2"},
				"east": {"uv": [0, 0, 16, 4], "texture": "#3"},
				"south": {"uv": [0, 4, 4, 8], "texture": "#2"},
				"west": {"uv": [0, 0, 16, 4], "texture": "#3"},
				"up": {"uv": [0, 0, 16, 4], "rotation": 90, "texture": "#2"},
				"down": {"uv": [0, 4, 16, 8], "rotation": 270, "texture": "#3"}
			}
		},
		{
			"from": [11, 3, 0],
			"to": [15, 7, 16],
			"faces": {
				"north": {"uv": [0, 4, 4, 8], "texture": "#2"},
				"east": {"uv": [0, 0, 16, 4], "texture": "#3"},
				"south": {"uv": [0, 4, 4, 8], "texture": "#2"},
				"west": {"uv": [0, 0, 16, 4], "texture": "#3"},
				"up": {"uv": [0, 0, 16, 4], "rotation": 90, "texture": "#2"},
				"down": {"uv": [0, 4, 16, 8], "rotation": 270, "texture": "#3"}
			}
		},
		{
			"from": [1, 7, 7],
			"to": [3, 14, 9],
			"faces": {
				"north": {"uv": [0, 0, 2, 7], "texture": "#4"},
				"east": {"uv": [2, 0, 4, 7], "texture": "#4"},
				"south": {"uv": [4, 0, 6, 7], "texture": "#4"},
				"west": {"uv": [6, 0, 8, 7], "texture": "#4"},
				"up": {"uv": [8, 2, 10, 4], "rotation": 90, "texture": "#4"},
				"down": {"uv": [8, 0, 10, 2], "rotation": 270, "texture": "#4"}
			}
		},
		{
			"from": [0, 10, 7],
			"to": [1, 12, 9],
			"faces": {
				"north": {"uv": [0, 0, 1, 2], "texture": "#4"},
				"east": {"uv": [0, 0, 2, 2], "texture": "#4"},
				"south": {"uv": [0, 0, 1, 2], "texture": "#4"},
				"west": {"uv": [0, 0, 2, 2], "texture": "#4"},
				"up": {"uv": [0, 0, 2, 1], "rotation": 90, "texture": "#4"},
				"down": {"uv": [0, 0, 2, 1], "rotation": 270, "texture": "#4"}
			}
		},
		{
			"from": [13, 7, 7],
			"to": [15, 14, 9],
			"rotation": {"angle": 0, "axis": "y", "origin": [16, 0, 0]},
			"faces": {
				"north": {"uv": [2, 0, 0, 7], "texture": "#4"},
				"east": {"uv": [8, 0, 6, 7], "texture": "#4"},
				"south": {"uv": [6, 0, 4, 7], "texture": "#4"},
				"west": {"uv": [4, 0, 2, 7], "texture": "#4"},
				"up": {"uv": [8, 4, 10, 2], "rotation": 90, "texture": "#4"},
				"down": {"uv": [8, 2, 10, 0], "rotation": 270, "texture": "#4"}
			}
		},
		{
			"from": [15, 10, 7],
			"to": [16, 12, 9],
			"rotation": {"angle": 0, "axis": "y", "origin": [16, 0, 0]},
			"faces": {
				"north": {"uv": [1, 0, 2, 2], "texture": "#4"},
				"east": {"uv": [2, 0, 4, 2], "texture": "#4"},
				"south": {"uv": [1, 0, 2, 2], "texture": "#4"},
				"west": {"uv": [2, 0, 4, 2], "texture": "#4"},
				"up": {"uv": [0, 1, 2, 2], "rotation": 90, "texture": "#4"},
				"down": {"uv": [0, 1, 2, 2], "rotation": 270, "texture": "#4"}
			}
		}
	],
	"groups": [
		0,
		{
			"name": "group",
			"origin": [0, 0, 0],
			"color": 0,
			"children": [1, 2, 3, 4, 5, 6]
		},
		7,
		{
			"name": "group",
			"origin": [0, 0, 0],
			"color": 0,
			"children": [8, 9, 10, 11, 12]
		},
		{
			"name": "group",
			"origin": [0, 0, 0],
			"color": 0,
			"children": [13, 14, 15, 16]
		},
		{
			"name": "group",
			"origin": [0, 0, 0],
			"color": 0,
			"children": [17, 18, 19, 20]
		}
	]
}