{
	"credit": "Made by Sawors",
	"parent": "block/_flower",
	"textures": {
		"0": "block/cornflower",
		"particle": "block/cornflower"
	},
	"elements": [
		{
			"from": [7, 9, 5.6],
			"to": [9, 9, 7.6],
			"rotation": {"angle": 45, "axis": "x", "origin": [7, 9, 7.6]},
			"faces": {
				"north": {"uv": [0, 0, 2, 0], "texture": "#0"},
				"east": {"uv": [0, 0, 2, 0], "texture": "#0"},
				"south": {"uv": [0, 0, 2, 0], "texture": "#0"},
				"west": {"uv": [0, 0, 2, 0], "texture": "#0"},
				"up": {"uv": [7, 5, 9, 7], "texture": "#0"},
				"down": {"uv": [7, 5, 9, 7], "rotation": 270, "texture": "#0"}
			}
		},
		{
			"from": [7, 9, 8.5],
			"to": [9, 11, 8.5],
			"rotation": {"angle": 45, "axis": "x", "origin": [7, 9, 8.5]},
			"faces": {
				"north": {"uv": [7, 5, 9, 7], "rotation": 90, "texture": "#0"},
				"east": {"uv": [0, 0, 2, 0], "rotation": 270, "texture": "#0"},
				"south": {"uv": [7, 5, 9, 7], "texture": "#0"},
				"west": {"uv": [0, 0, 2, 0], "rotation": 90, "texture": "#0"},
				"up": {"uv": [0, 0, 2, 0], "rotation": 180, "texture": "#0"},
				"down": {"uv": [0, 0, 2, 0], "texture": "#0"}
			}
		},
		{
			"from": [5.5, 9, 7],
			"to": [7.5, 9, 9],
			"rotation": {"angle": -45, "axis": "z", "origin": [7.5, 9, 8]},
			"faces": {
				"north": {"uv": [0, 0, 2, 0], "rotation": 180, "texture": "#0"},
				"east": {"uv": [0, 0, 2, 0], "rotation": 180, "texture": "#0"},
				"south": {"uv": [0, 0, 2, 0], "rotation": 180, "texture": "#0"},
				"west": {"uv": [0, 0, 2, 0], "rotation": 180, "texture": "#0"},
				"up": {"uv": [7, 5, 9, 7], "rotation": 270, "texture": "#0"},
				"down": {"uv": [7, 5, 9, 7], "texture": "#0"}
			}
		},
		{
			"from": [8.5, 9, 7],
			"to": [10.5, 9, 9],
			"rotation": {"angle": 45, "axis": "z", "origin": [8.5, 9, 8]},
			"faces": {
				"north": {"uv": [0, 0, 2, 0], "rotation": 180, "texture": "#0"},
				"east": {"uv": [0, 0, 2, 0], "rotation": 180, "texture": "#0"},
				"south": {"uv": [0, 0, 2, 0], "rotation": 180, "texture": "#0"},
				"west": {"uv": [0, 0, 2, 0], "rotation": 180, "texture": "#0"},
				"up": {"uv": [7, 5, 9, 7], "rotation": 90, "texture": "#0"},
				"down": {"uv": [7, 5, 9, 7], "rotation": 180, "texture": "#0"}
			}
		},
		{
			"from": [7.5, 9, 7.5],
			"to": [8.5, 9.5, 8.5],
			"rotation": {"angle": 0, "axis": "z", "origin": [7.5, 8.5, 7.5]},
			"faces": {
				"north": {"uv": [8, 6, 9, 7], "rotation": 180, "texture": "#0"},
				"east": {"uv": [8, 6, 9, 7], "rotation": 180, "texture": "#0"},
				"south": {"uv": [8, 6, 9, 7], "rotation": 180, "texture": "#0"},
				"west": {"uv": [8, 6, 9, 7], "rotation": 180, "texture": "#0"},
				"up": {"uv": [8, 6, 9, 7], "rotation": 90, "texture": "#0"},
				"down": {"uv": [8, 6, 9, 7], "rotation": 180, "texture": "#0"}
			}
		},
		{
			"from": [4.5, 9, 8.5],
			"to": [11.5, 9, 11.5],
			"rotation": {"angle": -22.5, "axis": "x", "origin": [8, 9, 8.5]},
			"faces": {
				"north": {"uv": [0, 0, 7, 0], "texture": "#0"},
				"east": {"uv": [0, 0, 3, 0], "texture": "#0"},
				"south": {"uv": [0, 0, 7, 0], "texture": "#0"},
				"west": {"uv": [0, 0, 3, 0], "texture": "#0"},
				"up": {"uv": [4, 4, 11, 7], "rotation": 180, "texture": "#0"},
				"down": {"uv": [11, 4, 4, 7], "texture": "#0"}
			}
		},
		{
			"from": [4.5, 9, 4.5],
			"to": [11.5, 9, 7.5],
			"rotation": {"angle": 22.5, "axis": "x", "origin": [8, 9, 7.5]},
			"faces": {
				"north": {"uv": [0, 0, 7, 0], "texture": "#0"},
				"east": {"uv": [0, 0, 3, 0], "texture": "#0"},
				"south": {"uv": [0, 0, 7, 0], "texture": "#0"},
				"west": {"uv": [0, 0, 3, 0], "texture": "#0"},
				"up": {"uv": [4, 4, 11, 7], "texture": "#0"},
				"down": {"uv": [11, 4, 4, 7], "rotation": 180, "texture": "#0"}
			}
		},
		{
			"from": [4.5, 9, 4.5],
			"to": [7.5, 9, 11.5],
			"rotation": {"angle": -22.5, "axis": "z", "origin": [7.5, 9, 8]},
			"faces": {
				"north": {"uv": [0, 0, 3, 0], "texture": "#0"},
				"east": {"uv": [0, 0, 7, 0], "texture": "#0"},
				"south": {"uv": [0, 0, 3, 0], "texture": "#0"},
				"west": {"uv": [0, 0, 7, 0], "texture": "#0"},
				"up": {"uv": [11, 4, 4, 7], "rotation": 270, "texture": "#0"},
				"down": {"uv": [4, 4, 11, 7], "rotation": 270, "texture": "#0"}
			}
		},
		{
			"from": [8.5, 9, 4.5],
			"to": [11.5, 9, 11.5],
			"rotation": {"angle": 22.5, "axis": "z", "origin": [8.5, 9, 8]},
			"faces": {
				"north": {"uv": [0, 0, 3, 0], "texture": "#0"},
				"east": {"uv": [0, 0, 7, 0], "texture": "#0"},
				"south": {"uv": [0, 0, 3, 0], "texture": "#0"},
				"west": {"uv": [0, 0, 7, 0], "texture": "#0"},
				"up": {"uv": [4, 4, 11, 7], "rotation": 90, "texture": "#0"},
				"down": {"uv": [11, 4, 4, 7], "rotation": 90, "texture": "#0"}
			}
		},
		{
			"from": [3.5, 0, 8],
			"to": [12.5, 9, 8],
			"rotation": {"angle": 45, "axis": "y", "origin": [8, 4.5, 8]},
			"faces": {
				"north": {"uv": [13, 7, 4, 16], "texture": "#0"},
				"east": {"uv": [0, 0, 0, 1], "texture": "#0"},
				"south": {"uv": [4, 7, 13, 16], "texture": "#0"},
				"west": {"uv": [0, 0, 0, 1], "texture": "#0"},
				"down": {"uv": [0, 0, 0, 1], "rotation": 90, "texture": "#0"}
			}
		},
		{
			"from": [8, 0, 3.5],
			"to": [8, 9, 12.5],
			"rotation": {"angle": 45, "axis": "y", "origin": [8, 4.5, 8]},
			"faces": {
				"north": {"uv": [0, 0, 0, 1], "texture": "#0"},
				"east": {"uv": [4, 7, 13, 16], "texture": "#0"},
				"south": {"uv": [0, 0, 0, 1], "texture": "#0"},
				"west": {"uv": [13, 7, 4, 16], "texture": "#0"},
				"down": {"uv": [0, 0, 0, 1], "rotation": 180, "texture": "#0"}
			}
		}
	],
	"groups": [0, 1, 2, 3, 4,
		{
			"name": "group",
			"origin": [8.5, 9, 8],
			"children": [5, 6, 7, 8]
		},
		{
			"name": "group",
			"origin": [8, 4.5, 8],
			"children": [9, 10]
		}
	]
}