{
	"credit": "Made by Sawors",
	"parent": "block/_flower",
	"textures": {
		"0": "block/cornflower",
		"1": "block/flower_dirt",
		"particle": "block/cornflower"
	},
	"elements": [
		{
			"from": [7, 9, 5.6],
			"to": [9, 9, 7.6],
			"rotation": {"angle": 45, "axis": "x", "origin": [7, 9, 7.6]},
			"faces": {
				"north": {"uv": [0, 0, 2, 0], "texture": "#0"},
				"east": {"uv": [0, 0, 2, 0], "texture": "#0"},
				"south": {"uv": [0, 0, 2, 0], "texture": "#0"},
				"west": {"uv": [0, 0, 2, 0], "texture": "#0"},
				"up": {"uv": [7, 5, 9, 7], "texture": "#0"},
				"down": {"uv": [7, 5, 9, 7], "rotation": 180, "texture": "#0"}
			}
		},
		{
			"from": [7, 9, 8.5],
			"to": [9, 11, 8.5],
			"rotation": {"angle": 45, "axis": "x", "origin": [7, 9, 8.5]},
			"faces": {
				"north": {"uv": [7, 5, 9, 7], "texture": "#0"},
				"east": {"uv": [0, 0, 2, 0], "rotation": 270, "texture": "#0"},
				"south": {"uv": [7, 5, 9, 7], "texture": "#0"},
				"west": {"uv": [0, 0, 2, 0], "rotation": 90, "texture": "#0"},
				"up": {"uv": [0, 0, 2, 0], "rotation": 180, "texture": "#0"},
				"down": {"uv": [0, 0, 2, 0], "texture": "#0"}
			}
		},
		{
			"from": [5.5, 9, 7],
			"to": [7.5, 9, 9],
			"rotation": {"angle": -45, "axis": "z", "origin": [7.5, 9, 8]},
			"faces": {
				"north": {"uv": [0, 0, 2, 0], "rotation": 180, "texture": "#0"},
				"east": {"uv": [0, 0, 2, 0], "rotation": 180, "texture": "#0"},
				"south": {"uv": [0, 0, 2, 0], "rotation": 180, "texture": "#0"},
				"west": {"uv": [0, 0, 2, 0], "rotation": 180, "texture": "#0"},
				"up": {"uv": [7, 5, 9, 7], "rotation": 270, "texture": "#0"},
				"down": {"uv": [7, 5, 9, 7], "rotation": 270, "texture": "#0"}
			}
		},
		{
			"from": [8.5, 9, 7],
			"to": [10.5, 9, 9],
			"rotation": {"angle": 45, "axis": "z", "origin": [8.5, 9, 8]},
			"faces": {
				"north": {"uv": [0, 0, 2, 0], "rotation": 180, "texture": "#0"},
				"east": {"uv": [0, 0, 2, 0], "rotation": 180, "texture": "#0"},
				"south": {"uv": [0, 0, 2, 0], "rotation": 180, "texture": "#0"},
				"west": {"uv": [0, 0, 2, 0], "rotation": 180, "texture": "#0"},
				"up": {"uv": [7, 5, 9, 7], "rotation": 90, "texture": "#0"},
				"down": {"uv": [7, 5, 9, 7], "rotation": 90, "texture": "#0"}
			}
		},
		{
			"from": [7.5, 9, 7.5],
			"to": [8.5, 9.5, 8.5],
			"rotation": {"angle": 0, "axis": "z", "origin": [7.5, 8.5, 7.5]},
			"faces": {
				"north": {"uv": [8, 6, 9, 7], "rotation": 180, "texture": "#0"},
				"east": {"uv": [8, 6, 9, 7], "rotation": 180, "texture": "#0"},
				"south": {"uv": [8, 6, 9, 7], "rotation": 180, "texture": "#0"},
				"west": {"uv": [8, 6, 9, 7], "rotation": 180, "texture": "#0"},
				"up": {"uv": [8, 6, 9, 7], "rotation": 90, "texture": "#0"},
				"down": {"uv": [8, 6, 9, 7], "rotation": 180, "texture": "#0"}
			}
		},
		{
			"from": [4.5, 9, 8.5],
			"to": [11.5, 9, 11.5],
			"rotation": {"angle": -22.5, "axis": "x", "origin": [8, 9, 8.5]},
			"faces": {
				"north": {"uv": [0, 0, 7, 0], "texture": "#0"},
				"east": {"uv": [0, 0, 3, 0], "texture": "#0"},
				"south": {"uv": [0, 0, 7, 0], "texture": "#0"},
				"west": {"uv": [0, 0, 3, 0], "texture": "#0"},
				"up": {"uv": [4, 3, 11, 6], "rotation": 180, "texture": "#0"},
				"down": {"uv": [11, 3, 4, 6], "texture": "#0"}
			}
		},
		{
			"from": [4.5, 9, 4.5],
			"to": [11.5, 9, 7.5],
			"rotation": {"angle": 22.5, "axis": "x", "origin": [8, 9, 7.5]},
			"faces": {
				"north": {"uv": [0, 0, 7, 0], "texture": "#0"},
				"east": {"uv": [0, 0, 3, 0], "texture": "#0"},
				"south": {"uv": [0, 0, 7, 0], "texture": "#0"},
				"west": {"uv": [0, 0, 3, 0], "texture": "#0"},
				"up": {"uv": [4, 3, 11, 6], "texture": "#0"},
				"down": {"uv": [11, 3, 4, 6], "rotation": 180, "texture": "#0"}
			}
		},
		{
			"from": [4.5, 9, 4.5],
			"to": [7.5, 9, 11.5],
			"rotation": {"angle": -22.5, "axis": "z", "origin": [7.5, 9, 8]},
			"faces": {
				"north": {"uv": [0, 0, 3, 0], "texture": "#0"},
				"east": {"uv": [0, 0, 7, 0], "texture": "#0"},
				"south": {"uv": [0, 0, 3, 0], "texture": "#0"},
				"west": {"uv": [0, 0, 7, 0], "texture": "#0"},
				"up": {"uv": [11, 3, 4, 6], "rotation": 270, "texture": "#0"},
				"down": {"uv": [4, 3, 11, 6], "rotation": 270, "texture": "#0"}
			}
		},
		{
			"from": [8.5, 9, 4.5],
			"to": [11.5, 9, 11.5],
			"rotation": {"angle": 22.5, "axis": "z", "origin": [8.5, 9, 8]},
			"faces": {
				"north": {"uv": [0, 0, 3, 0], "texture": "#0"},
				"east": {"uv": [0, 0, 7, 0], "texture": "#0"},
				"south": {"uv": [0, 0, 3, 0], "texture": "#0"},
				"west": {"uv": [0, 0, 7, 0], "texture": "#0"},
				"up": {"uv": [4, 3, 11, 6], "rotation": 90, "texture": "#0"},
				"down": {"uv": [11, 3, 4, 6], "rotation": 90, "texture": "#0"}
			}
		},
		{
			"from": [3.5, 0, 8],
			"to": [12.5, 9, 8],
			"rotation": {"angle": 45, "axis": "y", "origin": [8, 4.5, 8]},
			"faces": {
				"north": {"uv": [13, 7, 4, 16], "texture": "#0"},
				"south": {"uv": [4, 7, 13, 16], "texture": "#0"}
			}
		},
		{
			"from": [8, 0, 3.5],
			"to": [8, 9, 12.5],
			"rotation": {"angle": 45, "axis": "y", "origin": [8, 4.5, 8]},
			"faces": {
				"east": {"uv": [4, 7, 13, 16], "texture": "#0"},
				"west": {"uv": [13, 7, 4, 16], "texture": "#0"}
			}
		},
		{
			"from": [7.5, 0, 7.5],
			"to": [8.5, 9, 8.5],
			"rotation": {"angle": 45, "axis": "y", "origin": [8, 4.5, 8]},
			"faces": {
				"north": {"uv": [8, 7, 9, 16], "texture": "#0"},
				"east": {"uv": [8, 7, 9, 16], "texture": "#0"},
				"south": {"uv": [8, 7, 9, 16], "texture": "#0"},
				"west": {"uv": [8, 7, 9, 16], "texture": "#0"},
				"down": {"uv": [8, 15, 9, 16], "texture": "#0"}
			}
		},
		{
			"from": [6, -4, 6],
			"to": [10, -0.1, 10],
			"faces": {
				"north": {"uv": [0, 0, 4, 4], "texture": "#1"},
				"east": {"uv": [8, 0, 12, 4], "texture": "#1"},
				"south": {"uv": [12, 0, 16, 4], "texture": "#1"},
				"west": {"uv": [12, 0, 16, 4], "texture": "#1"},
				"up": {"uv": [4, 0, 8, 4], "texture": "#1"},
				"down": {"uv": [8, 0, 12, 4], "texture": "#1"}
			}
		},
		{
			"from": [4, -9, 8],
			"to": [12, -0.1, 8],
			"faces": {
				"north": {"uv": [0, 7, 8, 15.9], "texture": "#1"}
			}
		},
		{
			"from": [8, -9, 4],
			"to": [8, -0.1, 12],
			"rotation": {"angle": 0, "axis": "y", "origin": [8, -4.55, 8]},
			"faces": {
				"west": {"uv": [8, 7, 16, 15.9], "texture": "#1"}
			}
		}
	],
	"groups": [
		0,
		1,
		2,
		3,
		4,
		{
			"name": "group",
			"origin": [8.5, 9, 8],
			"color": 0,
			"children": [5, 6, 7, 8]
		},
		{
			"name": "group",
			"origin": [8, 4.5, 8],
			"color": 0,
			"children": [9, 10, 11]
		},
		{
			"name": "group",
			"origin": [8, -4.55, 8],
			"color": 0,
			"children": [12, 13, 14]
		}
	]
}