{
	"credit": "Made by Sawors",
	"parent": "block/_flower",
	"textures": {
		"0": "block/dandelion",
		"2": "block/dirt",
		"particle": "block/dandelion"
	},
	"elements": [
		{
			"from": [7, 5, 7],
			"to": [9, 6, 9],
			"rotation": {"angle": 0, "axis": "y", "origin": [15, 13, 15]},
			"faces": {
				"north": {"uv": [7, 8, 9, 9], "texture": "#0"},
				"east": {"uv": [7, 8, 9, 9], "texture": "#0"},
				"south": {"uv": [7, 8, 9, 9], "texture": "#0"},
				"west": {"uv": [7, 8, 9, 9], "texture": "#0"},
				"up": {"uv": [7, 9, 9, 11], "texture": "#0"},
				"down": {"uv": [7, 9, 9, 11], "texture": "#0"}
			}
		},
		{
			"from": [8, 5.5, 6],
			"to": [11, 5.5, 10],
			"rotation": {"angle": -22.5, "axis": "z", "origin": [9, 5.4, 8]},
			"faces": {
				"north": {"uv": [7, 8, 9, 9], "texture": "#0"},
				"east": {"uv": [7, 8, 9, 9], "texture": "#0"},
				"south": {"uv": [7, 8, 9, 9], "texture": "#0"},
				"west": {"uv": [7, 8, 9, 9], "texture": "#0"},
				"up": {"uv": [6, 7, 10, 10], "rotation": 90, "texture": "#0"},
				"down": {"uv": [6, 7, 10, 10], "rotation": 90, "texture": "#0"}
			}
		},
		{
			"from": [6, 5.5, 5],
			"to": [10, 5.5, 8],
			"rotation": {"angle": -22.5, "axis": "x", "origin": [8, 5.4, 7]},
			"faces": {
				"north": {"uv": [7, 8, 9, 9], "texture": "#0"},
				"east": {"uv": [7, 8, 9, 9], "texture": "#0"},
				"south": {"uv": [7, 8, 9, 9], "texture": "#0"},
				"west": {"uv": [7, 8, 9, 9], "texture": "#0"},
				"up": {"uv": [6, 7, 10, 10], "texture": "#0"},
				"down": {"uv": [6, 7, 10, 10], "rotation": 180, "texture": "#0"}
			}
		},
		{
			"from": [6, 5.5, 8],
			"to": [10, 5.5, 11],
			"rotation": {"angle": 22.5, "axis": "x", "origin": [8, 5.4, 9]},
			"faces": {
				"north": {"uv": [7, 8, 9, 9], "texture": "#0"},
				"east": {"uv": [7, 8, 9, 9], "texture": "#0"},
				"south": {"uv": [7, 8, 9, 9], "texture": "#0"},
				"west": {"uv": [7, 8, 9, 9], "texture": "#0"},
				"up": {"uv": [6, 7, 10, 10], "rotation": 180, "texture": "#0"},
				"down": {"uv": [6, 7, 10, 10], "texture": "#0"}
			}
		},
		{
			"from": [5, 5.5, 6],
			"to": [8, 5.5, 10],
			"rotation": {"angle": 22.5, "axis": "z", "origin": [7, 5.4, 8]},
			"faces": {
				"north": {"uv": [7, 8, 9, 9], "texture": "#0"},
				"east": {"uv": [7, 8, 9, 9], "texture": "#0"},
				"south": {"uv": [7, 8, 9, 9], "texture": "#0"},
				"west": {"uv": [7, 8, 9, 9], "texture": "#0"},
				"up": {"uv": [6, 7, 10, 10], "rotation": 270, "texture": "#0"},
				"down": {"uv": [6, 7, 10, 10], "rotation": 270, "texture": "#0"}
			}
		},
		{
			"from": [7.5, -0.1, 7.5],
			"to": [8.5, 5, 8.5],
			"rotation": {"angle": 45, "axis": "y", "origin": [8, 0.5, 8]},
			"faces": {
				"north": {"uv": [8, 11, 9, 16], "texture": "#0"},
				"east": {"uv": [8, 11, 9, 16], "texture": "#0"},
				"south": {"uv": [8, 11, 9, 16], "texture": "#0"},
				"west": {"uv": [8, 11, 9, 16], "texture": "#0"},
				"up": {"uv": [8, 11, 9, 12], "rotation": 90, "texture": "#0"},
				"down": {"uv": [8, 15, 9, 16], "rotation": 90, "texture": "#0"}
			}
		},
		{
			"from": [8, 0, 5.5],
			"to": [8, 5, 10.5],
			"rotation": {"angle": 45, "axis": "y", "origin": [8, 0.5, 8]},
			"faces": {
				"east": {"uv": [6, 11, 11, 16], "texture": "#0"},
				"west": {"uv": [11, 11, 6, 16], "texture": "#0"}
			}
		},
		{
			"from": [8, 0, 5.5],
			"to": [8, 5, 10.5],
			"rotation": {"angle": -45, "axis": "y", "origin": [8, 0.5, 8]},
			"faces": {
				"east": {"uv": [6, 11, 11, 16], "texture": "#0"},
				"west": {"uv": [11, 11, 6, 16], "texture": "#0"}
			}
		},
		{
			"from": [6, -4, 6],
			"to": [10, -0.1, 10],
			"faces": {
				"north": {"uv": [6, 4, 10, 8], "texture": "#2"},
				"east": {"uv": [10, 4, 14, 8], "texture": "#2"},
				"south": {"uv": [6, 8, 10, 12], "texture": "#2"},
				"west": {"uv": [2, 4, 6, 8], "texture": "#2"},
				"up": {"uv": [6, 0, 10, 4], "texture": "#2"},
				"down": {"uv": [6, 12, 10, 16], "texture": "#2"}
			}
		}
	],
	"groups": [
		0,
		1,
		2,
		3,
		4,
		{
			"name": "group",
			"origin": [8, 0.5, 8],
			"color": 0,
			"children": [5, 6]
		},
		{
			"name": "group",
			"origin": [8, 0.5, 8],
			"color": 0,
			"children": [7]
		},
		8,
		{
			"name": "group",
			"origin": [8, -5, 8],
			"color": 0,
			"children": []
		}
	]
}