{
	"credit": "Made by Sawors",
	"parent": "block/_flower",
	"textures": {
		"0": "block/lily_of_the_valley",
		"1": "block/flower_dirt",
		"particle": "block/lily_of_the_valley"
	},
	"elements": [
		{
			"from": [8.53494, 0, 8.41502],
			"to": [8.53494, 9, 12.41502],
			"rotation": {"angle": -22.5, "axis": "y", "origin": [8.05385, 5.06538, 7.11285]},
			"faces": {
				"north": {"uv": [0, 0, 0, 1], "texture": "#0"},
				"east": {"uv": [13, 7, 9, 16], "texture": "#0"},
				"south": {"uv": [0, 0, 0, 1], "texture": "#0"},
				"west": {"uv": [9, 7, 13, 16], "texture": "#0"},
				"up": {"uv": [0, 0, 0, 1], "texture": "#0"},
				"down": {"uv": [0, 0, 0, 1], "texture": "#0"}
			}
		},
		{
			"from": [7.47326, 0, 8.3738],
			"to": [7.47326, 9, 12.3738],
			"rotation": {"angle": 22.5, "axis": "y", "origin": [8.05385, 5.06538, 7.11285]},
			"faces": {
				"north": {"uv": [0, 0, 0, 1], "texture": "#0"},
				"east": {"uv": [13, 7, 9, 16], "texture": "#0"},
				"south": {"uv": [0, 0, 0, 1], "texture": "#0"},
				"west": {"uv": [9, 7, 13, 16], "texture": "#0"},
				"up": {"uv": [0, 0, 0, 1], "texture": "#0"},
				"down": {"uv": [0, 0, 0, 1], "texture": "#0"}
			}
		},
		{
			"from": [8, 0, 6.5],
			"to": [8, 10, 8.5],
			"rotation": {"angle": 0, "axis": "y", "origin": [8.05385, 5.06538, 7.11285]},
			"faces": {
				"north": {"uv": [0, 0, 0, 1], "texture": "#0"},
				"east": {"uv": [9, 6, 7, 16], "texture": "#0"},
				"south": {"uv": [0, 0, 0, 1], "texture": "#0"},
				"west": {"uv": [7, 6, 9, 16], "texture": "#0"},
				"up": {"uv": [0, 0, 0, 1], "texture": "#0"},
				"down": {"uv": [0, 0, 0, 1], "texture": "#0"}
			}
		},
		{
			"from": [7.74202, 9, 3.34853],
			"to": [7.74202, 12, 7.34853],
			"rotation": {"angle": 45, "axis": "y", "origin": [8.05385, 5.06538, 7.11285]},
			"faces": {
				"north": {"uv": [0, 0, 0, 1], "texture": "#0"},
				"east": {"uv": [8, 4, 4, 7], "texture": "#0"},
				"south": {"uv": [0, 0, 0, 1], "texture": "#0"},
				"west": {"uv": [4, 4, 8, 7], "texture": "#0"},
				"up": {"uv": [0, 0, 0, 1], "texture": "#0"},
				"down": {"uv": [0, 0, 0, 1], "texture": "#0"}
			}
		},
		{
			"from": [8.28953, 9, 3.42468],
			"to": [8.28953, 12, 7.42468],
			"rotation": {"angle": -45, "axis": "y", "origin": [8.05385, 5.06538, 7.11285]},
			"faces": {
				"north": {"uv": [0, 0, 0, 1], "texture": "#0"},
				"east": {"uv": [8, 4, 4, 7], "texture": "#0"},
				"south": {"uv": [0, 0, 0, 1], "texture": "#0"},
				"west": {"uv": [4, 4, 8, 7], "texture": "#0"},
				"up": {"uv": [0, 0, 0, 1], "texture": "#0"},
				"down": {"uv": [0, 0, 0, 1], "texture": "#0"}
			}
		},
		{
			"from": [10, 9.54773, 5.77206],
			"to": [12, 11.54773, 7.77206],
			"rotation": {"angle": -22.5, "axis": "x", "origin": [8.05385, 5.06538, 7.11285]},
			"faces": {
				"north": {"uv": [0, 0, 2, 2], "texture": "#0"},
				"east": {"uv": [0, 0, 2, 2], "texture": "#0"},
				"south": {"uv": [0, 0, 2, 2], "texture": "#0"},
				"west": {"uv": [0, 0, 2, 2], "texture": "#0"},
				"up": {"uv": [0, 0, 2, 2], "texture": "#0"},
				"down": {"uv": [0, 0, 2, 2], "texture": "#0"}
			}
		},
		{
			"from": [4.5, 7.70102, 1.99527],
			"to": [6.5, 9.70102, 3.99527],
			"rotation": {"angle": 22.5, "axis": "x", "origin": [8.05385, 5.06538, 7.11285]},
			"faces": {
				"north": {"uv": [0, 0, 2, 2], "texture": "#0"},
				"east": {"uv": [0, 0, 2, 2], "texture": "#0"},
				"south": {"uv": [0, 0, 2, 2], "texture": "#0"},
				"west": {"uv": [0, 0, 2, 2], "texture": "#0"},
				"up": {"uv": [0, 0, 2, 2], "texture": "#0"},
				"down": {"uv": [0, 0, 2, 2], "texture": "#0"}
			}
		},
		{
			"from": [8.9, 6.38901, 4.05407],
			"to": [10.9, 8.38901, 6.05407],
			"rotation": {"angle": 22.5, "axis": "x", "origin": [8.05385, 5.06538, 7.11285]},
			"faces": {
				"north": {"uv": [0, 0, 2, 2], "texture": "#0"},
				"east": {"uv": [0, 0, 2, 2], "texture": "#0"},
				"south": {"uv": [0, 0, 2, 2], "texture": "#0"},
				"west": {"uv": [0, 0, 2, 2], "texture": "#0"},
				"up": {"uv": [0, 0, 2, 2], "texture": "#0"},
				"down": {"uv": [0, 0, 2, 2], "texture": "#0"}
			}
		},
		{
			"from": [6.55653, 7.44778, 5.1],
			"to": [8.55653, 9.44778, 7.1],
			"rotation": {"angle": 22.5, "axis": "z", "origin": [8.05385, 5.06538, 7.11285]},
			"faces": {
				"north": {"uv": [0, 0, 2, 2], "texture": "#0"},
				"east": {"uv": [0, 0, 2, 2], "texture": "#0"},
				"south": {"uv": [0, 0, 2, 2], "texture": "#0"},
				"west": {"uv": [0, 0, 2, 2], "texture": "#0"},
				"up": {"uv": [0, 0, 2, 2], "texture": "#0"},
				"down": {"uv": [0, 0, 2, 2], "texture": "#0"}
			}
		},
		{
			"from": [7.23863, 5, 5.52604],
			"to": [9.23863, 7, 7.52604],
			"rotation": {"angle": 22.5, "axis": "y", "origin": [8.05385, 5.06538, 7.11285]},
			"faces": {
				"north": {"uv": [0, 0, 2, 2], "texture": "#0"},
				"east": {"uv": [0, 0, 2, 2], "texture": "#0"},
				"south": {"uv": [0, 0, 2, 2], "texture": "#0"},
				"west": {"uv": [0, 0, 2, 2], "texture": "#0"},
				"up": {"uv": [0, 0, 2, 2], "texture": "#0"},
				"down": {"uv": [0, 0, 2, 2], "texture": "#0"}
			}
		},
		{
			"from": [6, -4, 6],
			"to": [10, -0.1, 10],
			"rotation": {"angle": 0, "axis": "y", "origin": [8.05385, 5.06538, 7.11285]},
			"faces": {
				"north": {"uv": [0, 0, 4, 4], "texture": "#1"},
				"east": {"uv": [8, 0, 12, 4], "texture": "#1"},
				"south": {"uv": [12, 0, 16, 4], "texture": "#1"},
				"west": {"uv": [12, 0, 16, 4], "texture": "#1"},
				"up": {"uv": [4, 0, 8, 4], "texture": "#1"},
				"down": {"uv": [8, 0, 12, 4], "texture": "#1"}
			}
		},
		{
			"from": [4, -9, 8],
			"to": [12, -0.1, 8],
			"rotation": {"angle": 0, "axis": "y", "origin": [8.05385, 5.06538, 7.11285]},
			"faces": {
				"north": {"uv": [0, 7, 8, 15.9], "texture": "#1"}
			}
		},
		{
			"from": [8, -9, 4],
			"to": [8, -0.1, 12],
			"rotation": {"angle": 0, "axis": "y", "origin": [8.05385, 5.06538, 7.11285]},
			"faces": {
				"west": {"uv": [8, 7, 16, 15.9], "texture": "#1"}
			}
		}
	],
	"groups": [
		{
			"name": "group",
			"origin": [8, 10.5, 11],
			"color": 0,
			"children": [0, 1, 2, 3, 4]
		},
		{
			"name": "group",
			"origin": [8, 8, 8],
			"color": 0,
			"children": [5, 6, 7, 8, 9]
		},
		{
			"name": "group",
			"origin": [8, -4.55, 8],
			"color": 0,
			"children": [10, 11, 12]
		}
	]
}