{
	"credit": "Made by Sawors",
	"parent": "block/_flower",
	"textures": {
		"0": "block/oxeye_daisy",
		"1": "block/flower_dirt",
		"particle": "block/oxeye_daisy"
	},
	"elements": [
		{
			"from": [8, 0, 5.5],
			"to": [8, 7, 10.5],
			"rotation": {"angle": 45, "axis": "y", "origin": [8, 3.5, 8]},
			"faces": {
				"north": {"uv": [0, 0, 0, 7], "texture": "#0"},
				"east": {"uv": [10, 9, 5, 16], "texture": "#0"},
				"south": {"uv": [0, 0, 0, 7], "texture": "#0"},
				"west": {"uv": [5, 9, 10, 16], "texture": "#0"},
				"down": {"uv": [0, 0, 0, 5], "texture": "#0"}
			}
		},
		{
			"from": [5.5, 0, 8],
			"to": [10.5, 7, 8],
			"rotation": {"angle": 45, "axis": "y", "origin": [8, 3.5, 8]},
			"faces": {
				"north": {"uv": [10, 9, 5, 16], "texture": "#0"},
				"east": {"uv": [0, 0, 0, 7], "texture": "#0"},
				"south": {"uv": [5, 9, 10, 16], "texture": "#0"},
				"west": {"uv": [0, 0, 0, 7], "texture": "#0"},
				"down": {"uv": [0, 0, 0, 5], "rotation": 90, "texture": "#0"}
			}
		},
		{
			"from": [7.5, 0, 7.5],
			"to": [8.5, 7, 8.5],
			"rotation": {"angle": 45, "axis": "y", "origin": [8, 3.5, 8]},
			"faces": {
				"north": {"uv": [8, 9, 7, 16], "texture": "#0"},
				"east": {"uv": [8, 9, 7, 16], "texture": "#0"},
				"south": {"uv": [8, 9, 7, 16], "texture": "#0"},
				"west": {"uv": [8, 9, 7, 16], "texture": "#0"},
				"down": {"uv": [7, 15, 8, 16], "rotation": 90, "texture": "#0"}
			}
		},
		{
			"from": [4.5, 7, 4.5],
			"to": [11.5, 7, 11.5],
			"rotation": {"angle": -22.5, "axis": "z", "origin": [8, 7, 8]},
			"faces": {
				"north": {"uv": [0, 0, 5, 0], "texture": "#0"},
				"east": {"uv": [0, 0, 5, 0], "texture": "#0"},
				"south": {"uv": [0, 0, 5, 0], "texture": "#0"},
				"west": {"uv": [0, 0, 5, 0], "texture": "#0"},
				"up": {"uv": [4, 2, 11, 9], "texture": "#0"},
				"down": {"uv": [11, 2, 4, 9], "texture": "#0"}
			}
		},
		{
			"from": [6.5, 6.99, 6.5],
			"to": [9.5, 7.49, 9.5],
			"rotation": {"angle": -22.5, "axis": "z", "origin": [8, 7, 8]},
			"faces": {
				"north": {"uv": [6, 5, 9, 6], "texture": "#0"},
				"east": {"uv": [6, 6, 9, 7], "texture": "#0"},
				"south": {"uv": [6, 4, 9, 5], "texture": "#0"},
				"west": {"uv": [6, 4, 9, 5], "texture": "#0"},
				"up": {"uv": [6, 4, 9, 7], "texture": "#0"},
				"down": {"uv": [9, 7, 7, 9], "texture": "#0"}
			}
		},
		{
			"from": [6, -4, 6],
			"to": [10, -0.1, 10],
			"faces": {
				"north": {"uv": [0, 0, 4, 4], "texture": "#1"},
				"east": {"uv": [8, 0, 12, 4], "texture": "#1"},
				"south": {"uv": [12, 0, 16, 4], "texture": "#1"},
				"west": {"uv": [12, 0, 16, 4], "texture": "#1"},
				"up": {"uv": [4, 0, 8, 4], "texture": "#1"},
				"down": {"uv": [8, 0, 12, 4], "texture": "#1"}
			}
		},
		{
			"from": [4, -9, 8],
			"to": [12, -0.1, 8],
			"faces": {
				"north": {"uv": [0, 7, 8, 15.9], "texture": "#1"}
			}
		},
		{
			"from": [8, -9, 4],
			"to": [8, -0.1, 12],
			"rotation": {"angle": 0, "axis": "y", "origin": [8, -4.55, 8]},
			"faces": {
				"west": {"uv": [8, 7, 16, 15.9], "texture": "#1"}
			}
		}
	],
	"groups": [
		0,
		1,
		2,
		3,
		4,
		{
			"name": "group",
			"origin": [8, -4.55, 8],
			"color": 0,
			"children": [5, 6, 7]
		}
	]
}