{
  "credit": "Made_by_Sawors",
  "parent": "block/_flower",
  "textures": {
    "0": "block/oxeye_daisy",
    "particle": "block/oxeye_daisy"
  },
  "elements": [
    {
      "from": [
        8,
        0,
        5.5
      ],
      "to": [
        8,
        7,
        10.5
      ],
      "rotation": {
        "angle": 45,
        "axis": "y",
        "origin": [
          8,
          3.5,
          8
        ]
      },
      "faces": {
        "north": {
          "uv": [
            0,
            0,
            0,
            7
          ],
          "texture": "#0"
        },
        "east": {
          "uv": [
            10,
            9,
            5,
            16
          ],
          "texture": "#0"
        },
        "south": {
          "uv": [
            0,
            0,
            0,
            7
          ],
          "texture": "#0"
        },
        "west": {
          "uv": [
            5,
            9,
            10,
            16
          ],
          "texture": "#0"
        },
        "down": {
          "uv": [
            0,
            0,
            0,
            5
          ],
          "texture": "#0"
        }
      }
    },
    {
      "from": [
        5.5,
        0,
        8
      ],
      "to": [
        10.5,
        7,
        8
      ],
      "rotation": {
        "angle": 45,
        "axis": "y",
        "origin": [
          8,
          3.5,
          8
        ]
      },
      "faces": {
        "north": {
          "uv": [
            10,
            9,
            5,
            16
          ],
          "texture": "#0"
        },
        "east": {
          "uv": [
            0,
            0,
            0,
            7
          ],
          "texture": "#0"
        },
        "south": {
          "uv": [
            5,
            9,
            10,
            16
          ],
          "texture": "#0"
        },
        "west": {
          "uv": [
            0,
            0,
            0,
            7
          ],
          "texture": "#0"
        },
        "down": {
          "uv": [
            0,
            0,
            0,
            5
          ],
          "rotation": 90,
          "texture": "#0"
        }
      }
    },
    {
      "from": [
        4.5,
        7,
        4.5
      ],
      "to": [
        11.5,
        7,
        11.5
      ],
      "rotation": {
        "angle": -22.5,
        "axis": "z",
        "origin": [
          8,
          7,
          8
        ]
      },
      "faces": {
        "north": {
          "uv": [
            0,
            0,
            5,
            0
          ],
          "texture": "#0"
        },
        "east": {
          "uv": [
            0,
            0,
            5,
            0
          ],
          "texture": "#0"
        },
        "south": {
          "uv": [
            0,
            0,
            5,
            0
          ],
          "texture": "#0"
        },
        "west": {
          "uv": [
            0,
            0,
            5,
            0
          ],
          "texture": "#0"
        },
        "up": {
          "uv": [
            4,
            2,
            11,
            9
          ],
          "texture": "#0"
        },
        "down": {
          "uv": [
            11,
            2,
            4,
            9
          ],
          "texture": "#0"
        }
      }
    },
    {
      "from": [
        6.5,
        6.99,
        6.5
      ],
      "to": [
        9.5,
        7.49,
        9.5
      ],
      "rotation": {
        "angle": -22.5,
        "axis": "z",
        "origin": [
          8,
          7,
          8
        ]
      },
      "faces": {
        "north": {
          "uv": [
            6,
            5,
            9,
            6
          ],
          "texture": "#0"
        },
        "east": {
          "uv": [
            6,
            6,
            9,
            7
          ],
          "texture": "#0"
        },
        "south": {
          "uv": [
            6,
            4,
            9,
            5
          ],
          "texture": "#0"
        },
        "west": {
          "uv": [
            6,
            4,
            9,
            5
          ],
          "texture": "#0"
        },
        "up": {
          "uv": [
            6,
            4,
            9,
            7
          ],
          "texture": "#0"
        },
        "down": {
          "uv": [
            9,
            7,
            7,
            9
          ],
          "texture": "#0"
        }
      }
    }
  ]
}
