{
	"credit": "Made by Sawors",
	"parent": "block/_flower",
	"textures": {
		"0": "block/poppy",
		"1": "block/black_wool",
		"3": "block/flower_dirt",
		"particle": "block/poppy"
	},
	"elements": [
		{
			"from": [4.5, 0, 8],
			"to": [11.5, 7, 8],
			"rotation": {"angle": -45, "axis": "y", "origin": [8, 3.5, 8]},
			"faces": {
				"north": {"uv": [12, 9, 5, 16], "texture": "#0"},
				"south": {"uv": [5, 9, 12, 16], "texture": "#0"}
			}
		},
		{
			"from": [8, 0, 4.5],
			"to": [8, 7, 11.5],
			"rotation": {"angle": -45, "axis": "y", "origin": [8, 3.5, 8]},
			"faces": {
				"east": {"uv": [12, 9, 5, 16], "texture": "#0"},
				"west": {"uv": [5, 9, 12, 16], "texture": "#0"}
			}
		},
		{
			"from": [7.5, 0, 7.5],
			"to": [8.5, 6.6, 8.5],
			"rotation": {"angle": 45, "axis": "y", "origin": [8, 3.5, 8]},
			"faces": {
				"north": {"uv": [8, 9.4, 9, 16], "texture": "#0"},
				"east": {"uv": [8, 9.4, 9, 16], "texture": "#0"},
				"south": {"uv": [8, 9.4, 9, 16], "texture": "#0"},
				"west": {"uv": [8, 9.4, 9, 16], "texture": "#0"},
				"up": {"uv": [0, 0, 0, 1], "rotation": 270, "texture": "#0"},
				"down": {"uv": [0, 0, 0, 1], "rotation": 90, "texture": "#0"}
			}
		},
		{
			"from": [7.49289, 6.6, 7.51421],
			"to": [8.49289, 7.1, 8.51421],
			"rotation": {"angle": 0, "axis": "y", "origin": [8.05355, 6.85, 8.06066]},
			"faces": {
				"north": {"uv": [7.50711, 8.7, 8.50711, 9.2], "texture": "#1"},
				"east": {"uv": [0, 5, 1, 5.5], "texture": "#1"},
				"south": {"uv": [4, 5, 5, 5.5], "texture": "#1"},
				"west": {"uv": [4, 9, 5, 9.5], "texture": "#1"},
				"up": {"uv": [3, 11, 4, 12], "rotation": 270, "texture": "#1"},
				"down": {"uv": [3, 11, 4, 12], "rotation": 90, "texture": "#1"}
			}
		},
		{
			"from": [5, 6.6, 5],
			"to": [11, 6.6, 8],
			"rotation": {"angle": 22.5, "axis": "x", "origin": [8, 6.6, 8]},
			"faces": {
				"north": {"uv": [0, 0, 4, 0], "texture": "#0"},
				"east": {"uv": [0, 0, 3, 0], "texture": "#0"},
				"south": {"uv": [0, 0, 4, 0], "texture": "#0"},
				"west": {"uv": [0, 0, 3, 0], "texture": "#0"},
				"up": {"uv": [5, 5, 11, 8], "texture": "#0"},
				"down": {"uv": [5, 8, 11, 5], "texture": "#0"}
			}
		},
		{
			"from": [5, 6.6, 5],
			"to": [8, 6.6, 11],
			"rotation": {"angle": -22.5, "axis": "z", "origin": [8, 6.6, 8]},
			"faces": {
				"north": {"uv": [0, 0, 3, 0], "texture": "#0"},
				"east": {"uv": [0, 0, 4, 0], "texture": "#0"},
				"south": {"uv": [0, 0, 3, 0], "texture": "#0"},
				"west": {"uv": [0, 0, 4, 0], "texture": "#0"},
				"up": {"uv": [5, 5, 11, 8], "rotation": 270, "texture": "#0"},
				"down": {"uv": [5, 8, 11, 5], "rotation": 90, "texture": "#0"}
			}
		},
		{
			"from": [8, 6.6, 5],
			"to": [11, 6.6, 11],
			"rotation": {"angle": 22.5, "axis": "z", "origin": [8, 6.6, 8]},
			"faces": {
				"north": {"uv": [0, 0, 3, 0], "texture": "#0"},
				"east": {"uv": [0, 0, 4, 0], "texture": "#0"},
				"south": {"uv": [0, 0, 3, 0], "texture": "#0"},
				"west": {"uv": [0, 0, 4, 0], "texture": "#0"},
				"up": {"uv": [5, 5, 11, 8], "rotation": 90, "texture": "#0"},
				"down": {"uv": [5, 8, 11, 5], "rotation": 270, "texture": "#0"}
			}
		},
		{
			"from": [5, 6.6, 8],
			"to": [11, 6.6, 11],
			"rotation": {"angle": -22.5, "axis": "x", "origin": [8, 6.6, 8]},
			"faces": {
				"north": {"uv": [0, 0, 4, 0], "texture": "#0"},
				"east": {"uv": [0, 0, 3, 0], "texture": "#0"},
				"south": {"uv": [0, 0, 4, 0], "texture": "#0"},
				"west": {"uv": [0, 0, 3, 0], "texture": "#0"},
				"up": {"uv": [5, 5, 11, 8], "rotation": 180, "texture": "#0"},
				"down": {"uv": [5, 8, 11, 5], "rotation": 180, "texture": "#0"}
			}
		},
		{
			"from": [6, -4, 6],
			"to": [10, -0.1, 10],
			"faces": {
				"north": {"uv": [0, 0, 4, 4], "texture": "#3"},
				"east": {"uv": [8, 0, 12, 4], "texture": "#3"},
				"south": {"uv": [12, 0, 16, 4], "texture": "#3"},
				"west": {"uv": [12, 0, 16, 4], "texture": "#3"},
				"up": {"uv": [4, 0, 8, 4], "texture": "#3"},
				"down": {"uv": [8, 0, 12, 4], "texture": "#3"}
			}
		},
		{
			"from": [4, -9, 8],
			"to": [12, -0.1, 8],
			"faces": {
				"north": {"uv": [0, 7, 8, 15.9], "texture": "#3"},
				"east": {"uv": [0, 0, 0, 7], "texture": "#3"},
				"west": {"uv": [0, 0, 0, 7], "texture": "#3"},
				"up": {"uv": [0, 0, 8, 0], "texture": "#3"},
				"down": {"uv": [0, 0, 8, 0], "texture": "#3"}
			}
		},
		{
			"from": [8, -9, 4],
			"to": [8, -0.1, 12],
			"rotation": {"angle": 0, "axis": "y", "origin": [8, -4.55, 8]},
			"faces": {
				"north": {"uv": [0, 0, 0, 7], "texture": "#3"},
				"south": {"uv": [0, 0, 0, 7], "texture": "#3"},
				"west": {"uv": [8, 7, 16, 15.9], "texture": "#3"},
				"up": {"uv": [0, 0, 8, 0], "rotation": 270, "texture": "#3"},
				"down": {"uv": [0, 0, 8, 0], "rotation": 90, "texture": "#3"}
			}
		}
	],
	"groups": [
		0,
		1,
		2,
		3,
		{
			"name": "group",
			"origin": [9, 7, 9],
			"color": 0,
			"children": [4, 5, 6, 7]
		},
		{
			"name": "group",
			"origin": [8, -4.55, 8],
			"color": 0,
			"children": [8, 9, 10]
		}
	]
}