{
	"credit": "Made by Sawors",
	"parent": "block/_flower",
	"textures": {
		"1": "block/red_tulip",
		"particle": "block/hay_block_top"
	},
	"elements": [
		{
			"from": [6.5, 9, 8.51],
			"to": [9.5, 13, 8.51],
			"rotation": {"angle": 0, "axis": "y", "origin": [8, 11, 8]},
			"faces": {
				"north": {"uv": [6, 3, 9, 7], "texture": "#1"},
				"east": {"uv": [0, 0, 1, 3], "texture": "#1"},
				"south": {"uv": [6, 3, 9, 7], "texture": "#1"},
				"west": {"uv": [0, 0, 1, 3], "texture": "#1"},
				"up": {"uv": [0, 0, 1, 3], "rotation": 270, "texture": "#1"},
				"down": {"uv": [0, 0, 1, 3], "rotation": 90, "texture": "#1"}
			}
		},
		{
			"from": [8.51, 9, 6.5],
			"to": [8.51, 13, 9.5],
			"rotation": {"angle": 0, "axis": "z", "origin": [8.5, 9, 8]},
			"faces": {
				"north": {"uv": [0, 0, 1, 3], "texture": "#1"},
				"east": {"uv": [6, 3, 9, 7], "texture": "#1"},
				"south": {"uv": [0, 0, 1, 3], "texture": "#1"},
				"west": {"uv": [6, 3, 9, 7], "texture": "#1"},
				"up": {"uv": [0, 0, 1, 3], "texture": "#1"},
				"down": {"uv": [0, 0, 1, 3], "texture": "#1"}
			}
		},
		{
			"from": [6.5, 9, 7.49],
			"to": [9.5, 13, 7.49],
			"rotation": {"angle": 0, "axis": "y", "origin": [8, 11, 8]},
			"faces": {
				"north": {"uv": [6, 3, 9, 7], "texture": "#1"},
				"east": {"uv": [0, 0, 1, 3], "texture": "#1"},
				"south": {"uv": [6, 3, 9, 7], "texture": "#1"},
				"west": {"uv": [0, 0, 1, 3], "texture": "#1"},
				"up": {"uv": [0, 0, 1, 3], "rotation": 270, "texture": "#1"},
				"down": {"uv": [0, 0, 1, 3], "rotation": 90, "texture": "#1"}
			}
		},
		{
			"from": [7.49, 9, 6.5],
			"to": [7.49, 13, 9.5],
			"rotation": {"angle": 0, "axis": "z", "origin": [7.5, 9, 8]},
			"faces": {
				"north": {"uv": [0, 0, 1, 3], "texture": "#1"},
				"east": {"uv": [6, 3, 9, 7], "texture": "#1"},
				"south": {"uv": [0, 0, 1, 3], "texture": "#1"},
				"west": {"uv": [6, 3, 9, 7], "texture": "#1"},
				"up": {"uv": [0, 0, 1, 3], "texture": "#1"},
				"down": {"uv": [0, 0, 1, 3], "texture": "#1"}
			}
		},
		{
			"from": [7.5, 0, 4.5],
			"to": [8.5, 9, 12.5],
			"rotation": {"angle": 45, "axis": "y", "origin": [8, 5.5, 8]},
			"faces": {
				"north": {"uv": [0, 0, 1, 1], "texture": "#1"},
				"east": {"uv": [12, 7, 4, 16], "texture": "#1"},
				"south": {"uv": [0, 0, 1, 1], "texture": "#1"},
				"west": {"uv": [4, 7, 12, 16], "texture": "#1"},
				"up": {"uv": [0, 0, 1, 1], "rotation": 270, "texture": "#1"},
				"down": {"uv": [0, 0, 1, 1], "rotation": 90, "texture": "#1"}
			}
		},
		{
			"from": [7.5, 9, 4.5],
			"to": [8.5, 11, 6.5],
			"rotation": {"angle": 45, "axis": "y", "origin": [8, 5.5, 8]},
			"faces": {
				"north": {"uv": [0, 0, 1, 1], "texture": "#1"},
				"east": {"uv": [6, 5, 4, 7], "texture": "#1"},
				"south": {"uv": [0, 0, 1, 1], "texture": "#1"},
				"west": {"uv": [4, 5, 6, 7], "texture": "#1"},
				"up": {"uv": [0, 0, 1, 1], "rotation": 270, "texture": "#1"},
				"down": {"uv": [0, 0, 1, 1], "rotation": 90, "texture": "#1"}
			}
		},
		{
			"from": [7.5, 0, 7.5],
			"to": [8.5, 1, 8.5],
			"rotation": {"angle": 45, "axis": "y", "origin": [8, 5.5, 8]},
			"faces": {
				"north": {"uv": [7, 15, 8, 16], "texture": "#1"},
				"south": {"uv": [7, 15, 8, 16], "texture": "#1"},
				"up": {"uv": [7, 15, 8, 16], "texture": "#1"},
				"down": {"uv": [7, 15, 8, 16], "texture": "#1"}
			}
		},
		{
			"from": [7.5, 1, 6.5],
			"to": [8.5, 6, 9.5],
			"rotation": {"angle": 45, "axis": "y", "origin": [8, 5.5, 8]},
			"faces": {
				"north": {"uv": [8, 10, 9, 15], "texture": "#1"},
				"south": {"uv": [6, 10, 7, 15], "texture": "#1"},
				"up": {"uv": [6, 10, 9, 11], "rotation": 90, "texture": "#1"},
				"down": {"uv": [6, 14, 9, 15], "rotation": 90, "texture": "#1"}
			}
		},
		{
			"from": [7.5, 5, 9.5],
			"to": [8.5, 7, 11.5],
			"rotation": {"angle": 45, "axis": "y", "origin": [8, 5.5, 8]},
			"faces": {
				"north": {"uv": [9, 9, 10, 11], "texture": "#1"},
				"south": {"uv": [10, 9, 11, 11], "texture": "#1"},
				"up": {"uv": [9, 9, 11, 10], "rotation": 90, "texture": "#1"},
				"down": {"uv": [9, 10, 11, 11], "rotation": 270, "texture": "#1"}
			}
		},
		{
			"from": [7.5, 3, 9.5],
			"to": [8.5, 5, 10.5],
			"rotation": {"angle": 45, "axis": "y", "origin": [8, 5.5, 8]},
			"faces": {
				"north": {"uv": [9, 11, 10, 13], "texture": "#1"},
				"south": {"uv": [9, 11, 10, 13], "texture": "#1"},
				"up": {"uv": [9, 11, 10, 12], "rotation": 270, "texture": "#1"},
				"down": {"uv": [9, 12, 10, 13], "rotation": 270, "texture": "#1"}
			}
		},
		{
			"from": [7.5, 7, 10.5],
			"to": [8.5, 8, 12.5],
			"rotation": {"angle": 45, "axis": "y", "origin": [8, 5.5, 8]},
			"faces": {
				"north": {"uv": [10, 8, 11, 9], "texture": "#1"},
				"south": {"uv": [11, 8, 12, 9], "texture": "#1"},
				"up": {"uv": [10, 8, 12, 9], "rotation": 90, "texture": "#1"},
				"down": {"uv": [10, 8, 12, 9], "rotation": 270, "texture": "#1"}
			}
		},
		{
			"from": [7.5, 3, 5.5],
			"to": [8.5, 9, 8.5],
			"rotation": {"angle": 45, "axis": "y", "origin": [8, 5.5, 8]},
			"faces": {
				"north": {"uv": [5, 7, 6, 13], "texture": "#1"},
				"south": {"uv": [7, 7, 8, 13], "texture": "#1"},
				"up": {"uv": [5, 7, 8, 8], "rotation": 90, "texture": "#1"},
				"down": {"uv": [5, 12, 8, 13], "rotation": 90, "texture": "#1"}
			}
		},
		{
			"from": [7.5, 8, 4.5],
			"to": [8.5, 10, 6.5],
			"rotation": {"angle": 45, "axis": "y", "origin": [8, 5.5, 8]},
			"faces": {
				"north": {"uv": [4, 6, 5, 8], "texture": "#1"},
				"south": {"uv": [5, 6, 6, 8], "texture": "#1"},
				"up": {"uv": [4, 6, 6, 7], "rotation": 90, "texture": "#1"},
				"down": {"uv": [4, 7, 6, 8], "rotation": 90, "texture": "#1"}
			}
		},
		{
			"from": [7.5, 10, 4.5],
			"to": [8.5, 11, 5.5],
			"rotation": {"angle": 45, "axis": "y", "origin": [8, 5.5, 8]},
			"faces": {
				"north": {"uv": [4, 5, 5, 6], "texture": "#1"},
				"south": {"uv": [4, 5, 5, 6], "texture": "#1"},
				"up": {"uv": [4, 5, 5, 6], "texture": "#1"},
				"down": {"uv": [4, 5, 5, 6], "texture": "#1"}
			}
		},
		{
			"from": [4.5, 0, 7.5],
			"to": [12.5, 9, 8.5],
			"rotation": {"angle": 45, "axis": "y", "origin": [8, 5.5, 8]},
			"faces": {
				"north": {"uv": [12, 7, 4, 16], "texture": "#1"},
				"east": {"uv": [0, 0, 1, 1], "texture": "#1"},
				"south": {"uv": [4, 7, 12, 16], "texture": "#1"},
				"west": {"uv": [0, 0, 1, 1], "texture": "#1"},
				"up": {"uv": [0, 0, 1, 1], "rotation": 180, "texture": "#1"},
				"down": {"uv": [0, 0, 1, 1], "rotation": 180, "texture": "#1"}
			}
		},
		{
			"from": [4.5, 9, 7.5],
			"to": [6.5, 11, 8.5],
			"rotation": {"angle": 45, "axis": "y", "origin": [8, 5.5, 8]},
			"faces": {
				"north": {"uv": [6, 5, 4, 7], "texture": "#1"},
				"east": {"uv": [0, 0, 1, 1], "texture": "#1"},
				"south": {"uv": [4, 5, 6, 7], "texture": "#1"},
				"west": {"uv": [0, 0, 1, 1], "texture": "#1"},
				"up": {"uv": [0, 0, 1, 1], "rotation": 180, "texture": "#1"},
				"down": {"uv": [0, 0, 1, 1], "rotation": 180, "texture": "#1"}
			}
		},
		{
			"from": [7.5, 0, 7.5],
			"to": [8.5, 1, 8.5],
			"rotation": {"angle": 45, "axis": "y", "origin": [8, 5.5, 8]},
			"faces": {
				"east": {"uv": [7, 15, 8, 16], "texture": "#1"},
				"west": {"uv": [7, 15, 8, 16], "texture": "#1"},
				"up": {"uv": [7, 15, 8, 16], "rotation": 270, "texture": "#1"},
				"down": {"uv": [7, 15, 8, 16], "rotation": 90, "texture": "#1"}
			}
		},
		{
			"from": [6.5, 1, 7.5],
			"to": [9.5, 6, 8.5],
			"rotation": {"angle": 45, "axis": "y", "origin": [8, 5.5, 8]},
			"faces": {
				"east": {"uv": [6, 10, 7, 15], "texture": "#1"},
				"west": {"uv": [8, 10, 9, 15], "texture": "#1"},
				"up": {"uv": [6, 10, 9, 11], "texture": "#1"},
				"down": {"uv": [6, 14, 9, 15], "rotation": 180, "texture": "#1"}
			}
		},
		{
			"from": [9.5, 5, 7.5],
			"to": [11.5, 7, 8.5],
			"rotation": {"angle": 45, "axis": "y", "origin": [8, 5.5, 8]},
			"faces": {
				"east": {"uv": [10, 9, 11, 11], "texture": "#1"},
				"west": {"uv": [9, 9, 10, 11], "texture": "#1"},
				"up": {"uv": [9, 9, 11, 10], "texture": "#1"},
				"down": {"uv": [9, 10, 11, 11], "texture": "#1"}
			}
		},
		{
			"from": [9.5, 3, 7.5],
			"to": [10.5, 5, 8.5],
			"rotation": {"angle": 45, "axis": "y", "origin": [8, 5.5, 8]},
			"faces": {
				"east": {"uv": [9, 11, 10, 13], "texture": "#1"},
				"west": {"uv": [9, 11, 10, 13], "texture": "#1"},
				"up": {"uv": [9, 11, 10, 12], "rotation": 180, "texture": "#1"},
				"down": {"uv": [9, 12, 10, 13], "texture": "#1"}
			}
		},
		{
			"from": [10.5, 7, 7.5],
			"to": [12.5, 8, 8.5],
			"rotation": {"angle": 45, "axis": "y", "origin": [8, 5.5, 8]},
			"faces": {
				"east": {"uv": [11, 8, 12, 9], "texture": "#1"},
				"west": {"uv": [10, 8, 11, 9], "texture": "#1"},
				"up": {"uv": [10, 8, 12, 9], "texture": "#1"},
				"down": {"uv": [10, 8, 12, 9], "texture": "#1"}
			}
		},
		{
			"from": [5.5, 3, 7.5],
			"to": [8.5, 9, 8.5],
			"rotation": {"angle": 45, "axis": "y", "origin": [8, 5.5, 8]},
			"faces": {
				"east": {"uv": [7, 7, 8, 13], "texture": "#1"},
				"west": {"uv": [5, 7, 6, 13], "texture": "#1"},
				"up": {"uv": [5, 7, 8, 8], "texture": "#1"},
				"down": {"uv": [5, 12, 8, 13], "rotation": 180, "texture": "#1"}
			}
		},
		{
			"from": [4.5, 8, 7.5],
			"to": [6.5, 10, 8.5],
			"rotation": {"angle": 45, "axis": "y", "origin": [8, 5.5, 8]},
			"faces": {
				"east": {"uv": [5, 6, 6, 8], "texture": "#1"},
				"west": {"uv": [4, 6, 5, 8], "texture": "#1"},
				"up": {"uv": [4, 6, 6, 7], "texture": "#1"},
				"down": {"uv": [4, 7, 6, 8], "rotation": 180, "texture": "#1"}
			}
		},
		{
			"from": [4.5, 10, 7.5],
			"to": [5.5, 11, 8.5],
			"rotation": {"angle": 45, "axis": "y", "origin": [8, 5.5, 8]},
			"faces": {
				"east": {"uv": [4, 5, 5, 6], "texture": "#1"},
				"west": {"uv": [4, 5, 5, 6], "texture": "#1"},
				"up": {"uv": [4, 5, 5, 6], "rotation": 270, "texture": "#1"},
				"down": {"uv": [4, 5, 5, 6], "rotation": 90, "texture": "#1"}
			}
		}
	],
	"groups": [
		{
			"name": "group",
			"origin": [7.5, 9, 8],
			"color": 0,
			"children": [0, 1, 2, 3]
		},
		{
			"name": "group",
			"origin": [8, 5.5, 8],
			"color": 0,
			"children": [4, 5, 6, 7, 8, 9, 10, 11, 12, 13]
		},
		{
			"name": "group",
			"origin": [8, 5.5, 8],
			"color": 0,
			"children": [14, 15, 16, 17, 18, 19, 20, 21, 22, 23]
		}
	]
}