{
	"credit": "Made by Sawors",
	"textures": {
		"0": "block/sweet_berry_bush_stage0",
		"1": "block/sweet_berry_bush_stage1",
		"2": "block/sweet_berry_bush_stage2",
		"particle": "block/sweet_berry_bush_stage0"
	},
	"elements": [
		{
			"from": [2, 14, 7],
			"to": [14, 14, 17],
			"rotation": {"angle": 22.5, "axis": "x", "origin": [7.69536, 11.49977, 7.98141]},
			"faces": {
				"north": {"uv": [0, 0, 0, 0], "texture": "#0"},
				"east": {"uv": [0, 0, 0, 16], "texture": "#0"},
				"south": {"uv": [0, 0, 0, 0], "texture": "#0"},
				"west": {"uv": [0, 0, 0, 16], "texture": "#0"},
				"up": {"uv": [2, 6, 14, 16], "rotation": 180, "texture": "#0"},
				"down": {"uv": [1, 1, 15, 15], "texture": "#0"}
			}
		},
		{
			"from": [2, 14, -1],
			"to": [14, 14, 9],
			"rotation": {"angle": -22.5, "axis": "x", "origin": [7.69536, 11.49977, 7.98141]},
			"faces": {
				"north": {"uv": [0, 0, 0, 0], "texture": "#0"},
				"east": {"uv": [0, 0, 0, 16], "texture": "#0"},
				"south": {"uv": [0, 0, 0, 0], "texture": "#0"},
				"west": {"uv": [0, 0, 0, 16], "texture": "#0"},
				"up": {"uv": [2, 6, 14, 16], "texture": "#0"},
				"down": {"uv": [1, 1, 15, 15], "texture": "#0"}
			}
		},
		{
			"from": [-1, 14, 2],
			"to": [9, 14, 14],
			"rotation": {"angle": 22.5, "axis": "z", "origin": [7.69536, 11.49977, 7.98141]},
			"faces": {
				"north": {"uv": [0, 0, 0, 0], "texture": "#0"},
				"east": {"uv": [0, 0, 0, 16], "texture": "#0"},
				"south": {"uv": [0, 0, 0, 0], "texture": "#0"},
				"west": {"uv": [0, 0, 0, 16], "texture": "#0"},
				"up": {"uv": [2, 6, 14, 16], "rotation": 270, "texture": "#0"},
				"down": {"uv": [1, 1, 15, 15], "texture": "#0"}
			}
		},
		{
			"from": [6, 14, 2],
			"to": [16, 14, 14],
			"rotation": {"angle": -22.5, "axis": "z", "origin": [7.69536, 11.49977, 7.98141]},
			"faces": {
				"north": {"uv": [0, 0, 0, 0], "texture": "#0"},
				"east": {"uv": [0, 0, 0, 16], "texture": "#0"},
				"south": {"uv": [0, 0, 0, 0], "texture": "#0"},
				"west": {"uv": [0, 0, 0, 16], "texture": "#0"},
				"up": {"uv": [2, 6, 14, 16], "rotation": 90, "texture": "#0"},
				"down": {"uv": [1, 1, 15, 15], "texture": "#0"}
			}
		},
		{
			"from": [3, -2, 1],
			"to": [3, 14, 15],
			"rotation": {"angle": 0, "axis": "y", "origin": [-3, 6, 19]},
			"faces": {
				"east": {"uv": [1, 0, 15, 16], "texture": "#1"},
				"west": {"uv": [15, 0, 1, 16], "texture": "#1"},
				"up": {"uv": [0, 0, 14, 0], "texture": "#missing"},
				"down": {"uv": [0, 0, 14, 0], "texture": "#missing"}
			}
		},
		{
			"from": [1, -2, 13],
			"to": [15, 14, 13],
			"rotation": {"angle": 0, "axis": "y", "origin": [9, 6, 21]},
			"faces": {
				"north": {"uv": [1, 0, 15, 16], "texture": "#1"},
				"east": {"uv": [0, 0, 0, 16], "texture": "#missing"},
				"south": {"uv": [15, 0, 1, 16], "texture": "#1"},
				"west": {"uv": [0, 0, 0, 16], "texture": "#missing"},
				"up": {"uv": [0, 0, 14, 0], "texture": "#missing"},
				"down": {"uv": [0, 0, 14, 0], "texture": "#missing"}
			}
		},
		{
			"from": [13, -2, 1],
			"to": [13, 14, 15],
			"rotation": {"angle": 0, "axis": "y", "origin": [7, 6, 19]},
			"faces": {
				"east": {"uv": [1, 0, 15, 16], "texture": "#1"},
				"west": {"uv": [15, 0, 1, 16], "texture": "#1"},
				"up": {"uv": [0, 0, 14, 0], "texture": "#missing"},
				"down": {"uv": [0, 0, 14, 0], "texture": "#missing"}
			}
		},
		{
			"from": [1, -2, 3],
			"to": [15, 14, 3],
			"rotation": {"angle": 0, "axis": "y", "origin": [9, 6, 11]},
			"faces": {
				"north": {"uv": [1, 0, 15, 16], "texture": "#1"},
				"east": {"uv": [0, 0, 0, 16], "texture": "#missing"},
				"south": {"uv": [15, 0, 1, 16], "texture": "#1"},
				"west": {"uv": [0, 0, 0, 16], "texture": "#missing"},
				"up": {"uv": [0, 0, 14, 0], "texture": "#missing"},
				"down": {"uv": [0, 0, 14, 0], "texture": "#missing"}
			}
		},
		{
			"from": [4, 8, 2],
			"to": [6, 10, 4],
			"rotation": {"angle": 0, "axis": "y", "origin": [5, 9, 3]},
			"faces": {
				"north": {"uv": [3, 4, 5, 6], "rotation": 90, "texture": "#2"},
				"east": {"uv": [4, 5, 5, 6], "rotation": 90, "texture": "#2"},
				"south": {"uv": [4, 5, 5, 6], "texture": "#2"},
				"west": {"uv": [3, 4, 5, 6], "texture": "#2"},
				"up": {"uv": [3, 4, 5, 6], "texture": "#2"},
				"down": {"uv": [4, 5, 5, 6], "rotation": 270, "texture": "#2"}
			}
		},
		{
			"from": [10, 4, 2],
			"to": [12, 6, 4],
			"rotation": {"angle": 0, "axis": "y", "origin": [11, 5, 3]},
			"faces": {
				"north": {"uv": [3, 4, 5, 6], "rotation": 90, "texture": "#2"},
				"east": {"uv": [4, 5, 5, 6], "rotation": 90, "texture": "#2"},
				"south": {"uv": [4, 5, 5, 6], "texture": "#2"},
				"west": {"uv": [3, 4, 5, 6], "texture": "#2"},
				"up": {"uv": [3, 4, 5, 6], "texture": "#2"},
				"down": {"uv": [4, 5, 5, 6], "rotation": 270, "texture": "#2"}
			}
		},
		{
			"from": [12, 4, 4],
			"to": [14, 6, 6],
			"rotation": {"angle": 0, "axis": "y", "origin": [13, 5, 5]},
			"faces": {
				"north": {"uv": [3, 4, 5, 6], "texture": "#2"},
				"east": {"uv": [3, 4, 5, 6], "rotation": 90, "texture": "#2"},
				"south": {"uv": [4, 5, 5, 6], "rotation": 90, "texture": "#2"},
				"west": {"uv": [4, 5, 5, 6], "texture": "#2"},
				"up": {"uv": [3, 4, 5, 6], "rotation": 90, "texture": "#2"},
				"down": {"uv": [4, 5, 5, 6], "rotation": 180, "texture": "#2"}
			}
		},
		{
			"from": [12, 8, 10],
			"to": [14, 10, 12],
			"rotation": {"angle": 0, "axis": "y", "origin": [13, 9, 11]},
			"faces": {
				"north": {"uv": [3, 4, 5, 6], "texture": "#2"},
				"east": {"uv": [3, 4, 5, 6], "rotation": 90, "texture": "#2"},
				"south": {"uv": [4, 5, 5, 6], "rotation": 90, "texture": "#2"},
				"west": {"uv": [4, 5, 5, 6], "texture": "#2"},
				"up": {"uv": [3, 4, 5, 6], "rotation": 90, "texture": "#2"},
				"down": {"uv": [4, 5, 5, 6], "rotation": 180, "texture": "#2"}
			}
		},
		{
			"from": [12, 1, 7],
			"to": [14, 3, 9],
			"rotation": {"angle": 0, "axis": "y", "origin": [13, 2, 8]},
			"faces": {
				"north": {"uv": [3, 4, 5, 6], "texture": "#2"},
				"east": {"uv": [3, 4, 5, 6], "rotation": 90, "texture": "#2"},
				"south": {"uv": [4, 5, 5, 6], "rotation": 90, "texture": "#2"},
				"west": {"uv": [4, 5, 5, 6], "texture": "#2"},
				"up": {"uv": [3, 4, 5, 6], "rotation": 90, "texture": "#2"},
				"down": {"uv": [4, 5, 5, 6], "rotation": 180, "texture": "#2"}
			}
		},
		{
			"from": [5, 1, 2],
			"to": [7, 3, 4],
			"rotation": {"angle": 0, "axis": "y", "origin": [6, 2, 3]},
			"faces": {
				"north": {"uv": [3, 4, 5, 6], "rotation": 90, "texture": "#2"},
				"east": {"uv": [4, 5, 5, 6], "rotation": 90, "texture": "#2"},
				"south": {"uv": [4, 5, 5, 6], "texture": "#2"},
				"west": {"uv": [3, 4, 5, 6], "texture": "#2"},
				"up": {"uv": [3, 4, 5, 6], "texture": "#2"},
				"down": {"uv": [4, 5, 5, 6], "rotation": 270, "texture": "#2"}
			}
		},
		{
			"from": [9.66667, 8, 12],
			"to": [11.66667, 10, 14],
			"rotation": {"angle": 0, "axis": "y", "origin": [8.33333, 5.33333, 13]},
			"faces": {
				"north": {"uv": [4, 5, 5, 6], "texture": "#2"},
				"east": {"uv": [3, 4, 5, 6], "texture": "#2"},
				"south": {"uv": [3, 4, 5, 6], "rotation": 90, "texture": "#2"},
				"west": {"uv": [4, 5, 5, 6], "rotation": 270, "texture": "#2"},
				"up": {"uv": [3, 4, 5, 6], "rotation": 180, "texture": "#2"},
				"down": {"uv": [4, 5, 5, 6], "rotation": 90, "texture": "#2"}
			}
		},
		{
			"from": [3.66667, 4, 12],
			"to": [5.66667, 6, 14],
			"rotation": {"angle": 0, "axis": "y", "origin": [4.66667, 5, 13]},
			"faces": {
				"north": {"uv": [4, 5, 5, 6], "texture": "#2"},
				"east": {"uv": [3, 4, 5, 6], "texture": "#2"},
				"south": {"uv": [3, 4, 5, 6], "rotation": 90, "texture": "#2"},
				"west": {"uv": [4, 5, 5, 6], "rotation": 270, "texture": "#2"},
				"up": {"uv": [3, 4, 5, 6], "rotation": 180, "texture": "#2"},
				"down": {"uv": [4, 5, 5, 6], "rotation": 90, "texture": "#2"}
			}
		},
		{
			"from": [2, 7, 9],
			"to": [4, 9, 11],
			"rotation": {"angle": 0, "axis": "y", "origin": [2.66667, 8, 10]},
			"faces": {
				"north": {"uv": [4, 5, 5, 6], "rotation": 270, "texture": "#2"},
				"east": {"uv": [4, 5, 5, 6], "texture": "#2"},
				"south": {"uv": [3, 4, 5, 6], "texture": "#2"},
				"west": {"uv": [3, 4, 5, 6], "rotation": 90, "texture": "#2"},
				"up": {"uv": [3, 4, 5, 6], "rotation": 270, "texture": "#2"},
				"down": {"uv": [4, 5, 5, 6], "texture": "#2"}
			}
		},
		{
			"from": [2, 4, 5],
			"to": [4, 6, 7],
			"rotation": {"angle": 0, "axis": "y", "origin": [2.66667, 5, 6]},
			"faces": {
				"north": {"uv": [4, 5, 5, 6], "rotation": 270, "texture": "#2"},
				"east": {"uv": [4, 5, 5, 6], "texture": "#2"},
				"south": {"uv": [3, 4, 5, 6], "texture": "#2"},
				"west": {"uv": [3, 4, 5, 6], "rotation": 90, "texture": "#2"},
				"up": {"uv": [3, 4, 5, 6], "rotation": 270, "texture": "#2"},
				"down": {"uv": [4, 5, 5, 6], "texture": "#2"}
			}
		},
		{
			"from": [2, 1, 8],
			"to": [4, 3, 10],
			"rotation": {"angle": 0, "axis": "y", "origin": [2.66667, 2, 9]},
			"faces": {
				"north": {"uv": [4, 5, 5, 6], "rotation": 270, "texture": "#2"},
				"east": {"uv": [4, 5, 5, 6], "texture": "#2"},
				"south": {"uv": [3, 4, 5, 6], "texture": "#2"},
				"west": {"uv": [3, 4, 5, 6], "rotation": 90, "texture": "#2"},
				"up": {"uv": [3, 4, 5, 6], "rotation": 270, "texture": "#2"},
				"down": {"uv": [4, 5, 5, 6], "texture": "#2"}
			}
		},
		{
			"from": [8.66667, 1, 12],
			"to": [10.66667, 3, 14],
			"rotation": {"angle": 0, "axis": "y", "origin": [8.33333, 5.33333, 13]},
			"faces": {
				"north": {"uv": [4, 5, 5, 6], "texture": "#2"},
				"east": {"uv": [3, 4, 5, 6], "texture": "#2"},
				"south": {"uv": [3, 4, 5, 6], "rotation": 90, "texture": "#2"},
				"west": {"uv": [4, 5, 5, 6], "rotation": 270, "texture": "#2"},
				"up": {"uv": [3, 4, 5, 6], "rotation": 180, "texture": "#2"},
				"down": {"uv": [4, 5, 5, 6], "rotation": 90, "texture": "#2"}
			}
		}
	],
	"groups": [
		{
			"name": "group",
			"origin": [9, 18, 21],
			"color": 0,
			"children": [0, 1, 2, 3]
		},
		{
			"name": "group",
			"origin": [9, 8, 11],
			"color": 0,
			"children": [4, 5, 6, 7]
		},
		{
			"name": "group",
			"origin": [8, 8, 8],
			"color": 0,
			"children": [8, 9, 10, 11, 12, 13]
		},
		{
			"name": "group",
			"origin": [8, 8, 8],
			"color": 0,
			"children": [14, 15, 16, 17, 18, 19]
		}
	]
}