{
	"credit": "Made by Sawors",
	"textures": {
		"0": "block/cauldron_inner",
		"1": "block/cauldron_side",
		"particle": "block/cauldron_side",
		"content": "block/void_texture"
	},
	"elements": [
		{
			"from": [2, 5, 0],
			"to": [14, 13, 2],
			"rotation": {"angle": 0, "axis": "z", "origin": [8, 12, 8]},
			"faces": {
				"north": {"uv": [2, 4, 14, 12], "texture": "#1"},
				"east": {"uv": [0, 4, 2, 12], "texture": "#1"},
				"south": {"uv": [2, 4, 14, 12], "texture": "#1"},
				"west": {"uv": [14, 4, 16, 12], "texture": "#1"},
				"up": {"uv": [2, 2, 14, 4], "texture": "#1"},
				"down": {"uv": [2, 12, 14, 14], "rotation": 180, "texture": "#1"}
			}
		},
		{
			"from": [2, 13, 1],
			"to": [14, 15, 2],
			"rotation": {"angle": 0, "axis": "z", "origin": [8, 12, 8]},
			"faces": {
				"north": {"uv": [2, 2, 14, 4], "texture": "#1"},
				"east": {"uv": [1, 2, 2, 4], "texture": "#1"},
				"south": {"uv": [2, 2, 14, 4], "texture": "#1"},
				"west": {"uv": [14, 2, 15, 4], "texture": "#1"},
				"up": {"uv": [2, 1, 14, 2], "texture": "#1"},
				"down": {"uv": [2, 4, 14, 5], "texture": "#1"}
			}
		},
		{
			"from": [2, 15, 0],
			"to": [14, 16, 2],
			"rotation": {"angle": 0, "axis": "z", "origin": [8, 12, 8]},
			"faces": {
				"north": {"uv": [2, 1, 14, 2], "texture": "#1"},
				"east": {"uv": [12, 0, 13, 2], "rotation": 90, "texture": "#1"},
				"south": {"uv": [2, 1, 14, 2], "texture": "#1"},
				"west": {"uv": [3, 0, 4, 2], "rotation": 90, "texture": "#1"},
				"up": {"uv": [2, 0, 14, 2], "texture": "#1"},
				"down": {"uv": [3, 12, 13, 14], "texture": "#1"}
			}
		},
		{
			"from": [0, 5, 2],
			"to": [2, 13, 14],
			"rotation": {"angle": 0, "axis": "y", "origin": [8, 12, 8]},
			"faces": {
				"north": {"uv": [0, 4, 2, 12], "texture": "#1"},
				"east": {"uv": [2, 4, 14, 12], "texture": "#1"},
				"south": {"uv": [14, 4, 16, 12], "texture": "#1"},
				"west": {"uv": [2, 4, 14, 12], "texture": "#1"},
				"up": {"uv": [2, 2, 14, 4], "rotation": 270, "texture": "#1"},
				"down": {"uv": [2, 12, 14, 14], "rotation": 270, "texture": "#1"}
			}
		},
		{
			"from": [1, 13, 2],
			"to": [2, 15, 14],
			"rotation": {"angle": 0, "axis": "y", "origin": [8, 12, 8]},
			"faces": {
				"north": {"uv": [1, 2, 2, 4], "texture": "#1"},
				"east": {"uv": [2, 2, 14, 4], "texture": "#1"},
				"south": {"uv": [14, 2, 15, 4], "texture": "#1"},
				"west": {"uv": [2, 2, 14, 4], "texture": "#1"},
				"up": {"uv": [2, 1, 14, 2], "rotation": 270, "texture": "#1"},
				"down": {"uv": [2, 4, 14, 5], "rotation": 90, "texture": "#1"}
			}
		},
		{
			"from": [0, 15, 2],
			"to": [2, 16, 14],
			"rotation": {"angle": 0, "axis": "y", "origin": [8, 12, 8]},
			"faces": {
				"north": {"uv": [12, 0, 13, 2], "rotation": 90, "texture": "#1"},
				"east": {"uv": [2, 1, 14, 2], "texture": "#1"},
				"south": {"uv": [3, 0, 4, 2], "rotation": 90, "texture": "#1"},
				"west": {"uv": [2, 1, 14, 2], "texture": "#1"},
				"up": {"uv": [2, 0, 14, 2], "rotation": 270, "texture": "#1"},
				"down": {"uv": [3, 12, 13, 14], "rotation": 90, "texture": "#1"}
			}
		},
		{
			"from": [2, 5, 14],
			"to": [14, 13, 16],
			"rotation": {"angle": 0, "axis": "y", "origin": [8, 12, 8]},
			"faces": {
				"north": {"uv": [2, 4, 14, 12], "texture": "#1"},
				"east": {"uv": [14, 4, 16, 12], "texture": "#1"},
				"south": {"uv": [2, 4, 14, 12], "texture": "#1"},
				"west": {"uv": [0, 4, 2, 12], "texture": "#1"},
				"up": {"uv": [2, 2, 14, 4], "rotation": 180, "texture": "#1"},
				"down": {"uv": [2, 12, 14, 14], "texture": "#1"}
			}
		},
		{
			"from": [2, 13, 14],
			"to": [14, 15, 15],
			"rotation": {"angle": 0, "axis": "y", "origin": [8, 12, 8]},
			"faces": {
				"north": {"uv": [2, 2, 14, 4], "texture": "#1"},
				"east": {"uv": [14, 2, 15, 4], "texture": "#1"},
				"south": {"uv": [2, 2, 14, 4], "texture": "#1"},
				"west": {"uv": [1, 2, 2, 4], "texture": "#1"},
				"up": {"uv": [2, 1, 14, 2], "rotation": 180, "texture": "#1"},
				"down": {"uv": [2, 4, 14, 5], "rotation": 180, "texture": "#1"}
			}
		},
		{
			"from": [2, 15, 14],
			"to": [14, 16, 16],
			"rotation": {"angle": 0, "axis": "y", "origin": [8, 12, 8]},
			"faces": {
				"north": {"uv": [2, 1, 14, 2], "texture": "#1"},
				"east": {"uv": [3, 0, 4, 2], "rotation": 90, "texture": "#1"},
				"south": {"uv": [2, 1, 14, 2], "texture": "#1"},
				"west": {"uv": [12, 0, 13, 2], "rotation": 90, "texture": "#1"},
				"up": {"uv": [2, 0, 14, 2], "rotation": 180, "texture": "#1"},
				"down": {"uv": [3, 12, 13, 14], "rotation": 180, "texture": "#1"}
			}
		},
		{
			"from": [14, 5, 2],
			"to": [16, 13, 14],
			"rotation": {"angle": 0, "axis": "y", "origin": [8, 12, 8]},
			"faces": {
				"north": {"uv": [14, 4, 16, 12], "texture": "#1"},
				"east": {"uv": [2, 4, 14, 12], "texture": "#1"},
				"south": {"uv": [0, 4, 2, 12], "texture": "#1"},
				"west": {"uv": [2, 4, 14, 12], "texture": "#1"},
				"up": {"uv": [2, 2, 14, 4], "rotation": 90, "texture": "#1"},
				"down": {"uv": [2, 12, 14, 14], "rotation": 90, "texture": "#1"}
			}
		},
		{
			"from": [14, 13, 2],
			"to": [15, 15, 14],
			"rotation": {"angle": 0, "axis": "y", "origin": [8, 12, 8]},
			"faces": {
				"north": {"uv": [14, 2, 15, 4], "texture": "#1"},
				"east": {"uv": [2, 2, 14, 4], "texture": "#1"},
				"south": {"uv": [1, 2, 2, 4], "texture": "#1"},
				"west": {"uv": [2, 2, 14, 4], "texture": "#1"},
				"up": {"uv": [2, 1, 14, 2], "rotation": 90, "texture": "#1"},
				"down": {"uv": [2, 4, 14, 5], "rotation": 270, "texture": "#1"}
			}
		},
		{
			"from": [14, 15, 2],
			"to": [16, 16, 14],
			"rotation": {"angle": 0, "axis": "y", "origin": [8, 12, 8]},
			"faces": {
				"north": {"uv": [3, 0, 4, 2], "rotation": 90, "texture": "#1"},
				"east": {"uv": [2, 1, 14, 2], "texture": "#1"},
				"south": {"uv": [12, 0, 13, 2], "rotation": 90, "texture": "#1"},
				"west": {"uv": [2, 1, 14, 2], "texture": "#1"},
				"up": {"uv": [2, 0, 14, 2], "rotation": 90, "texture": "#1"},
				"down": {"uv": [3, 12, 13, 14], "rotation": 270, "texture": "#1"}
			}
		},
		{
			"from": [2, 3, 2],
			"to": [14, 5, 14],
			"faces": {
				"north": {"uv": [2, 14, 14, 12], "texture": "#1"},
				"east": {"uv": [2, 14, 14, 12], "texture": "#1"},
				"south": {"uv": [2, 14, 14, 12], "texture": "#1"},
				"west": {"uv": [2, 14, 14, 12], "texture": "#1"},
				"up": {"uv": [2, 2, 14, 14], "texture": "#0"},
				"down": {"uv": [2, 2, 14, 14], "texture": "#0"}
			}
		},
		{
			"name": "content",
			"from": [2, 5, 2],
			"to": [14, 11, 14],
			"faces": {
				"up": {"uv": [2, 2, 14, 14], "texture": "#content", "tintindex": 0}
			}
		},
		{
			"from": [3, 1, 3],
			"to": [5, 3, 5],
			"rotation": {"angle": 45, "axis": "y", "origin": [4, 0, 4]},
			"faces": {
				"north": {"uv": [11, 13, 13, 15], "texture": "#0"},
				"east": {"uv": [10, 13, 12, 15], "texture": "#0"},
				"south": {"uv": [3, 13, 5, 15], "texture": "#0"},
				"west": {"uv": [4, 13, 6, 15], "texture": "#0"},
				"up": {"uv": [3, 4, 5, 6], "texture": "#0"},
				"down": {"uv": [3, 10, 5, 12], "texture": "#0"}
			}
		},
		{
			"from": [3, 0, 2],
			"to": [5, 1, 4],
			"rotation": {"angle": 45, "axis": "y", "origin": [4, 0, 4]},
			"faces": {
				"north": {"uv": [11, 15, 13, 16], "texture": "#0"},
				"east": {"uv": [11, 15, 13, 16], "texture": "#0"},
				"south": {"uv": [3, 15, 5, 16], "texture": "#0"},
				"west": {"uv": [3, 15, 5, 16], "texture": "#0"},
				"up": {"uv": [3, 3, 5, 5], "texture": "#0"},
				"down": {"uv": [3, 11, 5, 13], "texture": "#0"}
			}
		},
		{
			"from": [11, 1, 3],
			"to": [13, 3, 5],
			"rotation": {"angle": 45, "axis": "y", "origin": [12, 1.5, 4]},
			"faces": {
				"north": {"uv": [4, 13, 6, 15], "texture": "#0"},
				"east": {"uv": [11, 13, 13, 15], "texture": "#0"},
				"south": {"uv": [10, 13, 12, 15], "texture": "#0"},
				"west": {"uv": [3, 13, 5, 15], "texture": "#0"},
				"up": {"uv": [10, 3, 12, 5], "texture": "#0"},
				"down": {"uv": [10, 11, 12, 13], "texture": "#0"}
			}
		},
		{
			"from": [12, 0, 3],
			"to": [14, 1, 5],
			"rotation": {"angle": 45, "axis": "y", "origin": [12, 1.5, 4]},
			"faces": {
				"north": {"uv": [3, 15, 5, 16], "texture": "#0"},
				"east": {"uv": [11, 15, 13, 16], "texture": "#0"},
				"south": {"uv": [11, 15, 13, 16], "texture": "#0"},
				"west": {"uv": [3, 15, 5, 16], "texture": "#0"},
				"up": {"uv": [11, 3, 13, 5], "texture": "#0"},
				"down": {"uv": [11, 11, 13, 13], "texture": "#0"}
			}
		},
		{
			"from": [11, 1, 11],
			"to": [13, 3, 13],
			"rotation": {"angle": 45, "axis": "y", "origin": [12, 1.5, 12]},
			"faces": {
				"north": {"uv": [3, 13, 5, 15], "texture": "#0"},
				"east": {"uv": [4, 13, 6, 15], "texture": "#0"},
				"south": {"uv": [11, 13, 13, 15], "texture": "#0"},
				"west": {"uv": [10, 13, 12, 15], "texture": "#0"},
				"up": {"uv": [11, 10, 13, 12], "rotation": 270, "texture": "#0"},
				"down": {"uv": [11, 4, 13, 6], "rotation": 90, "texture": "#0"}
			}
		},
		{
			"from": [11, 0, 12],
			"to": [13, 1, 14],
			"rotation": {"angle": 45, "axis": "y", "origin": [12, 1.5, 12]},
			"faces": {
				"north": {"uv": [3, 15, 5, 16], "texture": "#0"},
				"east": {"uv": [3, 15, 5, 16], "texture": "#0"},
				"south": {"uv": [11, 15, 13, 16], "texture": "#0"},
				"west": {"uv": [11, 15, 13, 16], "texture": "#0"},
				"up": {"uv": [11, 11, 13, 13], "rotation": 270, "texture": "#0"},
				"down": {"uv": [11, 3, 13, 5], "rotation": 90, "texture": "#0"}
			}
		},
		{
			"from": [3, 1, 11],
			"to": [5, 3, 13],
			"rotation": {"angle": 45, "axis": "y", "origin": [4, 1.5, 12]},
			"faces": {
				"north": {"uv": [10, 13, 12, 15], "texture": "#0"},
				"east": {"uv": [3, 13, 5, 15], "texture": "#0"},
				"south": {"uv": [4, 13, 6, 15], "texture": "#0"},
				"west": {"uv": [11, 13, 13, 15], "texture": "#0"},
				"up": {"uv": [4, 11, 6, 13], "rotation": 270, "texture": "#0"},
				"down": {"uv": [4, 3, 6, 5], "rotation": 90, "texture": "#0"}
			}
		},
		{
			"from": [2, 0, 11],
			"to": [4, 1, 13],
			"rotation": {"angle": 45, "axis": "y", "origin": [4, 1.5, 12]},
			"faces": {
				"north": {"uv": [11, 15, 13, 16], "texture": "#0"},
				"east": {"uv": [3, 15, 5, 16], "texture": "#0"},
				"south": {"uv": [3, 15, 5, 16], "texture": "#0"},
				"west": {"uv": [11, 15, 13, 16], "texture": "#0"},
				"up": {"uv": [3, 11, 5, 13], "rotation": 270, "texture": "#0"},
				"down": {"uv": [3, 3, 5, 5], "rotation": 90, "texture": "#0"}
			}
		}
	],
	"groups": [
		{
			"name": "Cauldron",
			"origin": [0, 0, 0],
			"color": 0,
			"children": [
				{
					"name": "N",
					"origin": [0, 0, 0],
					"color": 0,
					"children": [0, 1, 2]
				},
				{
					"name": "W",
					"origin": [0, 0, 0],
					"color": 0,
					"children": [3, 4, 5]
				},
				{
					"name": "S",
					"origin": [0, 0, 0],
					"color": 0,
					"children": [6, 7, 8]
				},
				{
					"name": "E",
					"origin": [0, 0, 0],
					"color": 0,
					"children": [9, 10, 11]
				},
				{
					"name": "BOTTOM",
					"origin": [0, 0, 0],
					"color": 0,
					"children": [12]
				},
				13
			]
		},
		{
			"name": "group",
			"origin": [4, 1.5, 12],
			"color": 0,
			"children": [14, 15, 16, 17, 18, 19, 20, 21]
		}
	]
}