{
	"credit": "Made by Sawors",
	"parent": "item/hats/_hat",
	"ambientocclusion": false,
	"textures": {
		"0": "block/white_wool",
		"particle": "block/white_wool"
	},
	"elements": [
		{
			"from": [4, 0, 4],
			"to": [12, 3, 12],
			"rotation": {"angle": 0, "axis": "y", "origin": [0, 0, 16]},
			"faces": {
				"north": {"uv": [8, 0, 0, 3], "texture": "#0"},
				"east": {"uv": [8, 0, 0, 3], "texture": "#0"},
				"south": {"uv": [8, 0, 0, 3], "texture": "#0"},
				"west": {"uv": [8, 0, 0, 3], "texture": "#0"}
			}
		},
		{
			"from": [8, 0, 11],
			"to": [8, 3, 15],
			"rotation": {"angle": -22.5, "axis": "y", "origin": [8, 2, 12.5]},
			"faces": {
				"north": {"uv": [0, 0, 0, 3], "texture": "#missing"},
				"east": {"uv": [5, 0, 1, 3], "texture": "#0"},
				"south": {"uv": [0, 0, 0, 3], "texture": "#missing"},
				"west": {"uv": [5, 0, 1, 3], "texture": "#0"},
				"up": {"uv": [0, 4, 0, 0], "texture": "#missing"},
				"down": {"uv": [0, 4, 0, 0], "texture": "#missing"}
			}
		},
		{
			"from": [8, 0, 11],
			"to": [8, 3, 15],
			"rotation": {"angle": 22.5, "axis": "y", "origin": [8, 2, 12]},
			"faces": {
				"north": {"uv": [0, 0, 0, 3], "texture": "#missing"},
				"east": {"uv": [5, 0, 1, 3], "texture": "#0"},
				"south": {"uv": [0, 0, 0, 3], "texture": "#missing"},
				"west": {"uv": [5, 0, 1, 3], "texture": "#0"},
				"up": {"uv": [0, 4, 0, 0], "texture": "#missing"},
				"down": {"uv": [0, 4, 0, 0], "texture": "#missing"}
			}
		}
	],
	"display": {
		"head": {
			"translation": [0, 11, 0],
			"scale": [1.75, 1.75, 1.75]
		}
	}
}