{
	"credit": "Made by Sawors",
	"parent": "item/hats/_hat",
	"textures": {
		"3": "item/chain",
		"4": "block/red_shulker_box",
		"particle": "block/chain"
	},
	"elements": [
		{
			"from": [7, 0, 3.5],
			"to": [9, 2, 5.5],
			"faces": {
				"north": {"uv": [1, 1, 3, 3], "rotation": 180, "texture": "#4"},
				"east": {"uv": [1, 1, 3, 3], "rotation": 270, "texture": "#4"},
				"south": {"uv": [13, 13, 15, 15], "rotation": 90, "texture": "#4"},
				"west": {"uv": [13, 13, 15, 15], "texture": "#4"},
				"up": {"uv": [1, 1, 3, 3], "rotation": 270, "texture": "#4"},
				"down": {"uv": [13, 13, 15, 15], "rotation": 180, "texture": "#4"}
			}
		},
		{
			"from": [4, 0, 4],
			"to": [12, 2, 12],
			"faces": {
				"north": {"uv": [6, 5, 8, 13], "rotation": 90, "texture": "#3"},
				"east": {"uv": [6, 5, 8, 13], "rotation": 90, "texture": "#3"},
				"south": {"uv": [6, 5, 8, 13], "rotation": 90, "texture": "#3"},
				"west": {"uv": [6, 5, 8, 13], "rotation": 90, "texture": "#3"}
			}
		}
	],
	"display": {
		"head": {
			"translation": [0, 7.5, 0],
			"scale": [1.7, 1.7, 1.7]
		}
	}
}