{
	"credit": "Made by Sawors",
	"textures": {
		"0": "block/bedrock"
	},
	"elements": [
		{
			"from": [7, 9, 15],
			"to": [9, 10, 16],
			"faces": {
				"north": {"uv": [0, 0, 0, 0], "texture": "#0"},
				"east": {"uv": [6, 15, 7, 16], "rotation": 90, "texture": "#0"},
				"south": {"uv": [8, 0, 10, 1], "texture": "#0"},
				"west": {"uv": [3, 15, 4, 16], "rotation": 90, "texture": "#0"},
				"up": {"uv": [4, 15, 6, 16], "texture": "#0"},
				"down": {"uv": [8, 1, 10, 2], "texture": "#0"}
			}
		},
		{
			"from": [7, 8, 0],
			"to": [9, 10, 15],
			"faces": {
				"north": {"uv": [8, 0, 10, 2], "rotation": 180, "texture": "#0"},
				"east": {"uv": [6, 0, 8, 15], "rotation": 90, "texture": "#0"},
				"south": {"uv": [8, 0, 10, 2], "texture": "#0"},
				"west": {"uv": [2, 0, 4, 15], "rotation": 90, "texture": "#0"},
				"up": {"uv": [4, 0, 6, 15], "texture": "#0"},
				"down": {"uv": [0, 0, 2, 15], "texture": "#0"}
			}
		}
	],
	"display": {
		"thirdperson_righthand": {
			"rotation": [-45, -22.5, -22.5],
			"translation": [-0.75, 1, 1.75],
			"scale": [0.75, 0.75, 0.75]
		},
		"thirdperson_lefthand": {
			"rotation": [-45, -22.5, -22.5],
			"translation": [-0.75, 1, 1.75],
			"scale": [0.75, 0.75, 0.75]
		},
		"firstperson_righthand": {
			"rotation": [-16, -52, -28],
			"translation": [-2.25, -1.25, -1]
		},
		"firstperson_lefthand": {
			"rotation": [-16, -52, -28],
			"translation": [-2.25, -1.25, -1]
		},
		"ground": {
			"scale": [0.75, 0.75, 0.75]
		},
		"gui": {
			"rotation": [22.5, -45, 0],
			"translation": [-0.25, -1.5, -0.5]
		},
		"head": {
			"translation": [0, -5.5, -14]
		},
		"fixed": {
			"rotation": [-90, -45, -90],
			"translation": [-1.25, -0.75, -1.25],
			"scale": [1.25, 1.25, 1.25]
		}
	}
}