{
	"credit": "Made by Sawors",
	"textures": {
		"1": "item/horns/raid_horn"
	},
	"elements": [
		{
			"from": [6.5, 0, 4.8],
			"to": [9.5, 3, 10.8],
			"rotation": {"angle": 0, "axis": "x", "origin": [8.4, 1.5, 7.8]},
			"faces": {
				"north": {"uv": [0, 0, 0, 0], "rotation": 90, "texture": "#1"},
				"east": {"uv": [0, 10, 3, 16], "rotation": 90, "texture": "#1"},
				"south": {"uv": [4, 7, 7, 10], "texture": "#1"},
				"west": {"uv": [3, 10, 6, 16], "rotation": 90, "texture": "#1"},
				"up": {"uv": [9, 10, 12, 16], "texture": "#1"},
				"down": {"uv": [6, 10, 9, 16], "texture": "#1"}
			}
		},
		{
			"from": [7, 1, 9.8],
			"to": [9, 3, 13.8],
			"rotation": {"angle": -22.5, "axis": "x", "origin": [8, 3, 10.8]},
			"faces": {
				"north": {"uv": [0, 0, 0, 0], "texture": "#1"},
				"east": {"uv": [11, 10, 13, 6], "rotation": 90, "texture": "#1"},
				"south": {"uv": [12, 10, 14, 12], "texture": "#1"},
				"west": {"uv": [11, 6, 13, 10], "rotation": 90, "texture": "#1"},
				"up": {"uv": [12, 12, 14, 16], "texture": "#1"},
				"down": {"uv": [14, 12, 16, 16], "texture": "#1"}
			}
		},
		{
			"from": [6, 0, -1.2],
			"to": [10, 4, 4.8],
			"rotation": {"angle": 45, "axis": "x", "origin": [8.4, 0, 4.8]},
			"faces": {
				"north": {"uv": [0, 6, 4, 10], "texture": "#1"},
				"east": {"uv": [4, 0, 8, 6], "rotation": 90, "texture": "#1"},
				"south": {"uv": [4, 6, 8, 10], "texture": "#1"},
				"west": {"uv": [8, 0, 12, 6], "rotation": 90, "texture": "#1"},
				"up": {"uv": [0, 0, 4, 6], "texture": "#1"},
				"down": {"uv": [12, 0, 16, 6], "texture": "#1"}
			}
		},
		{
			"from": [8, 0, 1.2],
			"to": [8, 4, 4.2],
			"rotation": {"angle": 0, "axis": "x", "origin": [8, 2, 2.8]},
			"faces": {
				"east": {"uv": [13, 6, 16, 10], "texture": "#1"},
				"west": {"uv": [16, 6, 13, 10], "texture": "#1"}
			}
		}
	],
	"gui_light": "front",
	"display": {
		"thirdperson_righthand": {
			"rotation": [150, -158, -180],
			"translation": [-1.5, 6.25, -1.25]
		},
		"thirdperson_lefthand": {
			"rotation": [150, -158, -180],
			"translation": [-1.5, 6.25, -1.25]
		},
		"firstperson_righthand": {
			"rotation": [16, -52, 28],
			"translation": [-4.25, 9.75, 3.25]
		},
		"firstperson_lefthand": {
			"rotation": [16, -52, 28],
			"translation": [-4.25, 9.75, 3.25]
		},
		"ground": {
			"translation": [0, 8, 0]
		},
		"gui": {
			"rotation": [22.5, -45, 0],
			"translation": [-0.25, 5, -0.5],
			"scale": [1.25, 1.25, 1.25]
		},
		"head": {
			"rotation": [7, 0, 0],
			"translation": [0, 4.75, -14.5],
			"scale": [1.5, 1.5, 1.5]
		},
		"fixed": {
			"rotation": [0, 90, 0],
			"translation": [0.75, 7.5, -0.5],
			"scale": [1.5, 1.5, 1.5]
		}
	}
}