{
  "credit": "Made_by_Sawors",
  "parent": "minecraft:block/cactus",
  "textures": {
    "0": "block/cactus_top",
    "1": "block/cactus_side",
    "2": "block/cactus_bottom",
    "3": "block/cactus_flower_red"
  },
  "elements": [
    {
      "from": [
        3.5,
        17,
        6
      ],
      "to": [
        3.5,
        18,
        7
      ],
      "rotation": {
        "angle": 0,
        "axis": "y",
        "origin": [
          11.5,
          25,
          14
        ]
      },
      "faces": {
        "north": {
          "uv": [
            0,
            0,
            0,
            1
          ],
          "texture": "#missing"
        },
        "east": {
          "uv": [
            7,
            4,
            8,
            5
          ],
          "texture": "#0"
        },
        "south": {
          "uv": [
            0,
            0,
            0,
            1
          ],
          "texture": "#missing"
        },
        "west": {
          "uv": [
            7,
            4,
            8,
            5
          ],
          "texture": "#0"
        },
        "up": {
          "uv": [
            0,
            0,
            0,
            1
          ],
          "texture": "#missing"
        },
        "down": {
          "uv": [
            0,
            0,
            0,
            1
          ],
          "texture": "#missing"
        }
      }
    },
    {
      "from": [
        5,
        17,
        8.5
      ],
      "to": [
        6,
        18,
        8.5
      ],
      "rotation": {
        "angle": 0,
        "axis": "y",
        "origin": [
          5.5,
          17.5,
          8.5
        ]
      },
      "faces": {
        "north": {
          "uv": [
            7,
            4,
            8,
            5
          ],
          "texture": "#0"
        },
        "east": {
          "uv": [
            0,
            0,
            0,
            1
          ],
          "texture": "#missing"
        },
        "south": {
          "uv": [
            7,
            4,
            8,
            5
          ],
          "texture": "#0"
        },
        "west": {
          "uv": [
            0,
            0,
            0,
            1
          ],
          "texture": "#missing"
        },
        "up": {
          "uv": [
            0,
            0,
            0,
            1
          ],
          "rotation": 270,
          "texture": "#missing"
        },
        "down": {
          "uv": [
            0,
            0,
            0,
            1
          ],
          "rotation": 90,
          "texture": "#missing"
        }
      }
    },
    {
      "from": [
        8,
        16,
        2.5
      ],
      "to": [
        9,
        17,
        2.5
      ],
      "rotation": {
        "angle": 0,
        "axis": "y",
        "origin": [
          8.5,
          16.5,
          2.5
        ]
      },
      "faces": {
        "north": {
          "uv": [
            7,
            4,
            8,
            5
          ],
          "texture": "#0"
        },
        "east": {
          "uv": [
            0,
            0,
            0,
            1
          ],
          "texture": "#missing"
        },
        "south": {
          "uv": [
            7,
            4,
            8,
            5
          ],
          "texture": "#0"
        },
        "west": {
          "uv": [
            0,
            0,
            0,
            1
          ],
          "texture": "#missing"
        },
        "up": {
          "uv": [
            0,
            0,
            0,
            1
          ],
          "rotation": 270,
          "texture": "#missing"
        },
        "down": {
          "uv": [
            0,
            0,
            0,
            1
          ],
          "rotation": 90,
          "texture": "#missing"
        }
      }
    },
    {
      "from": [
        10,
        17,
        5.5
      ],
      "to": [
        11,
        18,
        5.5
      ],
      "rotation": {
        "angle": 0,
        "axis": "y",
        "origin": [
          10.5,
          17.5,
          5.5
        ]
      },
      "faces": {
        "north": {
          "uv": [
            7,
            4,
            8,
            5
          ],
          "texture": "#0"
        },
        "east": {
          "uv": [
            0,
            0,
            0,
            1
          ],
          "texture": "#missing"
        },
        "south": {
          "uv": [
            7,
            4,
            8,
            5
          ],
          "texture": "#0"
        },
        "west": {
          "uv": [
            0,
            0,
            0,
            1
          ],
          "texture": "#missing"
        },
        "up": {
          "uv": [
            0,
            0,
            0,
            1
          ],
          "rotation": 270,
          "texture": "#missing"
        },
        "down": {
          "uv": [
            0,
            0,
            0,
            1
          ],
          "rotation": 90,
          "texture": "#missing"
        }
      }
    },
    {
      "from": [
        7.5,
        17,
        4
      ],
      "to": [
        7.5,
        18,
        5
      ],
      "rotation": {
        "angle": 0,
        "axis": "y",
        "origin": [
          7.5,
          17.5,
          4.5
        ]
      },
      "faces": {
        "north": {
          "uv": [
            0,
            0,
            0,
            1
          ],
          "texture": "#missing"
        },
        "east": {
          "uv": [
            7,
            4,
            8,
            5
          ],
          "texture": "#0"
        },
        "south": {
          "uv": [
            0,
            0,
            0,
            1
          ],
          "texture": "#missing"
        },
        "west": {
          "uv": [
            7,
            4,
            8,
            5
          ],
          "texture": "#0"
        },
        "up": {
          "uv": [
            0,
            0,
            0,
            1
          ],
          "rotation": 180,
          "texture": "#missing"
        },
        "down": {
          "uv": [
            0,
            0,
            0,
            1
          ],
          "rotation": 180,
          "texture": "#missing"
        }
      }
    },
    {
      "from": [
        9.5,
        17,
        9
      ],
      "to": [
        9.5,
        18,
        10
      ],
      "rotation": {
        "angle": 0,
        "axis": "y",
        "origin": [
          9.5,
          17.5,
          9.5
        ]
      },
      "faces": {
        "north": {
          "uv": [
            0,
            0,
            0,
            1
          ],
          "texture": "#missing"
        },
        "east": {
          "uv": [
            7,
            4,
            8,
            5
          ],
          "texture": "#0"
        },
        "south": {
          "uv": [
            0,
            0,
            0,
            1
          ],
          "texture": "#missing"
        },
        "west": {
          "uv": [
            7,
            4,
            8,
            5
          ],
          "texture": "#0"
        },
        "up": {
          "uv": [
            0,
            0,
            0,
            1
          ],
          "rotation": 180,
          "texture": "#missing"
        },
        "down": {
          "uv": [
            0,
            0,
            0,
            1
          ],
          "rotation": 180,
          "texture": "#missing"
        }
      }
    },
    {
      "from": [
        2,
        0,
        2
      ],
      "to": [
        14,
        16,
        14
      ],
      "rotation": {
        "angle": 0,
        "axis": "y",
        "origin": [
          10,
          8,
          10
        ]
      },
      "faces": {
        "north": {
          "uv": [
            2,
            0,
            14,
            16
          ],
          "texture": "#1"
        },
        "east": {
          "uv": [
            2,
            0,
            14,
            16
          ],
          "texture": "#1"
        },
        "south": {
          "uv": [
            2,
            0,
            14,
            16
          ],
          "texture": "#1"
        },
        "west": {
          "uv": [
            2,
            0,
            14,
            16
          ],
          "texture": "#1"
        },
        "up": {
          "uv": [
            2,
            2,
            14,
            14
          ],
          "texture": "#0"
        },
        "down": {
          "uv": [
            2,
            2,
            14,
            14
          ],
          "texture": "#2"
        }
      }
    },
    {
      "from": [
        3,
        16,
        3
      ],
      "to": [
        13,
        17,
        13
      ],
      "rotation": {
        "angle": 0,
        "axis": "y",
        "origin": [
          10,
          9,
          10
        ]
      },
      "faces": {
        "north": {
          "uv": [
            3,
            0,
            13,
            1
          ],
          "texture": "#1"
        },
        "east": {
          "uv": [
            3,
            0,
            13,
            1
          ],
          "texture": "#1"
        },
        "south": {
          "uv": [
            3,
            0,
            13,
            1
          ],
          "texture": "#1"
        },
        "west": {
          "uv": [
            3,
            0,
            13,
            1
          ],
          "texture": "#1"
        },
        "up": {
          "uv": [
            3,
            3,
            13,
            13
          ],
          "texture": "#0"
        }
      }
    },
    {
      "from": [
        1,
        1.5,
        10
      ],
      "to": [
        2,
        1.5,
        11
      ],
      "rotation": {
        "angle": 0,
        "axis": "z",
        "origin": [
          8,
          8,
          13
        ]
      },
      "faces": {
        "north": {
          "uv": [
            6,
            1,
            5,
            2
          ],
          "texture": "#1"
        },
        "east": {
          "uv": [
            6,
            1,
            5,
            2
          ],
          "texture": "#1"
        },
        "south": {
          "uv": [
            6,
            1,
            5,
            2
          ],
          "texture": "#1"
        },
        "west": {
          "uv": [
            6,
            1,
            5,
            2
          ],
          "texture": "#1"
        },
        "up": {
          "uv": [
            5,
            2,
            6,
            1
          ],
          "rotation": 90,
          "texture": "#1"
        },
        "down": {
          "uv": [
            5,
            2,
            6,
            1
          ],
          "rotation": 270,
          "texture": "#1"
        }
      }
    },
    {
      "from": [
        1,
        9,
        7.5
      ],
      "to": [
        2,
        10,
        7.5
      ],
      "rotation": {
        "angle": 0,
        "axis": "z",
        "origin": [
          8,
          12,
          5
        ]
      },
      "faces": {
        "north": {
          "uv": [
            6,
            1,
            5,
            2
          ],
          "texture": "#1"
        },
        "east": {
          "uv": [
            6,
            1,
            5,
            2
          ],
          "texture": "#1"
        },
        "south": {
          "uv": [
            6,
            1,
            5,
            2
          ],
          "texture": "#1"
        },
        "west": {
          "uv": [
            6,
            1,
            5,
            2
          ],
          "texture": "#1"
        },
        "up": {
          "uv": [
            5,
            2,
            6,
            1
          ],
          "rotation": 90,
          "texture": "#1"
        },
        "down": {
          "uv": [
            5,
            2,
            6,
            1
          ],
          "rotation": 270,
          "texture": "#1"
        }
      }
    },
    {
      "from": [
        1,
        5.5,
        5
      ],
      "to": [
        2,
        5.5,
        6
      ],
      "rotation": {
        "angle": 0,
        "axis": "z",
        "origin": [
          8,
          4,
          5
        ]
      },
      "faces": {
        "north": {
          "uv": [
            6,
            1,
            5,
            2
          ],
          "texture": "#1"
        },
        "east": {
          "uv": [
            6,
            1,
            5,
            2
          ],
          "texture": "#1"
        },
        "south": {
          "uv": [
            6,
            1,
            5,
            2
          ],
          "texture": "#1"
        },
        "west": {
          "uv": [
            6,
            1,
            5,
            2
          ],
          "texture": "#1"
        },
        "up": {
          "uv": [
            5,
            2,
            6,
            1
          ],
          "rotation": 90,
          "texture": "#1"
        },
        "down": {
          "uv": [
            5,
            2,
            6,
            1
          ],
          "rotation": 270,
          "texture": "#1"
        }
      }
    },
    {
      "from": [
        1,
        12,
        10.5
      ],
      "to": [
        2,
        13,
        10.5
      ],
      "rotation": {
        "angle": 0,
        "axis": "z",
        "origin": [
          8,
          8,
          13
        ]
      },
      "faces": {
        "north": {
          "uv": [
            6,
            1,
            5,
            2
          ],
          "texture": "#1"
        },
        "east": {
          "uv": [
            6,
            1,
            5,
            2
          ],
          "texture": "#1"
        },
        "south": {
          "uv": [
            6,
            1,
            5,
            2
          ],
          "texture": "#1"
        },
        "west": {
          "uv": [
            6,
            1,
            5,
            2
          ],
          "texture": "#1"
        },
        "up": {
          "uv": [
            5,
            2,
            6,
            1
          ],
          "rotation": 90,
          "texture": "#1"
        },
        "down": {
          "uv": [
            5,
            2,
            6,
            1
          ],
          "rotation": 270,
          "texture": "#1"
        }
      }
    },
    {
      "from": [
        1,
        14.5,
        5
      ],
      "to": [
        2,
        14.5,
        6
      ],
      "rotation": {
        "angle": 0,
        "axis": "z",
        "origin": [
          8,
          8,
          3
        ]
      },
      "faces": {
        "north": {
          "uv": [
            6,
            1,
            5,
            2
          ],
          "texture": "#1"
        },
        "east": {
          "uv": [
            6,
            1,
            5,
            2
          ],
          "texture": "#1"
        },
        "south": {
          "uv": [
            6,
            1,
            5,
            2
          ],
          "texture": "#1"
        },
        "west": {
          "uv": [
            6,
            1,
            5,
            2
          ],
          "texture": "#1"
        },
        "up": {
          "uv": [
            5,
            2,
            6,
            1
          ],
          "rotation": 90,
          "texture": "#1"
        },
        "down": {
          "uv": [
            5,
            2,
            6,
            1
          ],
          "rotation": 270,
          "texture": "#1"
        }
      }
    },
    {
      "from": [
        10,
        1.5,
        14
      ],
      "to": [
        11,
        1.5,
        15
      ],
      "faces": {
        "north": {
          "uv": [
            5,
            1,
            6,
            2
          ],
          "texture": "#1"
        },
        "east": {
          "uv": [
            5,
            1,
            6,
            2
          ],
          "texture": "#1"
        },
        "south": {
          "uv": [
            5,
            1,
            6,
            2
          ],
          "texture": "#1"
        },
        "west": {
          "uv": [
            5,
            1,
            6,
            2
          ],
          "texture": "#1"
        },
        "up": {
          "uv": [
            5,
            1,
            6,
            2
          ],
          "rotation": 180,
          "texture": "#1"
        },
        "down": {
          "uv": [
            5,
            1,
            6,
            2
          ],
          "rotation": 180,
          "texture": "#1"
        }
      }
    },
    {
      "from": [
        5.5,
        5,
        14
      ],
      "to": [
        5.5,
        6,
        15
      ],
      "faces": {
        "north": {
          "uv": [
            5,
            1,
            6,
            2
          ],
          "texture": "#1"
        },
        "east": {
          "uv": [
            5,
            1,
            6,
            2
          ],
          "texture": "#1"
        },
        "south": {
          "uv": [
            5,
            1,
            6,
            2
          ],
          "texture": "#1"
        },
        "west": {
          "uv": [
            5,
            1,
            6,
            2
          ],
          "texture": "#1"
        },
        "up": {
          "uv": [
            5,
            1,
            6,
            2
          ],
          "rotation": 180,
          "texture": "#1"
        },
        "down": {
          "uv": [
            5,
            1,
            6,
            2
          ],
          "rotation": 180,
          "texture": "#1"
        }
      }
    },
    {
      "from": [
        7,
        9.5,
        14
      ],
      "to": [
        8,
        9.5,
        15
      ],
      "faces": {
        "north": {
          "uv": [
            5,
            1,
            6,
            2
          ],
          "texture": "#1"
        },
        "east": {
          "uv": [
            5,
            1,
            6,
            2
          ],
          "texture": "#1"
        },
        "south": {
          "uv": [
            5,
            1,
            6,
            2
          ],
          "texture": "#1"
        },
        "west": {
          "uv": [
            5,
            1,
            6,
            2
          ],
          "texture": "#1"
        },
        "up": {
          "uv": [
            5,
            1,
            6,
            2
          ],
          "rotation": 180,
          "texture": "#1"
        },
        "down": {
          "uv": [
            5,
            1,
            6,
            2
          ],
          "rotation": 180,
          "texture": "#1"
        }
      }
    },
    {
      "from": [
        10.5,
        12,
        14
      ],
      "to": [
        10.5,
        13,
        15
      ],
      "faces": {
        "north": {
          "uv": [
            5,
            1,
            6,
            2
          ],
          "texture": "#1"
        },
        "east": {
          "uv": [
            5,
            1,
            6,
            2
          ],
          "texture": "#1"
        },
        "south": {
          "uv": [
            5,
            1,
            6,
            2
          ],
          "texture": "#1"
        },
        "west": {
          "uv": [
            5,
            1,
            6,
            2
          ],
          "texture": "#1"
        },
        "up": {
          "uv": [
            5,
            1,
            6,
            2
          ],
          "rotation": 180,
          "texture": "#1"
        },
        "down": {
          "uv": [
            5,
            1,
            6,
            2
          ],
          "rotation": 180,
          "texture": "#1"
        }
      }
    },
    {
      "from": [
        5,
        14.5,
        14
      ],
      "to": [
        6,
        14.5,
        15
      ],
      "faces": {
        "north": {
          "uv": [
            5,
            1,
            6,
            2
          ],
          "texture": "#1"
        },
        "east": {
          "uv": [
            5,
            1,
            6,
            2
          ],
          "texture": "#1"
        },
        "south": {
          "uv": [
            5,
            1,
            6,
            2
          ],
          "texture": "#1"
        },
        "west": {
          "uv": [
            5,
            1,
            6,
            2
          ],
          "texture": "#1"
        },
        "up": {
          "uv": [
            5,
            1,
            6,
            2
          ],
          "rotation": 180,
          "texture": "#1"
        },
        "down": {
          "uv": [
            5,
            1,
            6,
            2
          ],
          "rotation": 180,
          "texture": "#1"
        }
      }
    },
    {
      "from": [
        14,
        1.5,
        5
      ],
      "to": [
        15,
        1.5,
        6
      ],
      "faces": {
        "north": {
          "uv": [
            5,
            1,
            6,
            2
          ],
          "texture": "#1"
        },
        "east": {
          "uv": [
            5,
            1,
            6,
            2
          ],
          "texture": "#1"
        },
        "south": {
          "uv": [
            5,
            1,
            6,
            2
          ],
          "texture": "#1"
        },
        "west": {
          "uv": [
            5,
            1,
            6,
            2
          ],
          "texture": "#1"
        },
        "up": {
          "uv": [
            5,
            1,
            6,
            2
          ],
          "rotation": 90,
          "texture": "#1"
        },
        "down": {
          "uv": [
            5,
            1,
            6,
            2
          ],
          "rotation": 270,
          "texture": "#1"
        }
      }
    },
    {
      "from": [
        14,
        9,
        8.5
      ],
      "to": [
        15,
        10,
        8.5
      ],
      "rotation": {
        "angle": 0,
        "axis": "z",
        "origin": [
          8,
          12,
          6
        ]
      },
      "faces": {
        "north": {
          "uv": [
            5,
            1,
            6,
            2
          ],
          "texture": "#1"
        },
        "east": {
          "uv": [
            5,
            1,
            6,
            2
          ],
          "texture": "#1"
        },
        "south": {
          "uv": [
            5,
            1,
            6,
            2
          ],
          "texture": "#1"
        },
        "west": {
          "uv": [
            5,
            1,
            6,
            2
          ],
          "texture": "#1"
        },
        "up": {
          "uv": [
            5,
            1,
            6,
            2
          ],
          "rotation": 90,
          "texture": "#1"
        },
        "down": {
          "uv": [
            5,
            1,
            6,
            2
          ],
          "rotation": 270,
          "texture": "#1"
        }
      }
    },
    {
      "from": [
        14,
        5.5,
        10
      ],
      "to": [
        15,
        5.5,
        11
      ],
      "rotation": {
        "angle": 0,
        "axis": "z",
        "origin": [
          8,
          4,
          10
        ]
      },
      "faces": {
        "north": {
          "uv": [
            5,
            1,
            6,
            2
          ],
          "texture": "#1"
        },
        "east": {
          "uv": [
            5,
            1,
            6,
            2
          ],
          "texture": "#1"
        },
        "south": {
          "uv": [
            5,
            1,
            6,
            2
          ],
          "texture": "#1"
        },
        "west": {
          "uv": [
            5,
            1,
            6,
            2
          ],
          "texture": "#1"
        },
        "up": {
          "uv": [
            5,
            1,
            6,
            2
          ],
          "rotation": 90,
          "texture": "#1"
        },
        "down": {
          "uv": [
            5,
            1,
            6,
            2
          ],
          "rotation": 270,
          "texture": "#1"
        }
      }
    },
    {
      "from": [
        14,
        14,
        10.5
      ],
      "to": [
        15,
        15,
        10.5
      ],
      "rotation": {
        "angle": 0,
        "axis": "z",
        "origin": [
          8,
          10,
          13
        ]
      },
      "faces": {
        "north": {
          "uv": [
            5,
            1,
            6,
            2
          ],
          "texture": "#1"
        },
        "east": {
          "uv": [
            5,
            1,
            6,
            2
          ],
          "texture": "#1"
        },
        "south": {
          "uv": [
            5,
            1,
            6,
            2
          ],
          "texture": "#1"
        },
        "west": {
          "uv": [
            5,
            1,
            6,
            2
          ],
          "texture": "#1"
        },
        "up": {
          "uv": [
            5,
            1,
            6,
            2
          ],
          "rotation": 90,
          "texture": "#1"
        },
        "down": {
          "uv": [
            5,
            1,
            6,
            2
          ],
          "rotation": 270,
          "texture": "#1"
        }
      }
    },
    {
      "from": [
        14,
        12.5,
        5
      ],
      "to": [
        15,
        12.5,
        6
      ],
      "rotation": {
        "angle": 0,
        "axis": "z",
        "origin": [
          8,
          6,
          3
        ]
      },
      "faces": {
        "north": {
          "uv": [
            5,
            1,
            6,
            2
          ],
          "texture": "#1"
        },
        "east": {
          "uv": [
            5,
            1,
            6,
            2
          ],
          "texture": "#1"
        },
        "south": {
          "uv": [
            5,
            1,
            6,
            2
          ],
          "texture": "#1"
        },
        "west": {
          "uv": [
            5,
            1,
            6,
            2
          ],
          "texture": "#1"
        },
        "up": {
          "uv": [
            5,
            1,
            6,
            2
          ],
          "rotation": 90,
          "texture": "#1"
        },
        "down": {
          "uv": [
            5,
            1,
            6,
            2
          ],
          "rotation": 270,
          "texture": "#1"
        }
      }
    },
    {
      "from": [
        5,
        1.5,
        1
      ],
      "to": [
        6,
        1.5,
        2
      ],
      "faces": {
        "north": {
          "uv": [
            5,
            1,
            6,
            2
          ],
          "texture": "#1"
        },
        "east": {
          "uv": [
            5,
            1,
            6,
            2
          ],
          "texture": "#1"
        },
        "south": {
          "uv": [
            5,
            1,
            6,
            2
          ],
          "texture": "#1"
        },
        "west": {
          "uv": [
            5,
            1,
            6,
            2
          ],
          "texture": "#1"
        },
        "up": {
          "uv": [
            5,
            1,
            6,
            2
          ],
          "texture": "#1"
        },
        "down": {
          "uv": [
            5,
            1,
            6,
            2
          ],
          "texture": "#1"
        }
      }
    },
    {
      "from": [
        10.5,
        5,
        1
      ],
      "to": [
        10.5,
        6,
        2
      ],
      "faces": {
        "north": {
          "uv": [
            5,
            1,
            6,
            2
          ],
          "texture": "#1"
        },
        "east": {
          "uv": [
            5,
            1,
            6,
            2
          ],
          "texture": "#1"
        },
        "south": {
          "uv": [
            5,
            1,
            6,
            2
          ],
          "texture": "#1"
        },
        "west": {
          "uv": [
            5,
            1,
            6,
            2
          ],
          "texture": "#1"
        },
        "up": {
          "uv": [
            5,
            1,
            6,
            2
          ],
          "texture": "#1"
        },
        "down": {
          "uv": [
            5,
            1,
            6,
            2
          ],
          "texture": "#1"
        }
      }
    },
    {
      "from": [
        8,
        9.5,
        1
      ],
      "to": [
        9,
        9.5,
        2
      ],
      "faces": {
        "north": {
          "uv": [
            5,
            1,
            6,
            2
          ],
          "texture": "#1"
        },
        "east": {
          "uv": [
            5,
            1,
            6,
            2
          ],
          "texture": "#1"
        },
        "south": {
          "uv": [
            5,
            1,
            6,
            2
          ],
          "texture": "#1"
        },
        "west": {
          "uv": [
            5,
            1,
            6,
            2
          ],
          "texture": "#1"
        },
        "up": {
          "uv": [
            5,
            1,
            6,
            2
          ],
          "texture": "#1"
        },
        "down": {
          "uv": [
            5,
            1,
            6,
            2
          ],
          "texture": "#1"
        }
      }
    },
    {
      "from": [
        5.5,
        12,
        1
      ],
      "to": [
        5.5,
        13,
        2
      ],
      "faces": {
        "north": {
          "uv": [
            5,
            1,
            6,
            2
          ],
          "texture": "#1"
        },
        "east": {
          "uv": [
            5,
            1,
            6,
            2
          ],
          "texture": "#1"
        },
        "south": {
          "uv": [
            5,
            1,
            6,
            2
          ],
          "texture": "#1"
        },
        "west": {
          "uv": [
            5,
            1,
            6,
            2
          ],
          "texture": "#1"
        },
        "up": {
          "uv": [
            5,
            1,
            6,
            2
          ],
          "texture": "#1"
        },
        "down": {
          "uv": [
            5,
            1,
            6,
            2
          ],
          "texture": "#1"
        }
      }
    },
    {
      "from": [
        10,
        14.5,
        1
      ],
      "to": [
        11,
        14.5,
        2
      ],
      "faces": {
        "north": {
          "uv": [
            5,
            1,
            6,
            2
          ],
          "texture": "#1"
        },
        "east": {
          "uv": [
            5,
            1,
            6,
            2
          ],
          "texture": "#1"
        },
        "south": {
          "uv": [
            5,
            1,
            6,
            2
          ],
          "texture": "#1"
        },
        "west": {
          "uv": [
            5,
            1,
            6,
            2
          ],
          "texture": "#1"
        },
        "up": {
          "uv": [
            5,
            1,
            6,
            2
          ],
          "texture": "#1"
        },
        "down": {
          "uv": [
            5,
            1,
            6,
            2
          ],
          "texture": "#1"
        }
      }
    },
    {
      "from": [
        4,
        7,
        2
      ],
      "to": [
        8,
        9,
        2
      ],
      "rotation": {
        "angle": -45,
        "axis": "x",
        "origin": [
          6,
          7,
          2
        ]
      },
      "faces": {
        "north": {
          "uv": [
            1,
            0,
            5,
            2
          ],
          "texture": "#3"
        },
        "east": {
          "uv": [
            0,
            0,
            1,
            2
          ],
          "texture": "#missing"
        },
        "south": {
          "uv": [
            5,
            0,
            1,
            2
          ],
          "texture": "#3"
        },
        "west": {
          "uv": [
            0,
            0,
            1,
            2
          ],
          "texture": "#missing"
        },
        "up": {
          "uv": [
            0,
            0,
            3,
            1
          ],
          "texture": "#missing"
        },
        "down": {
          "uv": [
            0,
            0,
            3,
            1
          ],
          "texture": "#missing"
        }
      }
    },
    {
      "from": [
        3,
        4,
        2
      ],
      "to": [
        5,
        8,
        2
      ],
      "rotation": {
        "angle": -45,
        "axis": "y",
        "origin": [
          5,
          6,
          2
        ]
      },
      "faces": {
        "north": {
          "uv": [
            4,
            1,
            6,
            5
          ],
          "texture": "#3"
        },
        "east": {
          "uv": [
            0,
            0,
            3,
            1
          ],
          "rotation": 270,
          "texture": "#missing"
        },
        "south": {
          "uv": [
            6,
            1,
            4,
            5
          ],
          "texture": "#3"
        },
        "west": {
          "uv": [
            0,
            0,
            3,
            1
          ],
          "rotation": 270,
          "texture": "#missing"
        },
        "up": {
          "uv": [
            0,
            0,
            1,
            2
          ],
          "rotation": 270,
          "texture": "#missing"
        },
        "down": {
          "uv": [
            0,
            0,
            1,
            2
          ],
          "rotation": 270,
          "texture": "#missing"
        }
      }
    },
    {
      "from": [
        4,
        3,
        2
      ],
      "to": [
        8,
        5,
        2
      ],
      "rotation": {
        "angle": 45,
        "axis": "x",
        "origin": [
          6,
          5,
          2
        ]
      },
      "faces": {
        "north": {
          "uv": [
            1,
            4,
            5,
            6
          ],
          "texture": "#3"
        },
        "east": {
          "uv": [
            0,
            0,
            1,
            2
          ],
          "rotation": 180,
          "texture": "#missing"
        },
        "south": {
          "uv": [
            5,
            4,
            1,
            6
          ],
          "texture": "#3"
        },
        "west": {
          "uv": [
            0,
            0,
            1,
            2
          ],
          "rotation": 180,
          "texture": "#missing"
        },
        "up": {
          "uv": [
            0,
            0,
            3,
            1
          ],
          "rotation": 180,
          "texture": "#missing"
        },
        "down": {
          "uv": [
            0,
            0,
            3,
            1
          ],
          "rotation": 180,
          "texture": "#missing"
        }
      }
    },
    {
      "from": [
        7,
        4,
        2
      ],
      "to": [
        9,
        8,
        2
      ],
      "rotation": {
        "angle": 45,
        "axis": "y",
        "origin": [
          7,
          6,
          2
        ]
      },
      "faces": {
        "north": {
          "uv": [
            0,
            1,
            2,
            5
          ],
          "texture": "#3"
        },
        "east": {
          "uv": [
            0,
            0,
            3,
            1
          ],
          "rotation": 90,
          "texture": "#missing"
        },
        "south": {
          "uv": [
            2,
            1,
            0,
            5
          ],
          "texture": "#3"
        },
        "west": {
          "uv": [
            0,
            0,
            3,
            1
          ],
          "rotation": 90,
          "texture": "#missing"
        },
        "up": {
          "uv": [
            0,
            0,
            1,
            2
          ],
          "rotation": 90,
          "texture": "#missing"
        },
        "down": {
          "uv": [
            0,
            0,
            1,
            2
          ],
          "rotation": 90,
          "texture": "#missing"
        }
      }
    },
    {
      "from": [
        5,
        5,
        1.5
      ],
      "to": [
        7,
        7,
        2.5
      ],
      "rotation": {
        "angle": 0,
        "axis": "y",
        "origin": [
          13,
          14,
          10
        ]
      },
      "faces": {
        "north": {
          "uv": [
            2,
            2,
            4,
            4
          ],
          "texture": "#3"
        },
        "east": {
          "uv": [
            3,
            2,
            4,
            4
          ],
          "texture": "#3"
        },
        "west": {
          "uv": [
            2,
            2,
            3,
            4
          ],
          "texture": "#3"
        },
        "up": {
          "uv": [
            2,
            2,
            4,
            3
          ],
          "texture": "#3"
        },
        "down": {
          "uv": [
            2,
            3,
            4,
            4
          ],
          "texture": "#3"
        }
      }
    }
  ],
  "display": {
    "thirdperson_righthand": {
      "rotation": [
        75,
        45,
        0
      ],
      "translation": [
        0,
        2.5,
        0
      ],
      "scale": [
        0.375,
        0.375,
        0.375
      ]
    },
    "thirdperson_lefthand": {
      "rotation": [
        75,
        45,
        0
      ],
      "translation": [
        0,
        2.5,
        0
      ],
      "scale": [
        0.375,
        0.375,
        0.375
      ]
    },
    "firstperson_righthand": {
      "rotation": [
        0,
        45,
        0
      ],
      "scale": [
        0.4,
        0.4,
        0.4
      ]
    },
    "firstperson_lefthand": {
      "rotation": [
        0,
        225,
        0
      ],
      "scale": [
        0.4,
        0.4,
        0.4
      ]
    },
    "ground": {
      "translation": [
        0,
        3,
        0
      ],
      "scale": [
        0.25,
        0.25,
        0.25
      ]
    },
    "gui": {
      "rotation": [
        30,
        225,
        0
      ],
      "scale": [
        0.625,
        0.625,
        0.625
      ]
    },
    "fixed": {
      "scale": [
        0.5,
        0.5,
        0.5
      ]
    }
  },
  "groups": [
    {
      "name": "Up_Spikes",
      "origin": [
        8,
        8,
        8
      ],
      "children": [
        0,
        1,
        2,
        3,
        4,
        5
      ]
    },
    {
      "name": "Core",
      "origin": [
        10,
        9,
        10
      ],
      "children": [
        6,
        7
      ]
    },
    {
      "name": "Spikes",
      "origin": [
        8,
        8,
        8
      ],
      "children": [
        {
          "name": "group",
          "origin": [
            8,
            8,
            8
          ],
          "children": [
            8,
            9,
            10,
            11,
            12
          ]
        },
        {
          "name": "group",
          "origin": [
            8,
            8,
            8
          ],
          "children": [
            13,
            14,
            15,
            16,
            17
          ]
        },
        {
          "name": "group",
          "origin": [
            8,
            8,
            8
          ],
          "children": [
            18,
            19,
            20,
            21,
            22
          ]
        },
        {
          "name": "group",
          "origin": [
            8,
            8,
            8
          ],
          "children": [
            23,
            24,
            25,
            26,
            27
          ]
        }
      ]
    },
    {
      "name": "cactus_flower_side",
      "origin": [
        8,
        8,
        8
      ],
      "children": [
        {
          "name": "RED_F",
          "origin": [
            10,
            8,
            10
          ],
          "children": [
            {
              "name": "Flower",
              "origin": [
                10,
                8,
                10
              ],
              "children": [
                28,
                29,
                30,
                31,
                32
              ]
            }
          ]
        }
      ]
    }
  ]
}
