{
	"credit": "Made by Sawors",
	"parent": "minecraft:block/cube_all",
	"textures": {
		"0": "block/cartography_table_side1",
		"1": "block/cartography_table_side2",
		"2": "block/cartography_table_side3",
		"3": "block/cartography_table_top",
		"4": "block/cartography_tools",
		"particle": "block/cartography_table_side1"
	},
	"elements": [
		{
			"from": [0, 0, 0],
			"to": [16, 16, 11],
			"faces": {
				"north": {"uv": [0, 0, 16, 16], "texture": "#2"},
				"east": {"uv": [5, 0, 16, 16], "texture": "#2"},
				"south": {"uv": [0, 0, 16, 16], "texture": "#2"},
				"west": {"uv": [0, 0, 11, 16], "texture": "#1"},
				"up": {"uv": [0, 0, 16, 11], "texture": "#3"},
				"down": {"uv": [0, 5, 16, 16], "texture": "#2"}
			}
		},
		{
			"from": [5, 0, 11],
			"to": [16, 16, 16],
			"faces": {
				"north": {"uv": [0, 0, 11, 16], "texture": "#2"},
				"east": {"uv": [0, 0, 5, 16], "texture": "#2"},
				"south": {"uv": [5, 0, 16, 16], "texture": "#0"},
				"west": {"uv": [0, 0, 5, 16], "texture": "#2"},
				"up": {"uv": [5, 11, 16, 16], "texture": "#3"},
				"down": {"uv": [5, 0, 16, 5], "texture": "#2"}
			}
		},
		{
			"from": [0, 0, 11],
			"to": [5, 11, 16],
			"faces": {
				"north": {"uv": [0, 0, 11, 16], "texture": "#2"},
				"east": {"uv": [0, 0, 5, 16], "texture": "#2"},
				"south": {"uv": [0, 5, 5, 16], "texture": "#0"},
				"west": {"uv": [11, 5, 16, 16], "texture": "#1"},
				"up": {"uv": [0, 11, 5, 16], "texture": "#2"},
				"down": {"uv": [0, 0, 5, 5], "texture": "#2"}
			}
		},
		{
			"from": [1, 16, 1],
			"to": [7, 17, 7],
			"rotation": {"angle": 22.5, "axis": "y", "origin": [4, 17.33333, 4]},
			"faces": {
				"north": {"uv": [0, 6, 6, 7], "texture": "#4"},
				"east": {"uv": [0, 6, 6, 7], "texture": "#4"},
				"south": {"uv": [0, 6, 6, 7], "texture": "#4"},
				"west": {"uv": [0, 6, 6, 7], "texture": "#4"},
				"up": {"uv": [0, 7, 6, 13], "texture": "#4"},
				"down": {"uv": [0, 7, 6, 13], "texture": "#4"}
			}
		},
		{
			"from": [2, 17.5, 2],
			"to": [6, 17.5, 6],
			"rotation": {"angle": 22.5, "axis": "y", "origin": [4, 17.33333, 4]},
			"faces": {
				"north": {"uv": [0, 6, 6, 7], "texture": "#4"},
				"east": {"uv": [0, 6, 6, 7], "texture": "#4"},
				"south": {"uv": [0, 6, 6, 7], "texture": "#4"},
				"west": {"uv": [0, 6, 6, 7], "texture": "#4"},
				"up": {"uv": [0, 0, 4, 4], "texture": "#4"},
				"down": {"uv": [0, 0, 4, 4], "texture": "#4"}
			}
		},
		{
			"from": [3.5, 17.1, 3.5],
			"to": [4.5, 17.1, 6.5],
			"rotation": {"angle": -22.5, "axis": "y", "origin": [4, 17.33333, 4]},
			"faces": {
				"north": {"uv": [0, 0, 4, 0], "texture": "#missing"},
				"east": {"uv": [0, 0, 4, 0], "texture": "#missing"},
				"south": {"uv": [0, 0, 4, 0], "texture": "#missing"},
				"west": {"uv": [0, 0, 4, 0], "texture": "#missing"},
				"up": {"uv": [4, 0, 5, 3], "texture": "#4"},
				"down": {"uv": [4, 0, 5, 3], "texture": "#4"}
			}
		},
		{
			"from": [6, 17, 1],
			"to": [7, 18, 7],
			"rotation": {"angle": 22.5, "axis": "y", "origin": [4, 17.33333, 4]},
			"faces": {
				"north": {"uv": [5, 4, 6, 5], "texture": "#4"},
				"east": {"uv": [0, 5, 6, 6], "texture": "#4"},
				"south": {"uv": [0, 4, 1, 5], "texture": "#4"},
				"west": {"uv": [0, 5, 6, 6], "texture": "#4"},
				"up": {"uv": [0, 4, 6, 5], "rotation": 90, "texture": "#4"}
			}
		},
		{
			"from": [1, 17, 1],
			"to": [2, 18, 7],
			"rotation": {"angle": 22.5, "axis": "y", "origin": [4, 17.33333, 4]},
			"faces": {
				"north": {"uv": [5, 4, 6, 5], "texture": "#4"},
				"east": {"uv": [0, 5, 6, 6], "texture": "#4"},
				"south": {"uv": [0, 4, 1, 5], "texture": "#4"},
				"west": {"uv": [0, 5, 6, 6], "texture": "#4"},
				"up": {"uv": [0, 4, 6, 5], "rotation": 90, "texture": "#4"}
			}
		},
		{
			"from": [2, 17, 1],
			"to": [6, 18, 2],
			"rotation": {"angle": 22.5, "axis": "y", "origin": [4, 17.33333, 4]},
			"faces": {
				"north": {"uv": [1, 5, 5, 6], "texture": "#4"},
				"south": {"uv": [1, 5, 5, 6], "texture": "#4"},
				"up": {"uv": [1, 4, 5, 5], "texture": "#4"}
			}
		},
		{
			"from": [2, 17, 6],
			"to": [6, 18, 7],
			"rotation": {"angle": 22.5, "axis": "y", "origin": [4, 17.33333, 4]},
			"faces": {
				"north": {"uv": [1, 5, 5, 6], "texture": "#4"},
				"south": {"uv": [1, 5, 5, 6], "texture": "#4"},
				"up": {"uv": [1, 4, 5, 5], "texture": "#4"}
			}
		},
		{
			"from": [1, 11, 11],
			"to": [5, 15, 15],
			"faces": {
				"north": {"uv": [0, 0, 4, 4], "texture": "#missing"},
				"east": {"uv": [0, 0, 4, 4], "texture": "#missing"},
				"south": {"uv": [0, 0, 4, 4], "texture": "#0"},
				"west": {"uv": [12, 0, 16, 4], "texture": "#1"},
				"up": {"uv": [0, 12, 4, 16], "texture": "#3"},
				"down": {"uv": [0, 0, 4, 4], "texture": "#missing"}
			}
		},
		{
			"from": [0, 11, 11],
			"to": [0, 16, 16],
			"faces": {
				"north": {"uv": [0, 0, 4, 4], "texture": "#missing"},
				"east": {"uv": [11, 0, 16, 5], "rotation": 270, "texture": "#4"},
				"south": {"uv": [0, 0, 4, 4], "texture": "#0"},
				"west": {"uv": [11, 0, 16, 5], "texture": "#4"},
				"up": {"uv": [0, 12, 4, 16], "texture": "#3"},
				"down": {"uv": [0, 0, 4, 4], "texture": "#missing"}
			}
		},
		{
			"from": [0, 11, 16],
			"to": [5, 16, 16],
			"rotation": {"angle": 0, "axis": "y", "origin": [0.5, 13.25, 13.25]},
			"faces": {
				"north": {"uv": [11, 0, 16, 5], "texture": "#4"},
				"east": {"uv": [0, 0, 4, 4], "texture": "#0"},
				"south": {"uv": [11, 0, 16, 5], "rotation": 90, "texture": "#4"},
				"west": {"uv": [0, 0, 4, 4], "texture": "#missing"},
				"up": {"uv": [0, 12, 4, 16], "rotation": 270, "texture": "#3"},
				"down": {"uv": [0, 0, 4, 4], "rotation": 90, "texture": "#missing"}
			}
		},
		{
			"from": [0, 16, 11],
			"to": [5, 16, 16],
			"rotation": {"angle": 0, "axis": "y", "origin": [0.5, 13.25, 13.25]},
			"faces": {
				"north": {"uv": [11, 0, 16, 5], "texture": "#4"},
				"east": {"uv": [0, 0, 4, 4], "texture": "#0"},
				"south": {"uv": [11, 0, 16, 5], "rotation": 270, "texture": "#4"},
				"west": {"uv": [0, 0, 4, 4], "texture": "#missing"},
				"up": {"uv": [11, 0, 16, 5], "texture": "#4"},
				"down": {"uv": [11, 0, 16, 5], "rotation": 270, "texture": "#4"}
			}
		}
	],
	"groups": [
		0,
		1,
		2,
		{
			"name": "compass",
			"origin": [0, 0, 0],
			"color": 0,
			"children": [3, 4, 5, 6, 7, 8, 9]
		},
		10,
		11,
		12,
		13
	]
}