{
  "credit": "Made_by_Sawors",
  "parent": "block/_flower",
  "textures": {
    "0": "block/dandelion",
    "particle": "block/dandelion"
  },
  "elements": [
    {
      "from": [
        8,
        0,
        5
      ],
      "to": [
        8,
        5,
        11
      ],
      "rotation": {
        "angle": 45,
        "axis": "y",
        "origin": [
          8,
          0.5,
          8
        ]
      },
      "faces": {
        "north": {
          "uv": [
            0,
            0,
            0,
            5
          ],
          "texture": "#0"
        },
        "east": {
          "uv": [
            5,
            11,
            11,
            16
          ],
          "texture": "#0"
        },
        "south": {
          "uv": [
            0,
            0,
            0,
            5
          ],
          "texture": "#0"
        },
        "west": {
          "uv": [
            11,
            11,
            5,
            16
          ],
          "texture": "#0"
        },
        "up": {
          "uv": [
            0,
            0,
            0,
            2
          ],
          "texture": "#0"
        },
        "down": {
          "uv": [
            0,
            0,
            0,
            2
          ],
          "texture": "#0"
        }
      }
    },
    {
      "from": [
        5,
        0,
        8
      ],
      "to": [
        11,
        5,
        8
      ],
      "rotation": {
        "angle": 45,
        "axis": "y",
        "origin": [
          8,
          0.5,
          8
        ]
      },
      "faces": {
        "north": {
          "uv": [
            11,
            11,
            5,
            16
          ],
          "texture": "#0"
        },
        "east": {
          "uv": [
            0,
            0,
            0,
            5
          ],
          "texture": "#0"
        },
        "south": {
          "uv": [
            5,
            11,
            11,
            16
          ],
          "texture": "#0"
        },
        "west": {
          "uv": [
            0,
            0,
            0,
            5
          ],
          "texture": "#0"
        },
        "up": {
          "uv": [
            0,
            0,
            0,
            2
          ],
          "rotation": 270,
          "texture": "#0"
        },
        "down": {
          "uv": [
            0,
            0,
            0,
            2
          ],
          "rotation": 90,
          "texture": "#0"
        }
      }
    },
    {
      "from": [
        7,
        5,
        7
      ],
      "to": [
        9,
        6,
        9
      ],
      "rotation": {
        "angle": 0,
        "axis": "y",
        "origin": [
          15,
          13,
          15
        ]
      },
      "faces": {
        "north": {
          "uv": [
            7,
            8,
            9,
            9
          ],
          "texture": "#0"
        },
        "east": {
          "uv": [
            7,
            8,
            9,
            9
          ],
          "texture": "#0"
        },
        "south": {
          "uv": [
            7,
            8,
            9,
            9
          ],
          "texture": "#0"
        },
        "west": {
          "uv": [
            7,
            8,
            9,
            9
          ],
          "texture": "#0"
        },
        "up": {
          "uv": [
            7,
            9,
            9,
            11
          ],
          "texture": "#0"
        },
        "down": {
          "uv": [
            7,
            9,
            9,
            11
          ],
          "texture": "#0"
        }
      }
    },
    {
      "from": [
        8,
        5.5,
        6
      ],
      "to": [
        11,
        5.5,
        10
      ],
      "rotation": {
        "angle": -22.5,
        "axis": "z",
        "origin": [
          9,
          5.4,
          8
        ]
      },
      "faces": {
        "north": {
          "uv": [
            7,
            8,
            9,
            9
          ],
          "texture": "#0"
        },
        "east": {
          "uv": [
            7,
            8,
            9,
            9
          ],
          "texture": "#0"
        },
        "south": {
          "uv": [
            7,
            8,
            9,
            9
          ],
          "texture": "#0"
        },
        "west": {
          "uv": [
            7,
            8,
            9,
            9
          ],
          "texture": "#0"
        },
        "up": {
          "uv": [
            6,
            7,
            10,
            10
          ],
          "rotation": 90,
          "texture": "#0"
        },
        "down": {
          "uv": [
            6,
            7,
            10,
            10
          ],
          "rotation": 90,
          "texture": "#0"
        }
      }
    },
    {
      "from": [
        6,
        5.5,
        5
      ],
      "to": [
        10,
        5.5,
        8
      ],
      "rotation": {
        "angle": -22.5,
        "axis": "x",
        "origin": [
          8,
          5.4,
          7
        ]
      },
      "faces": {
        "north": {
          "uv": [
            7,
            8,
            9,
            9
          ],
          "texture": "#0"
        },
        "east": {
          "uv": [
            7,
            8,
            9,
            9
          ],
          "texture": "#0"
        },
        "south": {
          "uv": [
            7,
            8,
            9,
            9
          ],
          "texture": "#0"
        },
        "west": {
          "uv": [
            7,
            8,
            9,
            9
          ],
          "texture": "#0"
        },
        "up": {
          "uv": [
            6,
            7,
            10,
            10
          ],
          "texture": "#0"
        },
        "down": {
          "uv": [
            6,
            7,
            10,
            10
          ],
          "rotation": 180,
          "texture": "#0"
        }
      }
    },
    {
      "from": [
        6,
        5.5,
        8
      ],
      "to": [
        10,
        5.5,
        11
      ],
      "rotation": {
        "angle": 22.5,
        "axis": "x",
        "origin": [
          8,
          5.4,
          9
        ]
      },
      "faces": {
        "north": {
          "uv": [
            7,
            8,
            9,
            9
          ],
          "texture": "#0"
        },
        "east": {
          "uv": [
            7,
            8,
            9,
            9
          ],
          "texture": "#0"
        },
        "south": {
          "uv": [
            7,
            8,
            9,
            9
          ],
          "texture": "#0"
        },
        "west": {
          "uv": [
            7,
            8,
            9,
            9
          ],
          "texture": "#0"
        },
        "up": {
          "uv": [
            6,
            7,
            10,
            10
          ],
          "rotation": 180,
          "texture": "#0"
        },
        "down": {
          "uv": [
            6,
            7,
            10,
            10
          ],
          "texture": "#0"
        }
      }
    },
    {
      "from": [
        5,
        5.5,
        6
      ],
      "to": [
        8,
        5.5,
        10
      ],
      "rotation": {
        "angle": 22.5,
        "axis": "z",
        "origin": [
          7,
          5.4,
          8
        ]
      },
      "faces": {
        "north": {
          "uv": [
            7,
            8,
            9,
            9
          ],
          "texture": "#0"
        },
        "east": {
          "uv": [
            7,
            8,
            9,
            9
          ],
          "texture": "#0"
        },
        "south": {
          "uv": [
            7,
            8,
            9,
            9
          ],
          "texture": "#0"
        },
        "west": {
          "uv": [
            7,
            8,
            9,
            9
          ],
          "texture": "#0"
        },
        "up": {
          "uv": [
            6,
            7,
            10,
            10
          ],
          "rotation": 270,
          "texture": "#0"
        },
        "down": {
          "uv": [
            6,
            7,
            10,
            10
          ],
          "rotation": 270,
          "texture": "#0"
        }
      }
    }
  ]
}
