{
	"credit": "Made by Sawors",
	"textures": {
		"0": "block/sweet_berry_bush_stage0",
		"1": "block/sweet_berry_bush_stage1",
		"particle": "sweet_berry_bush_stage0"
	},
	"elements": [
		{
			"from": [1, -2, 3],
			"to": [15, 14, 3],
			"rotation": {"angle": 0, "axis": "y", "origin": [9, 6, 11]},
			"faces": {
				"north": {"uv": [1, 0, 15, 16], "texture": "#1"},
				"east": {"uv": [0, 0, 0, 16], "texture": "#missing"},
				"south": {"uv": [15, 0, 1, 16], "texture": "#1"},
				"west": {"uv": [0, 0, 0, 16], "texture": "#missing"},
				"up": {"uv": [0, 0, 14, 0], "texture": "#missing"},
				"down": {"uv": [0, 0, 14, 0], "texture": "#missing"}
			}
		},
		{
			"from": [1, -2, 13],
			"to": [15, 14, 13],
			"rotation": {"angle": 0, "axis": "y", "origin": [9, 6, 21]},
			"faces": {
				"north": {"uv": [1, 0, 15, 16], "texture": "#1"},
				"east": {"uv": [0, 0, 0, 16], "texture": "#missing"},
				"south": {"uv": [15, 0, 1, 16], "texture": "#1"},
				"west": {"uv": [0, 0, 0, 16], "texture": "#missing"},
				"up": {"uv": [0, 0, 14, 0], "texture": "#missing"},
				"down": {"uv": [0, 0, 14, 0], "texture": "#missing"}
			}
		},
		{
			"from": [13, -2, 1],
			"to": [13, 14, 15],
			"rotation": {"angle": 0, "axis": "y", "origin": [7, 6, 19]},
			"faces": {
				"east": {"uv": [1, 0, 15, 16], "texture": "#1"},
				"west": {"uv": [15, 0, 1, 16], "texture": "#1"},
				"up": {"uv": [0, 0, 14, 0], "texture": "#missing"},
				"down": {"uv": [0, 0, 14, 0], "texture": "#missing"}
			}
		},
		{
			"from": [3, -2, 1],
			"to": [3, 14, 15],
			"rotation": {"angle": 0, "axis": "y", "origin": [-3, 6, 19]},
			"faces": {
				"east": {"uv": [1, 0, 15, 16], "texture": "#1"},
				"west": {"uv": [15, 0, 1, 16], "texture": "#1"},
				"up": {"uv": [0, 0, 14, 0], "texture": "#missing"},
				"down": {"uv": [0, 0, 14, 0], "texture": "#missing"}
			}
		},
		{
			"from": [2, 14, 7],
			"to": [14, 14, 17],
			"rotation": {"angle": 22.5, "axis": "x", "origin": [7.69536, 11.49977, 7.98141]},
			"faces": {
				"north": {"uv": [0, 0, 0, 0], "texture": "#0"},
				"east": {"uv": [0, 0, 0, 16], "texture": "#0"},
				"south": {"uv": [0, 0, 0, 0], "texture": "#0"},
				"west": {"uv": [0, 0, 0, 16], "texture": "#0"},
				"up": {"uv": [2, 6, 14, 16], "rotation": 180, "texture": "#0"},
				"down": {"uv": [1, 1, 15, 15], "texture": "#0"}
			}
		},
		{
			"from": [2, 14, -1],
			"to": [14, 14, 9],
			"rotation": {"angle": -22.5, "axis": "x", "origin": [7.69536, 11.49977, 7.98141]},
			"faces": {
				"north": {"uv": [0, 0, 0, 0], "texture": "#0"},
				"east": {"uv": [0, 0, 0, 16], "texture": "#0"},
				"south": {"uv": [0, 0, 0, 0], "texture": "#0"},
				"west": {"uv": [0, 0, 0, 16], "texture": "#0"},
				"up": {"uv": [2, 6, 14, 16], "texture": "#0"},
				"down": {"uv": [1, 1, 15, 15], "texture": "#0"}
			}
		},
		{
			"from": [-1, 14, 2],
			"to": [9, 14, 14],
			"rotation": {"angle": 22.5, "axis": "z", "origin": [7.69536, 11.49977, 7.98141]},
			"faces": {
				"north": {"uv": [0, 0, 0, 0], "texture": "#0"},
				"east": {"uv": [0, 0, 0, 16], "texture": "#0"},
				"south": {"uv": [0, 0, 0, 0], "texture": "#0"},
				"west": {"uv": [0, 0, 0, 16], "texture": "#0"},
				"up": {"uv": [2, 6, 14, 16], "rotation": 270, "texture": "#0"},
				"down": {"uv": [1, 1, 15, 15], "texture": "#0"}
			}
		},
		{
			"from": [6, 14, 2],
			"to": [16, 14, 14],
			"rotation": {"angle": -22.5, "axis": "z", "origin": [7.69536, 11.49977, 7.98141]},
			"faces": {
				"north": {"uv": [0, 0, 0, 0], "texture": "#0"},
				"east": {"uv": [0, 0, 0, 16], "texture": "#0"},
				"south": {"uv": [0, 0, 0, 0], "texture": "#0"},
				"west": {"uv": [0, 0, 0, 16], "texture": "#0"},
				"up": {"uv": [2, 6, 14, 16], "rotation": 90, "texture": "#0"},
				"down": {"uv": [1, 1, 15, 15], "texture": "#0"}
			}
		}
	],
	"groups": [0, 1, 2, 3,
		{
			"name": "group",
			"origin": [9, 18, 21],
			"color": 0,
			"children": [4, 5, 6, 7]
		}
	]
}