{
	"credit": "Made by Sawors",
	"textures": {
		"1": "block/stripped_oak_log",
		"2": "block/white_wool"
	},
	"elements": [
		{
			"from": [5.8, 2, 7],
			"to": [6, 9, 8],
			"faces": {
				"north": {"uv": [0, 0, 0.2, 7], "texture": "#2"},
				"east": {"uv": [0, 0, 1, 7], "texture": "#2"},
				"south": {"uv": [0, 0, 0.2, 7], "texture": "#2"},
				"west": {"uv": [0, 0, 1, 7], "texture": "#2"},
				"up": {"uv": [0, 0, 0.1, 1], "texture": "#2"},
				"down": {"uv": [0, 0, 0.1, 1], "texture": "#2"}
			}
		},
		{
			"from": [6.8, 1, 7],
			"to": [7, 9, 8],
			"faces": {
				"north": {"uv": [0, 0, 0.2, 8], "texture": "#2"},
				"east": {"uv": [0, 0, 1, 8], "texture": "#2"},
				"south": {"uv": [0, 0, 0.2, 8], "texture": "#2"},
				"west": {"uv": [0, 8, 1, 0], "texture": "#2"},
				"up": {"uv": [0, 0, 0, 1], "texture": "#2"},
				"down": {"uv": [0, 0, 0, 1], "texture": "#2"}
			}
		},
		{
			"from": [7.8, 1, 7],
			"to": [8, 9, 8],
			"faces": {
				"north": {"uv": [0, 0, 0.2, 8], "texture": "#2"},
				"east": {"uv": [0, 0, 1, 8], "texture": "#2"},
				"south": {"uv": [0, 0, 0.2, 8], "texture": "#2"},
				"west": {"uv": [0, 0, 1, 8], "texture": "#2"},
				"up": {"uv": [0, 0, 0.1, 1], "texture": "#2"},
				"down": {"uv": [0, 0, 0.1, 1], "texture": "#2"}
			}
		},
		{
			"from": [8.8, 1, 7],
			"to": [9, 9, 8],
			"faces": {
				"north": {"uv": [0, 0, 0.2, 8], "texture": "#2"},
				"east": {"uv": [0, 0, 1, 8], "texture": "#2"},
				"south": {"uv": [0, 0, 0.2, 8], "texture": "#2"},
				"west": {"uv": [0, 8, 1, 0], "texture": "#2"},
				"up": {"uv": [0, 0, 0, 1], "texture": "#2"},
				"down": {"uv": [0, 0, 0, 1], "texture": "#2"}
			}
		},
		{
			"from": [10, 2, 7],
			"to": [10.2, 9, 8],
			"faces": {
				"north": {"uv": [0, 0, 0.2, 7], "texture": "#2"},
				"east": {"uv": [0, 0, 1, 7], "texture": "#2"},
				"south": {"uv": [0, 0, 0.2, 7], "texture": "#2"},
				"west": {"uv": [0, 0, 1, 7], "texture": "#2"},
				"up": {"uv": [0, 0, 0.1, 1], "texture": "#2"},
				"down": {"uv": [0, 0, 0.1, 1], "texture": "#2"}
			}
		},
		{
			"from": [3, 3, 7],
			"to": [4, 8, 8],
			"faces": {
				"north": {"uv": [12, 8, 13, 13], "texture": "#1"},
				"east": {"uv": [0, 6, 1, 11], "texture": "#1"},
				"south": {"uv": [4, 8, 3, 13], "texture": "#1"},
				"west": {"uv": [1, 6, 2, 11], "texture": "#1"},
				"up": {"uv": [0, 1, 1, 2], "texture": "#1"},
				"down": {"uv": [0, 0, 1, 1], "texture": "#1"}
			}
		},
		{
			"from": [5, 0, 7],
			"to": [11, 1, 8],
			"faces": {
				"north": {"uv": [5, 15, 11, 16], "texture": "#1"},
				"east": {"uv": [0, 13, 1, 14], "texture": "#1"},
				"south": {"uv": [11, 15, 5, 16], "texture": "#1"},
				"west": {"uv": [1, 13, 2, 14], "texture": "#1"},
				"up": {"uv": [2, 1, 8, 2], "texture": "#1"},
				"down": {"uv": [2, 0, 8, 1], "texture": "#1"}
			}
		},
		{
			"from": [4, 1, 7],
			"to": [5, 4, 8],
			"faces": {
				"north": {"uv": [11, 12, 12, 15], "texture": "#1"},
				"east": {"uv": [0, 10, 1, 13], "texture": "#1"},
				"south": {"uv": [5, 12, 4, 15], "texture": "#1"},
				"west": {"uv": [1, 10, 2, 13], "texture": "#1"},
				"up": {"uv": [1, 1, 2, 2], "texture": "#1"},
				"down": {"uv": [1, 0, 2, 1], "texture": "#1"}
			}
		},
		{
			"from": [5, 1, 7],
			"to": [6, 2, 8],
			"faces": {
				"north": {"uv": [10, 14, 11, 15], "texture": "#1"},
				"east": {"uv": [0, 12, 1, 13], "texture": "#1"},
				"south": {"uv": [6, 14, 5, 15], "texture": "#1"},
				"west": {"uv": [1, 12, 2, 13], "texture": "#1"},
				"up": {"uv": [2, 1, 3, 2], "texture": "#1"},
				"down": {"uv": [2, 0, 3, 1], "texture": "#1"}
			}
		},
		{
			"from": [11, 1, 7],
			"to": [12, 4, 8],
			"faces": {
				"north": {"uv": [4, 12, 5, 15], "texture": "#1"},
				"east": {"uv": [0, 10, 1, 13], "texture": "#1"},
				"south": {"uv": [12, 12, 11, 15], "texture": "#1"},
				"west": {"uv": [1, 10, 2, 13], "texture": "#1"},
				"up": {"uv": [8, 1, 9, 2], "texture": "#1"},
				"down": {"uv": [8, 0, 9, 1], "texture": "#1"}
			}
		},
		{
			"from": [10, 1, 7],
			"to": [11, 2, 8],
			"faces": {
				"north": {"uv": [5, 14, 6, 15], "texture": "#1"},
				"east": {"uv": [0, 12, 1, 13], "texture": "#1"},
				"south": {"uv": [11, 14, 10, 15], "texture": "#1"},
				"west": {"uv": [1, 12, 2, 13], "texture": "#1"},
				"up": {"uv": [7, 1, 8, 2], "texture": "#1"},
				"down": {"uv": [7, 0, 8, 1], "texture": "#1"}
			}
		},
		{
			"from": [12, 3, 7],
			"to": [13, 8, 8],
			"faces": {
				"north": {"uv": [3, 8, 4, 13], "texture": "#1"},
				"east": {"uv": [0, 6, 1, 11], "texture": "#1"},
				"south": {"uv": [13, 8, 12, 13], "texture": "#1"},
				"west": {"uv": [1, 6, 2, 11], "texture": "#1"},
				"up": {"uv": [9, 1, 10, 2], "texture": "#1"},
				"down": {"uv": [9, 0, 10, 1], "texture": "#1"}
			}
		},
		{
			"from": [11, 7, 7],
			"to": [12, 10, 8],
			"faces": {
				"north": {"uv": [4, 6, 5, 9], "texture": "#1"},
				"east": {"uv": [0, 4, 1, 7], "texture": "#1"},
				"south": {"uv": [12, 6, 11, 9], "texture": "#1"},
				"west": {"uv": [1, 4, 2, 7], "texture": "#1"},
				"up": {"uv": [8, 1, 9, 2], "texture": "#1"},
				"down": {"uv": [8, 0, 9, 1], "texture": "#1"}
			}
		},
		{
			"from": [11, 10, 7],
			"to": [13, 12, 8],
			"faces": {
				"north": {"uv": [3, 4, 5, 6], "texture": "#1"},
				"east": {"uv": [0, 2, 1, 4], "texture": "#1"},
				"south": {"uv": [13, 4, 11, 6], "texture": "#1"},
				"west": {"uv": [1, 2, 2, 4], "texture": "#1"},
				"up": {"uv": [8, 1, 10, 2], "texture": "#1"},
				"down": {"uv": [8, 0, 10, 1], "texture": "#1"}
			}
		},
		{
			"from": [3, 10, 7],
			"to": [5, 12, 8],
			"faces": {
				"north": {"uv": [11, 4, 13, 6], "texture": "#1"},
				"east": {"uv": [0, 2, 1, 4], "texture": "#1"},
				"south": {"uv": [5, 4, 3, 6], "texture": "#1"},
				"west": {"uv": [1, 2, 2, 4], "texture": "#1"},
				"up": {"uv": [0, 1, 2, 2], "texture": "#1"},
				"down": {"uv": [0, 0, 2, 1], "texture": "#1"}
			}
		},
		{
			"from": [4, 7, 7],
			"to": [5, 10, 8],
			"faces": {
				"north": {"uv": [11, 6, 12, 9], "texture": "#1"},
				"east": {"uv": [0, 4, 1, 7], "texture": "#1"},
				"south": {"uv": [5, 6, 4, 9], "texture": "#1"},
				"west": {"uv": [1, 4, 2, 7], "texture": "#1"},
				"up": {"uv": [1, 1, 2, 2], "texture": "#1"},
				"down": {"uv": [1, 0, 2, 1], "texture": "#1"}
			}
		},
		{
			"from": [5, 9, 7],
			"to": [11, 10, 8],
			"faces": {
				"north": {"uv": [5, 6, 11, 7], "texture": "#1"},
				"east": {"uv": [0, 4, 1, 5], "texture": "#1"},
				"south": {"uv": [11, 6, 5, 7], "texture": "#1"},
				"west": {"uv": [1, 4, 2, 5], "texture": "#1"},
				"up": {"uv": [2, 1, 8, 2], "texture": "#1"},
				"down": {"uv": [2, 0, 8, 1], "texture": "#1"}
			}
		}
	],
	"gui_light": "front",
	"display": {
		"thirdperson_righthand": {
			"rotation": [22.5, -22.5, 0],
			"translation": [-3, 2.5, 0]
		},
		"thirdperson_lefthand": {
			"rotation": [22.5, -22.5, 0],
			"translation": [-3, 2.5, 0]
		},
		"firstperson_righthand": {
			"rotation": [-22.5, -50, 0],
			"translation": [-3.75, 4, 3]
		},
		"firstperson_lefthand": {
			"rotation": [-22.5, -50, 0],
			"translation": [-3.75, 4, 3]
		},
		"ground": {
			"translation": [0, 8, 0],
			"scale": [0.8, 0.8, 0.8]
		},
		"gui": {
			"rotation": [22.5, -22.5, 0],
			"translation": [0, 1.75, -0.5],
			"scale": [1.1, 1.1, 1.1]
		},
		"head": {
			"translation": [0, 0, -6]
		},
		"fixed": {
			"translation": [0.25, 4, 0],
			"scale": [2, 2, 2]
		}
	},
	"groups": [
		{
			"name": "group",
			"origin": [0, 0, 0],
			"color": 0,
			"children": [0, 1, 2, 3, 4]
		},
		{
			"name": "group",
			"origin": [0, 0, 0],
			"color": 0,
			"children": [5, 6, 7, 8, 9, 10, 11, 12, 13, 14, 15, 16]
		}
	]
}