{
	"credit": "Made by Sawors",
	"texture_size": [32, 32],
	"textures": {
		"2": "item/oak_guitar"
	},
	"elements": [
		{
			"from": [10, 20, 5.5],
			"to": [11, 23, 6.5],
			"faces": {
				"north": {"uv": [8, 4.5, 8.5, 6], "texture": "#2"},
				"east": {"uv": [8, 4.5, 8.5, 6], "texture": "#2"},
				"south": {"uv": [8, 4.5, 8.5, 6], "texture": "#2"},
				"west": {"uv": [8, 4.5, 8.5, 6], "texture": "#2"},
				"up": {"uv": [8, 4.5, 8.5, 5], "texture": "#2"},
				"down": {"uv": [8, 5.5, 8.5, 6], "texture": "#2"}
			}
		},
		{
			"from": [6, 3, 5.8],
			"to": [10, 24, 5.8],
			"faces": {
				"north": {"uv": [13.5, 4, 15.5, 14.5], "texture": "#2"},
				"east": {"uv": [7.1, 4, 7.1, 14.5], "texture": "#2"},
				"south": {"uv": [15.5, 4, 13.5, 14.5], "texture": "#2"},
				"west": {"uv": [11.9, 4, 11.9, 14.5], "texture": "#2"},
				"up": {"uv": [12.5, 0.15, 14.5, 0.15], "texture": "#2"},
				"down": {"uv": [12.5, 1.6, 14.5, 1.6], "texture": "#2"}
			}
		},
		{
			"from": [5, 20, 5.5],
			"to": [6, 23, 6.5],
			"faces": {
				"north": {"uv": [10.5, 4.5, 11, 6], "texture": "#2"},
				"east": {"uv": [10.5, 4.5, 11, 6], "texture": "#2"},
				"south": {"uv": [10.5, 4.5, 11, 6], "texture": "#2"},
				"west": {"uv": [10.5, 4.5, 11, 6], "texture": "#2"},
				"up": {"uv": [10.5, 4.5, 11, 5], "texture": "#2"},
				"down": {"uv": [10.5, 5.5, 11, 6], "texture": "#2"}
			}
		},
		{
			"from": [7, 4, 5.5],
			"to": [9, 5, 6.5],
			"faces": {
				"north": {"uv": [9, 13.5, 10, 14], "texture": "#2"},
				"east": {"uv": [9, 13.5, 10, 14], "texture": "#2"},
				"south": {"uv": [9, 13.5, 10, 14], "texture": "#2"},
				"west": {"uv": [9, 13.5, 10, 14], "texture": "#2"},
				"up": {"uv": [9, 13.5, 10, 14], "texture": "#2"},
				"down": {"uv": [9, 13.5, 10, 14], "texture": "#2"}
			}
		},
		{
			"from": [4, 9, 6],
			"to": [12, 13, 9],
			"faces": {
				"north": {"uv": [7.5, 9.5, 11.5, 11.5], "texture": "#2"},
				"east": {"uv": [5.5, 9.5, 7, 11.5], "texture": "#2"},
				"south": {"uv": [1, 9.5, 5, 11.5], "texture": "#2"},
				"west": {"uv": [12, 9.5, 13.5, 11.5], "texture": "#2"},
				"up": {"uv": [11.5, 0, 15.5, 1.5], "texture": "#2"},
				"down": {"uv": [11.5, 0, 15.5, 1.5], "texture": "#2"}
			}
		},
		{
			"from": [4, 0, 6],
			"to": [12, 1, 9],
			"faces": {
				"north": {"uv": [7.5, 15.5, 11.5, 16], "texture": "#2"},
				"east": {"uv": [5.5, 15.5, 7, 16], "texture": "#2"},
				"south": {"uv": [1, 15.5, 5, 16], "texture": "#2"},
				"west": {"uv": [12, 15.5, 13.5, 16], "texture": "#2"},
				"up": {"uv": [11.5, 0, 15.5, 1.5], "texture": "#2"},
				"down": {"uv": [11.5, 0, 15.5, 1.5], "texture": "#2"}
			}
		},
		{
			"from": [5, 8, 6],
			"to": [11, 9, 9],
			"faces": {
				"north": {"uv": [8, 11.5, 11, 12], "texture": "#2"},
				"east": {"uv": [5.5, 11.5, 7, 12], "texture": "#2"},
				"south": {"uv": [1.5, 11.5, 4.5, 12], "texture": "#2"},
				"west": {"uv": [12, 11.5, 13.5, 12], "texture": "#2"},
				"up": {"uv": [12, 0, 15, 1.5], "texture": "#2"},
				"down": {"uv": [12, 0, 15, 1.5], "texture": "#2"}
			}
		},
		{
			"from": [9, 14, 6],
			"to": [11, 15, 9],
			"faces": {
				"north": {"uv": [8, 8.5, 9, 9], "texture": "#2"},
				"east": {"uv": [5.5, 8.5, 7, 9], "texture": "#2"},
				"south": {"uv": [3.5, 8.5, 4.5, 9], "texture": "#2"},
				"west": {"uv": [12, 8.5, 13.5, 9], "texture": "#2"},
				"up": {"uv": [14, 0, 15, 1.5], "texture": "#2"},
				"down": {"uv": [14, 0, 15, 1.5], "texture": "#2"}
			}
		},
		{
			"from": [9, 13, 6],
			"to": [12, 14, 9],
			"faces": {
				"north": {"uv": [7.5, 9, 9, 9.5], "texture": "#2"},
				"east": {"uv": [5.5, 9, 7, 9.5], "texture": "#2"},
				"south": {"uv": [3.5, 9, 5, 9.5], "texture": "#2"},
				"west": {"uv": [12, 9, 13.5, 9.5], "texture": "#2"},
				"up": {"uv": [14, 0, 15.5, 1.5], "texture": "#2"},
				"down": {"uv": [14, 0, 15.5, 1.5], "texture": "#2"}
			}
		},
		{
			"from": [5, 14, 6],
			"to": [7, 15, 9],
			"faces": {
				"north": {"uv": [10, 8.5, 11, 9], "texture": "#2"},
				"east": {"uv": [5.5, 8.5, 7, 9], "texture": "#2"},
				"south": {"uv": [1.5, 8.5, 2.5, 9], "texture": "#2"},
				"west": {"uv": [12, 8.5, 13.5, 9], "texture": "#2"},
				"up": {"uv": [12, 0, 13, 1.5], "texture": "#2"},
				"down": {"uv": [12, 0, 13, 1.5], "texture": "#2"}
			}
		},
		{
			"from": [4, 13, 6],
			"to": [7, 14, 9],
			"faces": {
				"north": {"uv": [10, 9, 11.5, 9.5], "texture": "#2"},
				"east": {"uv": [5.5, 9, 7, 9.5], "texture": "#2"},
				"south": {"uv": [1, 9, 2.5, 9.5], "texture": "#2"},
				"west": {"uv": [12, 9, 13.5, 9.5], "texture": "#2"},
				"up": {"uv": [11.5, 0, 13, 1.5], "texture": "#2"},
				"down": {"uv": [11.5, 0, 13, 1.5], "texture": "#2"}
			}
		},
		{
			"from": [7, 13, 6],
			"to": [9, 23, 7],
			"faces": {
				"north": {"uv": [9, 4.5, 10, 9.5], "texture": "#2"},
				"east": {"uv": [6.5, 4.5, 7, 9.5], "texture": "#2"},
				"south": {"uv": [2.5, 4.5, 3.5, 9.5], "texture": "#2"},
				"west": {"uv": [12, 4.5, 12.5, 9.5], "texture": "#2"},
				"up": {"uv": [13, 0, 14, 0.5], "texture": "#2"},
				"down": {"uv": [13, 1, 14, 1.5], "texture": "#2"}
			}
		},
		{
			"from": [7, 13, 7],
			"to": [9, 15, 9],
			"faces": {
				"east": {"uv": [5.5, 8.5, 6.5, 9.5], "texture": "#2"},
				"south": {"uv": [2.5, 8.5, 3.5, 9.5], "texture": "#2"},
				"west": {"uv": [12.5, 8.5, 13.5, 9.5], "texture": "#2"},
				"up": {"uv": [13, 0, 14, 1], "texture": "#2"},
				"down": {"uv": [13, 0, 14, 1], "texture": "#2"}
			}
		},
		{
			"from": [7, 23, 6],
			"to": [9, 25, 7],
			"faces": {
				"north": {"uv": [9, 3.5, 10, 4.5], "texture": "#2"},
				"east": {"uv": [6.5, 3.5, 7, 4.5], "texture": "#2"},
				"south": {"uv": [2.5, 3.5, 3.5, 4.5], "texture": "#2"},
				"west": {"uv": [12, 3.5, 12.5, 4.5], "texture": "#2"},
				"up": {"uv": [13, 0, 14, 0.5], "texture": "#2"},
				"down": {"uv": [13, 1, 14, 1.5], "texture": "#2"}
			}
		},
		{
			"from": [9, 19, 6],
			"to": [10, 20, 7],
			"faces": {
				"north": {"uv": [8.5, 6, 9, 6.5], "texture": "#2"},
				"east": {"uv": [6.5, 6, 7, 6.5], "texture": "#2"},
				"south": {"uv": [3.5, 6, 4, 6.5], "texture": "#2"},
				"west": {"uv": [12, 6, 12.5, 6.5], "texture": "#2"},
				"up": {"uv": [14, 0, 14.5, 0.5], "texture": "#2"},
				"down": {"uv": [14, 1, 14.5, 1.5], "texture": "#2"}
			}
		},
		{
			"from": [6, 19, 6],
			"to": [7, 20, 7],
			"faces": {
				"north": {"uv": [10, 6, 10.5, 6.5], "texture": "#2"},
				"east": {"uv": [6.5, 6, 7, 6.5], "texture": "#2"},
				"south": {"uv": [2, 6, 2.5, 6.5], "texture": "#2"},
				"west": {"uv": [12, 6, 12.5, 6.5], "texture": "#2"},
				"up": {"uv": [12.5, 0, 13, 0.5], "texture": "#2"},
				"down": {"uv": [12.5, 1, 13, 1.5], "texture": "#2"}
			}
		},
		{
			"from": [9, 20, 6],
			"to": [10, 24, 7],
			"faces": {
				"north": {"uv": [8.5, 4, 9, 6], "texture": "#2"},
				"east": {"uv": [6.5, 4, 7, 6], "texture": "#2"},
				"south": {"uv": [3.5, 4, 4, 6], "texture": "#2"},
				"west": {"uv": [12, 4, 12.5, 6], "texture": "#2"},
				"up": {"uv": [14, 0, 14.5, 0.5], "texture": "#2"},
				"down": {"uv": [14, 1, 14.5, 1.5], "texture": "#2"}
			}
		},
		{
			"from": [6, 20, 6],
			"to": [7, 24, 7],
			"faces": {
				"north": {"uv": [10, 4, 10.5, 6], "texture": "#2"},
				"east": {"uv": [6.5, 4, 7, 6], "texture": "#2"},
				"south": {"uv": [2, 4, 2.5, 6], "texture": "#2"},
				"west": {"uv": [12, 4, 12.5, 6], "texture": "#2"},
				"up": {"uv": [12.5, 0, 13, 0.5], "texture": "#2"},
				"down": {"uv": [12.5, 1, 13, 1.5], "texture": "#2"}
			}
		},
		{
			"from": [3, 1, 6],
			"to": [13, 8, 9],
			"faces": {
				"north": {"uv": [7, 12, 12, 15.5], "texture": "#2"},
				"east": {"uv": [5.5, 12, 7, 15.5], "texture": "#2"},
				"south": {"uv": [0.5, 12, 5.5, 15.5], "texture": "#2"},
				"west": {"uv": [12, 12, 13.5, 15.5], "texture": "#2"},
				"up": {"uv": [11, 0, 16, 1.5], "texture": "#2"},
				"down": {"uv": [11, 0, 16, 1.5], "texture": "#2"}
			}
		}
	],
	"display": {
		"thirdperson_righthand": {
			"rotation": [67.5, 0, 67.5],
			"translation": [-2.75, -1.25, -1.25]
		},
		"thirdperson_lefthand": {
			"rotation": [67.5, 0, 67.5],
			"translation": [-2.75, -1.25, -1.25]
		},
		"firstperson_righthand": {
			"rotation": [-144, -180, -110],
			"translation": [-2, 0, 1.75]
		},
		"firstperson_lefthand": {
			"rotation": [-144, -180, -110],
			"translation": [-2, 0, 1.75]
		},
		"ground": {
			"rotation": [90, 0, 0],
			"translation": [0, 2, 0],
			"scale": [0.8, 0.8, 0.8]
		},
		"gui": {
			"rotation": [-22.5, 150, 45],
			"translation": [-1.25, -2, -0.5],
			"scale": [0.65, 0.65, 0.65]
		},
		"fixed": {
			"translation": [0, -7.75, -2],
			"scale": [2, 2, 2]
		}
	},
	"groups": [
		{
			"name": "group",
			"origin": [0, 0, 0],
			"color": 0,
			"children": [0, 1, 2, 3]
		},
		{
			"name": "group",
			"origin": [0, 0, 0],
			"color": 0,
			"children": [4, 5, 6, 7, 8, 9, 10, 11, 12, 13, 14, 15, 16, 17, 18]
		}
	]
}