{
	"credit": "Made by Sawors",
	"texture_size": [32, 32],
	"textures": {
		"0": "item/oak_banjo",
		"particle": "block/gold_block"
	},
	"elements": [
		{
			"from": [9.5, 27.5, 6.5],
			"to": [10.5, 28.5, 7.5],
			"faces": {
				"north": {"uv": [0, 0, 0.5, 0.5], "texture": "#0"},
				"east": {"uv": [0, 0, 0.5, 0.5], "texture": "#0"},
				"south": {"uv": [0, 0, 0.5, 0.5], "texture": "#0"},
				"west": {"uv": [0, 0, 0.5, 0.5], "texture": "#0"},
				"up": {"uv": [0, 0, 0.5, 0.5], "texture": "#0"},
				"down": {"uv": [0, 0, 0.5, 0.5], "texture": "#0"}
			}
		},
		{
			"from": [9.5, 29.5, 6.5],
			"to": [10.5, 30.5, 7.5],
			"faces": {
				"north": {"uv": [0, 0, 0.5, 0.5], "texture": "#0"},
				"east": {"uv": [0, 0, 0.5, 0.5], "texture": "#0"},
				"south": {"uv": [0, 0, 0.5, 0.5], "texture": "#0"},
				"west": {"uv": [0, 0, 0.5, 0.5], "texture": "#0"},
				"up": {"uv": [0, 0, 0.5, 0.5], "texture": "#0"},
				"down": {"uv": [0, 0, 0.5, 0.5], "texture": "#0"}
			}
		},
		{
			"from": [5.5, 29.5, 6.5],
			"to": [6.5, 30.5, 7.5],
			"faces": {
				"north": {"uv": [0, 0, 0.5, 0.5], "texture": "#0"},
				"east": {"uv": [0, 0, 0.5, 0.5], "texture": "#0"},
				"south": {"uv": [0, 0, 0.5, 0.5], "texture": "#0"},
				"west": {"uv": [0, 0, 0.5, 0.5], "texture": "#0"},
				"up": {"uv": [0, 0, 0.5, 0.5], "texture": "#0"},
				"down": {"uv": [0, 0, 0.5, 0.5], "texture": "#0"}
			}
		},
		{
			"from": [5.5, 27.5, 6.5],
			"to": [6.5, 28.5, 7.5],
			"faces": {
				"north": {"uv": [0, 0, 0.5, 0.5], "texture": "#0"},
				"east": {"uv": [0, 0, 0.5, 0.5], "texture": "#0"},
				"south": {"uv": [0, 0, 0.5, 0.5], "texture": "#0"},
				"west": {"uv": [0, 0, 0.5, 0.5], "texture": "#0"},
				"up": {"uv": [0, 0, 0.5, 0.5], "texture": "#0"},
				"down": {"uv": [0, 0, 0.5, 0.5], "texture": "#0"}
			}
		},
		{
			"from": [7, 12, 8],
			"to": [9, 15, 9],
			"faces": {
				"east": {"uv": [0, 5.5, 0.5, 7], "texture": "#0"},
				"south": {"uv": [0.5, 5.5, 1.5, 7], "texture": "#0"},
				"west": {"uv": [0, 5.5, 0.5, 7], "texture": "#0"},
				"up": {"uv": [0.5, 5, 1.5, 5.5], "texture": "#0"}
			}
		},
		{
			"from": [6, 4, 6.5],
			"to": [10, 5, 7],
			"faces": {
				"north": {"uv": [16, 0, 14, 0.5], "texture": "#0"},
				"east": {"uv": [15.5, 0, 16, 0.5], "texture": "#0"},
				"south": {"uv": [14, 0, 16, 0.5], "texture": "#0"},
				"west": {"uv": [14, 0, 14.5, 0.5], "texture": "#0"},
				"up": {"uv": [14, 0, 16, 0.5], "texture": "#0"},
				"down": {"uv": [14, 0, 16, 0.5], "texture": "#0"}
			}
		},
		{
			"from": [8.8, 2, 6.6],
			"to": [8.9, 28.8, 6.7],
			"faces": {
				"north": {"uv": [14.5, 1.5, 14.6, 15], "texture": "#0"},
				"east": {"uv": [14.5, 1.5, 14.6, 15], "texture": "#0"},
				"south": {"uv": [14.5, 1.5, 14.6, 15], "texture": "#0"},
				"west": {"uv": [14.5, 1.5, 14.6, 15], "texture": "#0"},
				"up": {"uv": [0, 0, 0.1, 0.1], "texture": "#0"},
				"down": {"uv": [0, 0, 0.1, 0.1], "texture": "#0"}
			}
		},
		{
			"from": [8.8, 27.8, 6.6],
			"to": [9.5, 28, 6.8],
			"faces": {
				"north": {"uv": [14.5, 2, 14.75, 2.1], "texture": "#0"},
				"east": {"uv": [14.5, 2, 14.6, 2.1], "texture": "#0"},
				"south": {"uv": [14.5, 2, 14.75, 2.1], "texture": "#0"},
				"west": {"uv": [14.5, 2, 14.6, 2.1], "texture": "#0"},
				"up": {"uv": [14.5, 3, 14.75, 3.1], "texture": "#0"},
				"down": {"uv": [14.5, 3, 14.75, 3.1], "texture": "#0"}
			}
		},
		{
			"from": [6.5, 27.8, 6.6],
			"to": [7.1, 28, 6.8],
			"faces": {
				"north": {"uv": [14.5, 2, 14.75, 2.1], "texture": "#0"},
				"east": {"uv": [14.5, 2, 14.6, 2.1], "texture": "#0"},
				"south": {"uv": [14.5, 2, 14.75, 2.1], "texture": "#0"},
				"west": {"uv": [14.5, 2, 14.6, 2.1], "texture": "#0"},
				"up": {"uv": [14.5, 3, 14.75, 3.1], "texture": "#0"},
				"down": {"uv": [14.5, 3, 14.75, 3.1], "texture": "#0"}
			}
		},
		{
			"from": [6.5, 29.8, 6.6],
			"to": [7.7, 30, 6.8],
			"faces": {
				"north": {"uv": [14.5, 2.5, 15, 2.6], "texture": "#0"},
				"east": {"uv": [14.5, 2.5, 15, 2.6], "texture": "#0"},
				"south": {"uv": [14.5, 2.5, 15, 2.6], "texture": "#0"},
				"west": {"uv": [14.5, 2.5, 15, 2.6], "texture": "#0"},
				"up": {"uv": [14.5, 2.5, 15, 2.6], "texture": "#0"},
				"down": {"uv": [14.5, 2.5, 15, 2.6], "texture": "#0"}
			}
		},
		{
			"from": [8.2, 29.8, 6.6],
			"to": [9.5, 30, 6.8],
			"faces": {
				"north": {"uv": [14.5, 2.5, 15, 2.6], "texture": "#0"},
				"east": {"uv": [14.5, 2.5, 15, 2.6], "texture": "#0"},
				"south": {"uv": [14.5, 2.5, 15, 2.6], "texture": "#0"},
				"west": {"uv": [14.5, 2.5, 15, 2.6], "texture": "#0"},
				"up": {"uv": [14.5, 2.5, 15, 2.6], "texture": "#0"},
				"down": {"uv": [14.5, 2.5, 15, 2.6], "texture": "#0"}
			}
		},
		{
			"from": [8.2, 2, 6.6],
			"to": [8.3, 30.8, 6.7],
			"faces": {
				"north": {"uv": [14.5, 1.5, 14.6, 16], "texture": "#0"},
				"east": {"uv": [14.5, 1.5, 14.6, 16], "texture": "#0"},
				"south": {"uv": [14.5, 1.5, 14.6, 16], "texture": "#0"},
				"west": {"uv": [14.5, 1.5, 14.6, 16], "texture": "#0"},
				"up": {"uv": [0, 0, 0, 0], "texture": "#0"},
				"down": {"uv": [0, 0, 0, 0], "texture": "#0"}
			}
		},
		{
			"from": [7.6, 2, 6.6],
			"to": [7.7, 30.8, 6.7],
			"faces": {
				"north": {"uv": [14.5, 1.5, 14.6, 16], "texture": "#0"},
				"east": {"uv": [14.5, 1.5, 14.6, 16], "texture": "#0"},
				"south": {"uv": [14.5, 1.5, 14.6, 16], "texture": "#0"},
				"west": {"uv": [14.5, 1.5, 14.6, 16], "texture": "#0"},
				"up": {"uv": [0, 0, 0, 0], "texture": "#0"},
				"down": {"uv": [0, 0, 0, 0], "texture": "#0"}
			}
		},
		{
			"from": [7, 2, 6.6],
			"to": [7.1, 28.8, 6.7],
			"faces": {
				"north": {"uv": [14.5, 1.5, 14.6, 15], "texture": "#0"},
				"east": {"uv": [14.5, 1.5, 14.6, 15], "texture": "#0"},
				"south": {"uv": [14.5, 1.5, 14.6, 15], "texture": "#0"},
				"west": {"uv": [14.5, 1.5, 14.6, 15], "texture": "#0"},
				"up": {"uv": [0, 0, 0.1, 0.1], "texture": "#0"},
				"down": {"uv": [0, 0, 0.1, 0.1], "texture": "#0"}
			}
		},
		{
			"from": [7, 0.1, 6.5],
			"to": [9, 2.1, 7.5],
			"faces": {
				"north": {"uv": [10.5, 3.5, 11.5, 4.5], "rotation": 270, "texture": "#0"},
				"east": {"uv": [10, 3.5, 10.5, 4.5], "texture": "#0"},
				"west": {"uv": [10, 3.5, 10.5, 4.5], "texture": "#0"},
				"up": {"uv": [10.5, 3, 11.5, 3.5], "texture": "#0"},
				"down": {"uv": [10.5, 4.5, 11.5, 5], "texture": "#0"}
			}
		},
		{
			"from": [7, 12, 7],
			"to": [9, 27, 8],
			"faces": {
				"north": {"uv": [2.5, 2.5, 3.5, 10], "texture": "#0"},
				"east": {"uv": [12, 2.5, 12.5, 10], "texture": "#0"},
				"south": {"uv": [8.5, 2.5, 9.5, 10], "texture": "#0"},
				"west": {"uv": [12.5, 2.5, 12, 10], "texture": "#0"},
				"up": {"uv": [7, 0.5, 7.5, 1.5], "rotation": 90, "texture": "#0"},
				"down": {"uv": [7, 6.5, 7.5, 7.5], "rotation": 90, "texture": "#0"}
			}
		},
		{
			"from": [7, 31, 7],
			"to": [9, 32, 8],
			"faces": {
				"north": {"uv": [2.5, 0, 3.5, 0.5], "texture": "#0"},
				"east": {"uv": [13.5, 0, 14, 0.5], "texture": "#0"},
				"south": {"uv": [8.5, 0, 9.5, 0.5], "texture": "#0"},
				"west": {"uv": [12.5, 0, 12, 0.5], "texture": "#0"},
				"up": {"uv": [7, 0.5, 7.5, 1.5], "rotation": 90, "texture": "#0"},
				"down": {"uv": [7, 6.5, 7.5, 7.5], "rotation": 90, "texture": "#0"}
			}
		},
		{
			"from": [6, 27, 7],
			"to": [10, 31, 8],
			"faces": {
				"north": {"uv": [2, 0.5, 4, 2.5], "texture": "#0"},
				"east": {"uv": [13.5, 0.5, 14, 2.5], "texture": "#0"},
				"south": {"uv": [8, 0.5, 10, 2.5], "texture": "#0"},
				"west": {"uv": [12.5, 0.5, 12, 2.5], "texture": "#0"},
				"up": {"uv": [6, 2.5, 6.5, 4.5], "rotation": 90, "texture": "#0"},
				"down": {"uv": [5.5, 2.5, 6, 4.5], "rotation": 90, "texture": "#0"}
			}
		},
		{
			"from": [5, 0, 7],
			"to": [11, 1, 10],
			"faces": {
				"north": {"uv": [1.5, 15.5, 4.5, 16], "texture": "#0"},
				"east": {"uv": [13.5, 15.5, 12, 16], "texture": "#0"},
				"south": {"uv": [7.5, 15.5, 10.5, 16], "texture": "#0"},
				"west": {"uv": [12, 15.5, 13.5, 16], "texture": "#0"},
				"down": {"uv": [6, 4, 7.5, 7], "rotation": 90, "texture": "#0"}
			}
		},
		{
			"from": [3, 1, 7],
			"to": [13, 11, 10],
			"faces": {
				"north": {"uv": [0.5, 10.5, 5.5, 15.5], "texture": "#0"},
				"east": {"uv": [13.5, 10.5, 12, 15.5], "texture": "#0"},
				"south": {"uv": [6.5, 10.5, 11.5, 15.5], "texture": "#0"},
				"west": {"uv": [12, 10.5, 13.5, 15.5], "texture": "#0"},
				"up": {"uv": [4.5, 3, 6, 8], "rotation": 90, "texture": "#0"},
				"down": {"uv": [6, 3, 7.5, 8], "rotation": 90, "texture": "#0"}
			}
		},
		{
			"from": [13, 3, 7],
			"to": [14, 9, 10],
			"faces": {
				"north": {"uv": [0, 11.5, 0.5, 14.5], "texture": "#0"},
				"east": {"uv": [13.5, 11.5, 12, 14.5], "texture": "#0"},
				"south": {"uv": [11.5, 11.5, 12, 14.5], "texture": "#0"},
				"west": {"uv": [13.5, 11.5, 12, 14.5], "texture": "#0"},
				"up": {"uv": [4.5, 8, 6, 8.5], "rotation": 90, "texture": "#0"},
				"down": {"uv": [6, 8, 7.5, 8.5], "rotation": 90, "texture": "#0"}
			}
		},
		{
			"from": [2, 3, 7],
			"to": [3, 9, 10],
			"faces": {
				"north": {"uv": [5.5, 11.5, 6, 14.5], "texture": "#0"},
				"east": {"uv": [12, 11.5, 13.5, 14.5], "texture": "#0"},
				"south": {"uv": [6, 11.5, 6.5, 14.5], "texture": "#0"},
				"west": {"uv": [12, 11.5, 13.5, 14.5], "texture": "#0"},
				"up": {"uv": [4.5, 2.5, 6, 3], "rotation": 90, "texture": "#0"},
				"down": {"uv": [6, 2.5, 7.5, 3], "rotation": 90, "texture": "#0"}
			}
		},
		{
			"from": [5, 11, 7],
			"to": [11, 12, 10],
			"faces": {
				"north": {"uv": [1.5, 10, 4.5, 10.5], "texture": "#0"},
				"east": {"uv": [13.5, 10, 12, 10.5], "texture": "#0"},
				"south": {"uv": [7.5, 10, 10.5, 10.5], "texture": "#0"},
				"west": {"uv": [12, 10, 13.5, 10.5], "texture": "#0"},
				"up": {"uv": [4.5, 4, 6, 7], "rotation": 90, "texture": "#0"}
			}
		}
	],
	"display": {
		"thirdperson_righthand": {
			"rotation": [67.5, 0, 67.5],
			"translation": [-1.25, -1.25, -1.25],
			"scale": [0.8, 0.8, 0.8]
		},
		"thirdperson_lefthand": {
			"rotation": [67.5, 0, 67.5],
			"translation": [-1.25, -1.25, -1.25],
			"scale": [0.8, 0.8, 0.8]
		},
		"firstperson_righthand": {
			"rotation": [-144, -180, -110],
			"translation": [-3, 0, 1.75],
			"scale": [0.8, 0.8, 0.8]
		},
		"firstperson_lefthand": {
			"rotation": [-144, -180, -110],
			"translation": [-3, 0, 1.75],
			"scale": [0.8, 0.8, 0.8]
		},
		"ground": {
			"rotation": [90, 0, 0],
			"translation": [0, 2, 0],
			"scale": [0.8, 0.8, 0.8]
		},
		"gui": {
			"rotation": [-22.5, 150, 45],
			"translation": [-2, -2.75, -0.5],
			"scale": [0.5, 0.5, 0.5]
		},
		"fixed": {
			"translation": [0, -7.75, -2],
			"scale": [2, 2, 2]
		}
	},
	"groups": [
		{
			"name": "group",
			"origin": [0, 0, 0],
			"color": 0,
			"children": [
				{
					"name": "group",
					"origin": [0, 0, 0],
					"color": 0,
					"children": [0, 1, 2, 3, 4]
				},
				{
					"name": "group",
					"origin": [0, 0, 0],
					"color": 0,
					"children": [5, 6, 7, 8, 9, 10, 11, 12, 13, 14]
				},
				{
					"name": "group",
					"origin": [0, 0, 0],
					"color": 0,
					"children": [
						{
							"name": "group",
							"origin": [0, 0, 0],
							"color": 0,
							"children": [15, 16, 17]
						},
						{
							"name": "group",
							"origin": [0, 0, 0],
							"color": 0,
							"children": [18, 19, 20, 21, 22]
						}
					]
				}
			]
		}
	]
}