{
	"credit": "Made by Sawors",
	"textures": {
		"0": "item/oak_panflute"
	},
	"elements": [
		{
			"from": [2, 16, 8],
			"to": [3, 21, 9],
			"rotation": {"angle": 0, "axis": "y", "origin": [8, 8, 8.5]},
			"faces": {
				"north": {"uv": [7, 2, 8, 7], "texture": "#0"},
				"east": {"uv": [0, 2, 1, 7], "texture": "#0"},
				"south": {"uv": [9, 2, 8, 7], "texture": "#0"},
				"west": {"uv": [8, 2, 9, 7], "texture": "#0"},
				"up": {"uv": [0, 0, 1, 1], "texture": "#0"},
				"down": {"uv": [8, 0, 9, 1], "texture": "#0"}
			}
		},
		{
			"from": [9, 7, 8],
			"to": [10, 21, 9],
			"rotation": {"angle": 0, "axis": "y", "origin": [8, 8, 8.5]},
			"faces": {
				"north": {"uv": [0, 2, 1, 16], "texture": "#0"},
				"east": {"uv": [0, 2, 1, 16], "texture": "#0"},
				"south": {"uv": [16, 2, 15, 16], "texture": "#0"},
				"west": {"uv": [8, 2, 9, 16], "texture": "#0"},
				"up": {"uv": [7, 0, 8, 1], "texture": "#0"},
				"down": {"uv": [15, 0, 16, 1], "texture": "#0"}
			}
		},
		{
			"from": [8, 9, 8],
			"to": [9, 21, 9],
			"rotation": {"angle": 0, "axis": "y", "origin": [8, 8, 8.5]},
			"faces": {
				"north": {"uv": [1, 2, 2, 14], "texture": "#0"},
				"east": {"uv": [0, 2, 1, 14], "texture": "#0"},
				"south": {"uv": [15, 2, 14, 14], "texture": "#0"},
				"west": {"uv": [8, 2, 9, 14], "texture": "#0"},
				"up": {"uv": [6, 0, 7, 1], "texture": "#0"},
				"down": {"uv": [14, 0, 15, 1], "texture": "#0"}
			}
		},
		{
			"from": [7, 11, 8],
			"to": [8, 21, 9],
			"rotation": {"angle": 0, "axis": "y", "origin": [8, 8, 8.5]},
			"faces": {
				"north": {"uv": [2, 2, 3, 12], "texture": "#0"},
				"east": {"uv": [0, 2, 1, 12], "texture": "#0"},
				"south": {"uv": [14, 2, 13, 12], "texture": "#0"},
				"west": {"uv": [8, 2, 9, 12], "texture": "#0"},
				"up": {"uv": [5, 0, 6, 1], "texture": "#0"},
				"down": {"uv": [13, 0, 14, 1], "texture": "#0"}
			}
		},
		{
			"from": [6, 12, 8],
			"to": [7, 21, 9],
			"rotation": {"angle": 0, "axis": "y", "origin": [8, 8, 8.5]},
			"faces": {
				"north": {"uv": [3, 2, 4, 11], "texture": "#0"},
				"east": {"uv": [0, 2, 1, 11], "texture": "#0"},
				"south": {"uv": [13, 2, 12, 11], "texture": "#0"},
				"west": {"uv": [8, 2, 9, 11], "texture": "#0"},
				"up": {"uv": [4, 0, 5, 1], "texture": "#0"},
				"down": {"uv": [12, 0, 13, 1], "texture": "#0"}
			}
		},
		{
			"from": [5, 13, 8],
			"to": [6, 21, 9],
			"rotation": {"angle": 0, "axis": "y", "origin": [8, 8, 8.5]},
			"faces": {
				"north": {"uv": [4, 2, 5, 10], "texture": "#0"},
				"east": {"uv": [0, 2, 1, 10], "texture": "#0"},
				"south": {"uv": [12, 2, 11, 10], "texture": "#0"},
				"west": {"uv": [8, 2, 9, 10], "texture": "#0"},
				"up": {"uv": [3, 0, 4, 1], "texture": "#0"},
				"down": {"uv": [11, 0, 12, 1], "texture": "#0"}
			}
		},
		{
			"from": [4, 14, 8],
			"to": [5, 21, 9],
			"rotation": {"angle": 0, "axis": "y", "origin": [8, 8, 8.5]},
			"faces": {
				"north": {"uv": [5, 2, 6, 9], "texture": "#0"},
				"east": {"uv": [0, 2, 1, 9], "texture": "#0"},
				"south": {"uv": [11, 2, 10, 9], "texture": "#0"},
				"west": {"uv": [8, 2, 9, 9], "texture": "#0"},
				"up": {"uv": [2, 0, 3, 1], "texture": "#0"},
				"down": {"uv": [10, 0, 11, 1], "texture": "#0"}
			}
		},
		{
			"from": [3, 15, 8],
			"to": [4, 21, 9],
			"rotation": {"angle": 0, "axis": "y", "origin": [8, 8, 8.5]},
			"faces": {
				"north": {"uv": [6, 2, 7, 8], "texture": "#0"},
				"east": {"uv": [0, 2, 1, 8], "texture": "#0"},
				"south": {"uv": [10, 2, 9, 8], "texture": "#0"},
				"west": {"uv": [8, 2, 9, 8], "texture": "#0"},
				"up": {"uv": [1, 0, 2, 1], "texture": "#0"},
				"down": {"uv": [9, 0, 10, 1], "texture": "#0"}
			}
		}
	],
	"gui_light": "front",
	"display": {
		"thirdperson_righthand": {
			"rotation": [22.5, -22.5, 0],
			"translation": [-0.75, -5, -2.75],
			"scale": [0.75, 0.75, 0.75]
		},
		"thirdperson_lefthand": {
			"rotation": [22.5, -22.5, 0],
			"translation": [-2.25, -4.75, -3.5],
			"scale": [0.75, 0.75, 0.75]
		},
		"firstperson_righthand": {
			"rotation": [41, -14, 0],
			"translation": [-5.25, -1, 0.75],
			"scale": [0.75, 0.75, 0.75]
		},
		"firstperson_lefthand": {
			"rotation": [41, -14, 0],
			"translation": [-7.25, -1, 0.75],
			"scale": [0.75, 0.75, 0.75]
		},
		"ground": {
			"scale": [0.75, 0.75, 0.75]
		},
		"gui": {
			"rotation": [22.5, -22.5, 0],
			"translation": [1.25, -4.25, 0],
			"scale": [0.75, 0.75, 0.75]
		},
		"fixed": {
			"translation": [3.5, -12, -1.75],
			"scale": [1.75, 1.75, 1.75]
		}
	},
	"groups": [
		{
			"name": "group",
			"origin": [0, 0, 0],
			"color": 0,
			"children": [0, 1, 2, 3, 4, 5, 6, 7]
		}
	]
}