{
  "variants": {
    "age=0": [
      {
        "model": "block/beetroots_stage0"
      },
      {
        "model": "block/beetroots_stage0",
        "y": 90
      }
    ],
    "age=1": [
      {
        "model": "block/beetroots_stage1"
      },
      {
        "model": "block/beetroots_stage1",
        "y": 90
      }
    ],
    "age=2": [
      {
        "model": "block/beetroots_stage2"
      },
      {
        "model": "block/beetroots_stage2",
        "y": 90
      }
    ],
    "age=3": [
      {
        "model": "block/beetroots_stage3"
      },
      {
        "model": "block/beetroots_stage3",
        "y": 90
      }
    ]
  }
}
