{
	"credit": "Made by Sawors",
	"textures": {
		"0": "item/potion_bottle",
		"2": "block/oak_planks",
		"particle": "item/potion_bottle",
		"layer0": "item/layer0"
	},
	"elements": [
		{
			"name": "Cap",
			"from": [7, 7, 5],
			"to": [9, 9, 7],
			"rotation": {"angle": 0, "axis": "y", "origin": [8, 0, 8]},
			"faces": {
				"north": {"uv": [6, 4, 8, 6], "texture": "#2", "cullface": "north"},
				"east": {"uv": [1, 5, 3, 7], "texture": "#2", "cullface": "east"},
				"south": {"uv": [14, 1, 16, 3], "texture": "#2", "cullface": "south"},
				"west": {"uv": [4, 1, 6, 3], "texture": "#2", "cullface": "west"},
				"up": {"uv": [14, 0, 16, 2], "texture": "#2", "cullface": "up"},
				"down": {"uv": [14, 1, 16, 3], "texture": "#2", "cullface": "down"}
			}
		},
		{
			"name": "Down",
			"from": [6, 0, 6],
			"to": [10, 1, 10],
			"rotation": {"angle": 0, "axis": "y", "origin": [8, -14.5, 8]},
			"faces": {
				"north": {"uv": [7.5, 0.5, 8.5, 4.5], "rotation": 270, "texture": "#0"},
				"east": {"uv": [7.5, 0.5, 8.5, 4.5], "rotation": 270, "texture": "#0"},
				"south": {"uv": [7.5, 0.5, 8.5, 4.5], "rotation": 270, "texture": "#0"},
				"west": {"uv": [7.5, 0.5, 8.5, 4.5], "rotation": 270, "texture": "#0"},
				"down": {"uv": [0.5, 9, 4.5, 13], "texture": "#0"}
			}
		},
		{
			"name": "N",
			"from": [6, 1, 5],
			"to": [10, 5, 6],
			"rotation": {"angle": 0, "axis": "y", "origin": [8, -6, 8]},
			"faces": {
				"north": {"uv": [0.5, 9, 4.5, 13], "texture": "#0"},
				"east": {"uv": [7.5, 0.5, 8.5, 4.5], "rotation": 180, "texture": "#0"},
				"west": {"uv": [7.5, 0.5, 8.5, 4.5], "texture": "#0"},
				"up": {"uv": [7.5, 0.5, 8.5, 4.5], "rotation": 90, "texture": "#0"},
				"down": {"uv": [7.5, 0.5, 8.5, 4.5], "rotation": 270, "texture": "#0"}
			}
		},
		{
			"name": "S",
			"from": [6, 1, 10],
			"to": [10, 5, 11],
			"rotation": {"angle": 0, "axis": "y", "origin": [8, -6, 8]},
			"faces": {
				"north": {"uv": [0, 0, 0, 0], "texture": "#0"},
				"east": {"uv": [7.5, 0.5, 8.5, 4.5], "texture": "#0"},
				"south": {"uv": [0.5, 9, 4.5, 13], "texture": "#0"},
				"west": {"uv": [7.5, 0.5, 8.5, 4.5], "rotation": 180, "texture": "#0"},
				"up": {"uv": [7.5, 0.5, 8.5, 4.5], "rotation": 270, "texture": "#0"},
				"down": {"uv": [7.5, 0.5, 8.5, 4.5], "rotation": 90, "texture": "#0"}
			}
		},
		{
			"name": "E",
			"from": [10, 1, 6],
			"to": [11, 5, 10],
			"rotation": {"angle": 0, "axis": "y", "origin": [8, -6, 8]},
			"faces": {
				"north": {"uv": [7.5, 0.5, 8.5, 4.5], "texture": "#0"},
				"east": {"uv": [0.5, 9, 4.5, 13], "texture": "#0"},
				"south": {"uv": [7.5, 0.5, 8.5, 4.5], "rotation": 180, "texture": "#0"},
				"west": {"uv": [0, 0, 0, 0], "texture": "#0"},
				"up": {"uv": [7.5, 0.5, 8.5, 4.5], "rotation": 180, "texture": "#0"},
				"down": {"uv": [7.5, 0.5, 8.5, 4.5], "rotation": 180, "texture": "#0"}
			}
		},
		{
			"name": "W",
			"from": [5, 1, 6],
			"to": [6, 5, 10],
			"rotation": {"angle": 0, "axis": "y", "origin": [8, -6, 8]},
			"faces": {
				"north": {"uv": [7.5, 0.5, 8.5, 4.5], "rotation": 180, "texture": "#0"},
				"south": {"uv": [7.5, 0.5, 8.5, 4.5], "texture": "#0"},
				"west": {"uv": [0.5, 9, 4.5, 13], "texture": "#0"},
				"up": {"uv": [7.5, 0.5, 8.5, 4.5], "texture": "#0"},
				"down": {"uv": [7.5, 0.5, 8.5, 4.5], "texture": "#0"}
			}
		},
		{
			"name": "Up",
			"from": [6, 5, 6],
			"to": [10, 6, 10],
			"rotation": {"angle": 0, "axis": "y", "origin": [8, -2, 8]},
			"faces": {
				"north": {"uv": [7.5, 0.5, 8.5, 4.5], "rotation": 90, "texture": "#0"},
				"east": {"uv": [7.5, 0.5, 8.5, 4.5], "rotation": 90, "texture": "#0"},
				"south": {"uv": [7.5, 0.5, 8.5, 4.5], "rotation": 90, "texture": "#0"},
				"west": {"uv": [7.5, 0.5, 8.5, 4.5], "rotation": 90, "texture": "#0"},
				"up": {"uv": [4, 9, 8, 13], "texture": "#0"}
			}
		},
		{
			"name": "Tube",
			"from": [7, 6, 7],
			"to": [9, 9, 9],
			"rotation": {"angle": 0, "axis": "y", "origin": [8, -1, 8]},
			"faces": {
				"north": {"uv": [6.5, 2, 9.5, 4], "rotation": 90, "texture": "#0"},
				"east": {"uv": [6.5, 2, 9.5, 4], "rotation": 90, "texture": "#0"},
				"south": {"uv": [6.5, 2, 9.5, 4], "rotation": 90, "texture": "#0"},
				"west": {"uv": [6.5, 2, 9.5, 4], "rotation": 90, "texture": "#0"},
				"up": {"uv": [0, 0, 2, 2], "texture": "#0"}
			}
		},
		{
			"name": "S",
			"from": [7, 9, 6],
			"to": [9, 10, 8],
			"rotation": {"angle": 0, "axis": "y", "origin": [8, 2, 8]},
			"faces": {
				"north": {"uv": [10.5, 0.5, 11.5, 2.5], "rotation": 90, "texture": "#0"},
				"east": {"uv": [7.5, 5, 9.5, 6], "texture": "#0"},
				"south": {"uv": [6, 2, 7, 4], "rotation": 90, "texture": "#0"},
				"west": {"uv": [7.5, 5, 8.5, 6], "rotation": 270, "texture": "#0"},
				"up": {"uv": [6, 2, 8, 4], "rotation": 270, "texture": "#0"},
				"down": {"uv": [6.5, 2, 8.5, 4], "rotation": 90, "texture": "#0"}
			}
		},
		{
			"name": "S",
			"from": [7, 6, 6],
			"to": [9, 7, 7],
			"rotation": {"angle": 0, "axis": "y", "origin": [8, -1, 8]},
			"faces": {
				"north": {"uv": [10.5, 0.5, 11.5, 2.5], "rotation": 90, "texture": "#0"},
				"east": {"uv": [7.5, 5, 8.5, 6], "texture": "#0"},
				"south": {"uv": [6, 2, 7, 4], "rotation": 90, "texture": "#0"},
				"west": {"uv": [7.5, 5, 8.5, 6], "rotation": 270, "texture": "#0"},
				"up": {"uv": [6, 2, 7, 4], "rotation": 270, "texture": "#0"},
				"down": {"uv": [6.5, 2, 7.5, 4], "rotation": 90, "texture": "#0"}
			}
		},
		{
			"name": "E",
			"from": [9, 7, 6],
			"to": [10, 9, 8],
			"rotation": {"angle": 0, "axis": "y", "origin": [8, 0, 8]},
			"faces": {
				"north": {"uv": [7.5, 5, 8.5, 6], "texture": "#0"},
				"east": {"uv": [6, 2, 7, 4], "rotation": 90, "texture": "#0"},
				"south": {"uv": [7.5, 5, 8.5, 6], "rotation": 270, "texture": "#0"},
				"west": {"uv": [10.5, 0.5, 12.5, 4.5], "rotation": 90, "texture": "#0"},
				"up": {"uv": [6, 2, 7, 4], "rotation": 180, "texture": "#0"},
				"down": {"uv": [6.5, 2, 7.5, 4], "rotation": 180, "texture": "#0"}
			}
		},
		{
			"name": "W",
			"from": [6, 7, 6],
			"to": [7, 9, 8],
			"rotation": {"angle": 0, "axis": "y", "origin": [8, 0, 8]},
			"faces": {
				"north": {"uv": [7.5, 5, 9.5, 6], "rotation": 270, "texture": "#0"},
				"east": {"uv": [10.5, 0.5, 12.5, 2.5], "rotation": 90, "texture": "#0"},
				"south": {"uv": [7.5, 5, 8.5, 7], "texture": "#0"},
				"west": {"uv": [6, 2, 8, 4], "rotation": 90, "texture": "#0"},
				"up": {"uv": [6, 2, 7, 4], "texture": "#0"},
				"down": {"uv": [6.5, 2, 7.5, 4], "texture": "#0"}
			}
		},
		{
			"name": "Content",
			"from": [6, 1, 6],
			"to": [10, 4, 10],
			"rotation": {"angle": 0, "axis": "y", "origin": [8, 0, 8]},
			"faces": {
				"north": {"uv": [12, 4, 16, 7], "texture": "#layer0", "cullface": "north", "tintindex": 0},
				"east": {"uv": [12, 4, 16, 7], "texture": "#layer0", "cullface": "east", "tintindex": 0},
				"south": {"uv": [12, 4, 16, 7], "texture": "#layer0", "cullface": "south", "tintindex": 0},
				"west": {"uv": [12, 4, 16, 7], "texture": "#layer0", "cullface": "west", "tintindex": 0},
				"up": {"uv": [12, 3, 16, 7], "texture": "#layer0", "cullface": "up", "tintindex": 0},
				"down": {"uv": [12, 3, 16, 7], "texture": "#layer0", "cullface": "down", "tintindex": 0}
			}
		}
	],
	"display": {
		"thirdperson_righthand": {
			"translation": [0, 0, -0.25],
			"scale": [0.5, 0.5, 0.5]
		},
		"thirdperson_lefthand": {
			"translation": [0, 0, -0.25],
			"scale": [0.5, 0.5, 0.5]
		},
		"firstperson_righthand": {
			"translation": [0.5, 4.25, 1]
		},
		"firstperson_lefthand": {
			"translation": [0.5, 4.25, 1]
		},
		"ground": {
			"scale": [0.75, 0.75, 0.75]
		},
		"gui": {
			"rotation": [35, -37, 10],
			"translation": [-0.75, 4.25, 0],
			"scale": [1.25, 1.25, 1.25]
		},
		"head": {
			"rotation": [121, 0, 0],
			"translation": [0, -3.5, -6.5]
		},
		"fixed": {
			"rotation": [-22, 0, 0],
			"translation": [0, 4.25, -2.75],
			"scale": [1.25, 1.25, 1.25]
		}
	},
	"groups": [0,
		{
			"name": "bottle",
			"origin": [17, 15, 15],
			"color": 0,
			"children": [1,
				{
					"name": "sides",
					"origin": [13, 9, 15],
					"color": 0,
					"children": [2, 3, 4, 5]
				}, 6, 7,
				{
					"name": "neck",
					"origin": [17, 15, 15],
					"color": 0,
					"children": [8, 9, 10, 11]
				}
			]
		}, 12]
}