{
  "credit": "Made_by_Sawors",
  "textures": {
    "2": "item/oak_planks",
    "4": "item/experience_intern"
  },
  "elements": [
    {
      "name": "Cap",
      "from": [
        7,
        7,
        7
      ],
      "to": [
        9,
        9,
        9
      ],
      "rotation": {
        "angle": 0,
        "axis": "y",
        "origin": [
          14,
          15,
          15
        ]
      },
      "faces": {
        "north": {
          "uv": [
            0,
            0,
            2,
            2
          ],
          "texture": "#2",
          "cullface": "north"
        },
        "east": {
          "uv": [
            0,
            0,
            2,
            2
          ],
          "texture": "#2",
          "cullface": "east"
        },
        "south": {
          "uv": [
            0,
            0,
            2,
            2
          ],
          "texture": "#2",
          "cullface": "south"
        },
        "west": {
          "uv": [
            0,
            0,
            2,
            2
          ],
          "texture": "#2",
          "cullface": "west"
        },
        "up": {
          "uv": [
            0,
            0,
            2,
            2
          ],
          "texture": "#2",
          "cullface": "up"
        },
        "down": {
          "uv": [
            0,
            0,
            2,
            2
          ],
          "texture": "#2",
          "cullface": "down"
        }
      }
    },
    {
      "name": "Down",
      "from": [
        6,
        0,
        6
      ],
      "to": [
        10,
        1,
        10
      ],
      "rotation": {
        "angle": 0,
        "axis": "y",
        "origin": [
          8,
          0.5,
          8
        ]
      },
      "faces": {
        "north": {
          "uv": [
            7,
            0,
            8,
            4
          ],
          "rotation": 270,
          "texture": "#4"
        },
        "east": {
          "uv": [
            7,
            0,
            8,
            4
          ],
          "rotation": 270,
          "texture": "#4"
        },
        "south": {
          "uv": [
            7,
            0,
            8,
            4
          ],
          "rotation": 270,
          "texture": "#4"
        },
        "west": {
          "uv": [
            7,
            0,
            8,
            4
          ],
          "rotation": 270,
          "texture": "#4"
        },
        "up": {
          "uv": [
            0,
            0,
            0,
            0
          ],
          "texture": "#4"
        },
        "down": {
          "uv": [
            7,
            0,
            11,
            4
          ],
          "texture": "#4"
        }
      }
    },
    {
      "name": "N",
      "from": [
        6,
        1,
        5
      ],
      "to": [
        10,
        5,
        6
      ],
      "rotation": {
        "angle": 0,
        "axis": "y",
        "origin": [
          17,
          9,
          13
        ]
      },
      "faces": {
        "north": {
          "uv": [
            7,
            0,
            11,
            4
          ],
          "texture": "#4"
        },
        "east": {
          "uv": [
            7,
            0,
            8,
            4
          ],
          "rotation": 180,
          "texture": "#4"
        },
        "west": {
          "uv": [
            7,
            0,
            8,
            4
          ],
          "texture": "#4"
        },
        "up": {
          "uv": [
            7,
            0,
            8,
            4
          ],
          "rotation": 90,
          "texture": "#4"
        },
        "down": {
          "uv": [
            7.5,
            0.5,
            8.5,
            4.5
          ],
          "rotation": 270,
          "texture": "#4"
        }
      }
    },
    {
      "name": "S",
      "from": [
        6,
        1,
        10
      ],
      "to": [
        10,
        5,
        11
      ],
      "rotation": {
        "angle": 0,
        "axis": "y",
        "origin": [
          17,
          9,
          18
        ]
      },
      "faces": {
        "east": {
          "uv": [
            7,
            0,
            8,
            4
          ],
          "texture": "#4"
        },
        "south": {
          "uv": [
            7,
            0,
            11,
            4
          ],
          "texture": "#4"
        },
        "west": {
          "uv": [
            7,
            0,
            8,
            4
          ],
          "rotation": 180,
          "texture": "#4"
        },
        "up": {
          "uv": [
            7.5,
            0.5,
            8.5,
            4.5
          ],
          "rotation": 270,
          "texture": "#4"
        },
        "down": {
          "uv": [
            7.5,
            0.5,
            8.5,
            4.5
          ],
          "rotation": 90,
          "texture": "#4"
        }
      }
    },
    {
      "name": "E",
      "from": [
        10,
        1,
        6
      ],
      "to": [
        11,
        5,
        10
      ],
      "rotation": {
        "angle": 0,
        "axis": "y",
        "origin": [
          18,
          9,
          15
        ]
      },
      "faces": {
        "north": {
          "uv": [
            7.5,
            0.5,
            8.5,
            4.5
          ],
          "texture": "#4"
        },
        "east": {
          "uv": [
            7,
            0,
            11,
            4
          ],
          "texture": "#4"
        },
        "south": {
          "uv": [
            7.5,
            0.5,
            8.5,
            4.5
          ],
          "rotation": 180,
          "texture": "#4"
        },
        "up": {
          "uv": [
            7.5,
            0.5,
            8.5,
            4.5
          ],
          "rotation": 180,
          "texture": "#4"
        },
        "down": {
          "uv": [
            7.5,
            0.5,
            8.5,
            4.5
          ],
          "rotation": 180,
          "texture": "#4"
        }
      }
    },
    {
      "name": "W",
      "from": [
        5,
        1,
        6
      ],
      "to": [
        6,
        5,
        10
      ],
      "rotation": {
        "angle": 0,
        "axis": "y",
        "origin": [
          13,
          9,
          15
        ]
      },
      "faces": {
        "north": {
          "uv": [
            7,
            0,
            8,
            4
          ],
          "rotation": 180,
          "texture": "#4"
        },
        "south": {
          "uv": [
            7,
            0,
            8,
            4
          ],
          "texture": "#4"
        },
        "west": {
          "uv": [
            7,
            0,
            11,
            4
          ],
          "texture": "#4"
        },
        "up": {
          "uv": [
            7,
            0,
            8,
            4
          ],
          "texture": "#4"
        },
        "down": {
          "uv": [
            7,
            0,
            8,
            4
          ],
          "texture": "#4"
        }
      }
    },
    {
      "name": "Up",
      "from": [
        6,
        5,
        6
      ],
      "to": [
        10,
        6,
        10
      ],
      "rotation": {
        "angle": 0,
        "axis": "y",
        "origin": [
          14,
          13,
          15
        ]
      },
      "faces": {
        "north": {
          "uv": [
            7,
            0,
            8,
            4
          ],
          "rotation": 90,
          "texture": "#4"
        },
        "east": {
          "uv": [
            7,
            0,
            8,
            4
          ],
          "rotation": 90,
          "texture": "#4"
        },
        "south": {
          "uv": [
            7,
            0,
            8,
            4
          ],
          "rotation": 90,
          "texture": "#4"
        },
        "west": {
          "uv": [
            7,
            0,
            8,
            4
          ],
          "rotation": 90,
          "texture": "#4"
        },
        "up": {
          "uv": [
            7,
            0,
            11,
            4
          ],
          "texture": "#4"
        }
      }
    },
    {
      "name": "Tube",
      "from": [
        7,
        6,
        7
      ],
      "to": [
        9,
        7,
        9
      ],
      "rotation": {
        "angle": 0,
        "axis": "y",
        "origin": [
          14,
          14,
          15
        ]
      },
      "faces": {
        "north": {
          "uv": [
            7,
            0,
            8,
            2
          ],
          "rotation": 90,
          "texture": "#4"
        },
        "east": {
          "uv": [
            7,
            0,
            8,
            2
          ],
          "rotation": 90,
          "texture": "#4"
        },
        "south": {
          "uv": [
            7,
            0,
            8,
            2
          ],
          "rotation": 90,
          "texture": "#4"
        },
        "west": {
          "uv": [
            7,
            0,
            8,
            2
          ],
          "rotation": 90,
          "texture": "#4"
        }
      }
    },
    {
      "name": "N",
      "from": [
        7,
        7,
        6
      ],
      "to": [
        9,
        8,
        7
      ],
      "rotation": {
        "angle": 0,
        "axis": "y",
        "origin": [
          15,
          15,
          14
        ]
      },
      "faces": {
        "north": {
          "uv": [
            7,
            0,
            8,
            2
          ],
          "rotation": 90,
          "texture": "#4"
        },
        "east": {
          "uv": [
            7,
            0,
            8,
            1
          ],
          "rotation": 270,
          "texture": "#4"
        },
        "south": {
          "uv": [
            7,
            0,
            8,
            2
          ],
          "rotation": 90,
          "texture": "#4"
        },
        "west": {
          "uv": [
            7,
            0,
            8,
            1
          ],
          "texture": "#4"
        },
        "up": {
          "uv": [
            7,
            0,
            8,
            2
          ],
          "rotation": 90,
          "texture": "#4"
        },
        "down": {
          "uv": [
            7,
            0,
            8,
            2
          ],
          "rotation": 270,
          "texture": "#4"
        }
      }
    },
    {
      "name": "S",
      "from": [
        7,
        7,
        9
      ],
      "to": [
        9,
        8,
        10
      ],
      "rotation": {
        "angle": 0,
        "axis": "y",
        "origin": [
          15,
          15,
          17
        ]
      },
      "faces": {
        "north": {
          "uv": [
            7,
            0,
            8,
            2
          ],
          "rotation": 90,
          "texture": "#4"
        },
        "east": {
          "uv": [
            7,
            0,
            8,
            1
          ],
          "texture": "#4"
        },
        "south": {
          "uv": [
            7,
            0,
            8,
            2
          ],
          "rotation": 90,
          "texture": "#4"
        },
        "west": {
          "uv": [
            7,
            0,
            8,
            1
          ],
          "rotation": 270,
          "texture": "#4"
        },
        "up": {
          "uv": [
            7,
            0,
            8,
            2
          ],
          "rotation": 270,
          "texture": "#4"
        },
        "down": {
          "uv": [
            7,
            0,
            8,
            2
          ],
          "rotation": 90,
          "texture": "#4"
        }
      }
    },
    {
      "name": "E",
      "from": [
        9,
        7,
        7
      ],
      "to": [
        10,
        8,
        9
      ],
      "rotation": {
        "angle": 0,
        "axis": "y",
        "origin": [
          17,
          15,
          15
        ]
      },
      "faces": {
        "north": {
          "uv": [
            7,
            0,
            8,
            1
          ],
          "texture": "#4"
        },
        "east": {
          "uv": [
            7,
            0,
            8,
            2
          ],
          "rotation": 90,
          "texture": "#4"
        },
        "south": {
          "uv": [
            7,
            0,
            8,
            1
          ],
          "rotation": 270,
          "texture": "#4"
        },
        "west": {
          "uv": [
            7,
            0,
            8,
            2
          ],
          "rotation": 90,
          "texture": "#4"
        },
        "up": {
          "uv": [
            7,
            0,
            8,
            2
          ],
          "rotation": 180,
          "texture": "#4"
        },
        "down": {
          "uv": [
            7,
            0,
            8,
            2
          ],
          "rotation": 180,
          "texture": "#4"
        }
      }
    },
    {
      "name": "W",
      "from": [
        6,
        7,
        7
      ],
      "to": [
        7,
        8,
        9
      ],
      "rotation": {
        "angle": 0,
        "axis": "y",
        "origin": [
          14,
          15,
          15
        ]
      },
      "faces": {
        "north": {
          "uv": [
            7,
            0,
            8,
            1
          ],
          "rotation": 270,
          "texture": "#4"
        },
        "east": {
          "uv": [
            7,
            0,
            8,
            2
          ],
          "rotation": 90,
          "texture": "#4"
        },
        "south": {
          "uv": [
            7,
            0,
            8,
            1
          ],
          "texture": "#4"
        },
        "west": {
          "uv": [
            7,
            0,
            8,
            2
          ],
          "rotation": 90,
          "texture": "#4"
        },
        "up": {
          "uv": [
            7,
            0,
            8,
            2
          ],
          "texture": "#4"
        },
        "down": {
          "uv": [
            7,
            0,
            8,
            2
          ],
          "texture": "#4"
        }
      }
    },
    {
      "name": "XP",
      "from": [
        6,
        1,
        6
      ],
      "to": [
        10,
        5,
        10
      ],
      "rotation": {
        "angle": 0,
        "axis": "y",
        "origin": [
          14,
          9,
          14
        ]
      },
      "faces": {
        "north": {
          "uv": [
            2,
            2,
            6,
            6
          ],
          "texture": "#4",
          "cullface": "north"
        },
        "east": {
          "uv": [
            2,
            2,
            6,
            6
          ],
          "rotation": 180,
          "texture": "#4",
          "cullface": "east"
        },
        "south": {
          "uv": [
            2,
            2,
            6,
            6
          ],
          "texture": "#4",
          "cullface": "south"
        },
        "west": {
          "uv": [
            2,
            2,
            6,
            6
          ],
          "rotation": 90,
          "texture": "#4",
          "cullface": "west"
        },
        "up": {
          "uv": [
            2,
            2,
            6,
            6
          ],
          "texture": "#4",
          "cullface": "up"
        },
        "down": {
          "uv": [
            2,
            2,
            6,
            6
          ],
          "texture": "#4",
          "cullface": "down"
        }
      }
    }
  ],
  "display": {
    "thirdperson_righthand": {
      "translation": [
        0,
        0,
        -0.25
      ],
      "scale": [
        0.5,
        0.5,
        0.5
      ]
    },
    "thirdperson_lefthand": {
      "translation": [
        0,
        0,
        -0.25
      ],
      "scale": [
        0.5,
        0.5,
        0.5
      ]
    },
    "firstperson_righthand": {
      "translation": [
        0.5,
        4.25,
        1
      ]
    },
    "firstperson_lefthand": {
      "translation": [
        0.5,
        4.25,
        1
      ]
    },
    "ground": {
      "translation": [
        0,
        4.5,
        0
      ],
      "scale": [
        0.75,
        0.75,
        0.75
      ]
    },
    "gui": {
      "rotation": [
        35,
        -37,
        10
      ],
      "translation": [
        -0.75,
        4.25,
        0
      ],
      "scale": [
        1.25,
        1.25,
        1.25
      ]
    },
    "head": {
      "rotation": [
        121,
        0,
        0
      ],
      "translation": [
        0,
        -3.5,
        -6.5
      ]
    },
    "fixed": {
      "rotation": [
        -22,
        0,
        0
      ],
      "translation": [
        0,
        4.25,
        -2.75
      ],
      "scale": [
        1.25,
        1.25,
        1.25
      ]
    }
  },
  "groups": [
    0,
    {
      "name": "bottle",
      "origin": [
        17,
        15,
        15
      ],
      "children": [
        1,
        {
          "name": "sides",
          "origin": [
            13,
            9,
            15
          ],
          "children": [
            2,
            3,
            4,
            5
          ]
        },
        6,
        7,
        {
          "name": "neck",
          "origin": [
            17,
            15,
            15
          ],
          "children": [
            8,
            9,
            10,
            11
          ]
        }
      ]
    },
    12
  ]
}
